segment_id,lat,lon,hour_of_day,lighting_score,crime_reports_30d,foot_traffic,sidewalk_present,past_accidents_1y,avg_speed_limit,cctv_present,safety_score,risk_level
SEG100000,23.04256758267058,72.57654649809282,23,7.2072838666712835,3,9.215960230170907,1,0,20,0,67.3,Medium
SEG100001,23.024138314186363,72.55321251373329,13,7.112377614746704,0,8.395266613690277,0,2,30,0,73.0,Low
SEG100002,23.047222885595126,72.58537141062352,0,2.026950310833242,9,5.76284972672441,1,4,30,1,1.8,High
SEG100003,23.038355241598264,72.5456635154171,21,0.36655395168237126,2,9.782881051012499,0,0,80,1,36.4,High
SEG100004,23.00517975413382,72.56499557685564,22,3.0379952180706926,3,8.824676416526259,1,2,30,1,39.3,High
SEG100005,23.05365922934002,72.5419690491147,6,1.571363048589508,3,2.2264178334901974,1,4,60,1,19.5,High
SEG100006,23.04186268360947,72.56219454006508,9,3.9578847921569404,4,9.54035686941292,0,0,50,0,63.5,Medium
SEG100007,23.043233536790233,72.53991032308359,0,9.793461191526042,2,4.429594039964893,0,0,60,1,58.2,Medium
SEG100008,23.007046249797156,72.54050261058416,19,1.8107137090522096,4,1.548659119347221,0,1,50,1,31.0,High
SEG100009,23.024771226584257,72.56979451950772,18,3.1887394342296895,3,2.0008975645313876,1,2,80,1,27.8,High
SEG100010,23.02039389133279,72.54714609274143,0,7.2511431631957235,5,6.841945279627867,0,3,20,0,38.5,High
SEG100011,23.050972074386674,72.54120386972667,16,5.091827828619216,0,9.875584131524992,0,1,40,0,72.0,Low
SEG100012,23.035412581604437,72.59043493625877,9,0.43928143573384926,4,4.452716944258749,1,3,30,1,29.3,High
SEG100013,23.045251888729897,72.53279521129811,13,1.6169001816132167,0,5.731347318566926,1,1,30,0,61.3,Medium
SEG100014,23.024387780935502,72.56673462732523,5,9.352495547731959,2,3.0023958887698643,0,0,40,0,68.2,Medium
SEG100015,23.012498129698162,72.56563714971917,19,1.0316499273902846,0,8.454575179349842,1,4,40,0,49.9,Medium
SEG100016,23.03050216328587,72.5462895768362,9,6.350927872097057,1,1.1515595634083098,0,1,80,0,44.8,High
SEG100017,23.00350994908573,72.55943016343234,20,7.923256488409115,3,5.822473531243265,0,2,30,1,46.7,Medium
SEG100018,23.04551971445959,72.53570295590038,3,2.654390627249239,6,5.862204843285147,0,1,60,1,26.1,High
SEG100019,23.034741541951714,72.57688255948506,14,7.250780031386901,2,0.011397380900641796,0,2,30,1,47.3,Medium
SEG100020,23.041694825704695,72.5444103146445,7,1.6989517903018025,1,9.405623868480633,1,0,50,0,63.0,Medium
SEG100021,23.019498928247142,72.54257004838873,23,2.847502748337903,3,9.743423853769857,1,2,30,0,39.7,High
SEG100022,23.05338839134172,72.55046710108803,13,3.1182203088420746,2,4.674734399377929,1,0,80,1,63.0,Medium
SEG100023,23.04912166167272,72.5886540448171,17,9.964349905642235,1,7.256415826431425,1,1,40,0,83.6,Low
SEG100024,23.042811092339058,72.58177033213843,2,2.1457229521795727,0,8.487119416798114,1,0,20,0,57.5,Medium
SEG100025,23.010705128931857,72.59154799892369,16,1.2920746463358501,1,1.1670498017449549,0,3,60,1,27.4,High
SEG100026,23.025669655204986,72.57237755249216,2,9.256914374814103,4,0.8461889821786117,1,1,30,1,45.0,Medium
SEG100027,23.002409207118298,72.57308989821709,8,1.6193069382035274,2,6.893098199109547,0,2,60,0,39.8,High
SEG100028,23.008485922063716,72.5612020149627,5,8.792799196294053,2,5.594923122564306,1,0,20,1,72.8,Low
SEG100029,23.037567692428336,72.58883711101885,0,6.5045662764669,4,6.793936751994114,1,0,30,1,51.6,Medium
SEG100030,23.04096191857493,72.56320701470257,14,5.768614980705188,2,5.719965077217662,0,0,30,1,69.5,Medium
SEG100031,23.053213035283882,72.55307890460168,5,7.513387115465768,4,7.263917726908736,1,0,50,0,54.2,Medium
SEG100032,23.017920394697597,72.57162437564465,12,7.259989571480501,1,1.549092583248629,1,1,50,0,54.9,Medium
SEG100033,23.020375283831918,72.56549906707106,18,1.1052618941831371,1,2.1561813909342478,1,0,40,1,46.8,Medium
SEG100034,23.02582556962017,72.53806128799515,4,9.994661104066891,2,2.370231660305726,1,1,20,0,62.1,Medium
SEG100035,23.010420924749635,72.55552715190431,17,9.418897264487287,2,4.165200986968786,0,2,40,0,58.0,Medium
SEG100036,23.00714568279345,72.55036615172114,7,8.965919628619162,4,7.595603388152817,1,0,40,1,77.5,Low
SEG100037,23.026163770942425,72.58504419537573,7,6.222891339424068,5,8.313968113450777,1,0,30,1,73.2,Low
SEG100038,23.0124800141978,72.55462476620325,13,5.227913313323142,3,4.012966048470542,0,2,40,1,37.3,High
SEG100039,23.036839769707537,72.58340109012153,15,5.3627858388166825,2,6.020497796920025,1,1,40,1,68.1,Medium
SEG100040,23.024043355537977,72.55875532360356,15,0.1493694422823244,4,2.9517840046427146,1,0,40,1,45.3,Medium
SEG100041,23.045797300783182,72.57897753662397,4,4.994695019454429,4,4.757769054341587,0,0,40,0,36.5,High
SEG100042,23.038514580610123,72.53879332535323,13,6.237695676599198,1,9.409105287560507,1,1,30,0,72.3,Low
SEG100043,23.017180165276013,72.5901022642778,6,6.5870620877494845,6,2.692859065282436,1,1,60,1,38.9,High
SEG100044,23.045774289076736,72.56123639290193,6,3.3213946505131298,3,7.879436691548568,0,2,50,1,45.5,Medium
SEG100045,23.044262039662325,72.5468868859657,22,4.712823502935494,3,0.42194214762939275,0,1,50,0,16.2,High
SEG100046,23.02131131084666,72.54569682441371,2,6.363106066625744,3,3.4524295845856323,0,0,50,0,43.0,High
SEG100047,23.015858045716165,72.54723002375738,9,4.283055102751817,2,6.587812726318704,0,2,40,1,54.4,Medium
SEG100048,23.037537252718625,72.55383707123967,10,9.62135198983525,3,7.760009585845285,1,0,80,0,69.2,Medium
SEG100049,23.00768638659851,72.57663876962391,5,7.054421098520002,3,5.921852121302548,1,1,30,1,63.1,Medium
SEG100050,23.01099495113613,72.59172419778855,18,0.012737462508904951,2,8.69222134925852,0,3,40,1,38.1,High
SEG100051,23.000404924836307,72.57348743295803,11,0.23279481482253006,3,8.207858258834426,1,2,50,0,47.7,Medium
SEG100052,23.043280840762616,72.56556580761136,17,6.903002034683744,5,6.175050335811272,1,1,60,0,48.9,Medium
SEG100053,23.036566797112563,72.55915885752111,9,4.126450975455027,3,3.481229982576739,1,1,40,1,49.3,Medium
SEG100054,23.038784095824447,72.58383264035744,21,8.394709492122663,4,3.6371051804894905,1,4,60,1,25.6,High
SEG100055,23.042940096706207,72.58522771815899,17,1.7301540948626204,2,6.150969161203632,1,2,40,0,47.2,Medium
SEG100056,23.025240367654607,72.54904744883814,7,0.1382691405229186,2,6.565516946425834,0,0,30,1,49.5,Medium
SEG100057,23.03128076577741,72.59197231616247,23,3.880823501137123,0,3.9458676242529025,0,2,60,0,36.0,High
SEG100058,23.00768883489702,72.55568249860842,20,7.360641043074489,1,3.9751739341649173,0,1,40,0,60.8,Medium
SEG100059,23.006299154044477,72.58200507449745,14,9.717277333775685,4,1.7677972265106279,0,1,60,0,45.4,Medium
SEG100060,23.036762162898476,72.59284329207534,0,8.836538793510554,3,0.0028752278650090446,1,0,50,0,46.8,Medium
SEG100061,23.025910291337873,72.57573777655561,14,4.8407461193713885,2,4.614915229835509,1,1,20,0,67.2,Medium
SEG100062,23.031087985856466,72.54050079721932,16,8.128172831963665,2,8.308412513470813,1,1,60,0,69.4,Medium
SEG100063,23.04207493715788,72.5680989020863,8,0.7033045786761405,3,7.665412513652981,0,1,30,1,49.9,Medium
SEG100064,23.034909507600034,72.53772051300122,3,5.7227234758488335,1,9.939403380904949,1,1,50,1,70.3,Low
SEG100065,23.03044686703619,72.58129423259147,13,9.242984130144702,3,6.69405779355967,1,1,50,1,68.4,Medium
SEG100066,23.030756393841,72.54828548630181,19,3.9638514749073996,0,2.3391298603885167,1,0,50,0,65.7,Medium
SEG100067,23.016717255393445,72.5751889634989,7,9.601006296631155,0,6.773488018254894,0,1,60,0,80.3,Low
SEG100068,23.001694980901238,72.58915582881846,10,2.206850967291053,2,8.284787925969523,1,2,40,0,57.7,Medium
SEG100069,23.02401945640778,72.54176564029356,0,1.0563380953339352,3,6.409970103480013,0,1,30,0,24.7,High
SEG100070,23.011802157005075,72.55553575950907,16,5.247623360817011,2,4.8172422060787765,1,1,40,0,54.6,Medium
SEG100071,23.022469075404853,72.57206272122478,20,9.072468719812242,1,6.185124778200065,0,2,50,0,65.1,Medium
SEG100072,23.04693716902975,72.55727780853262,18,3.112792187447442,2,0.2580261045716692,1,1,30,0,44.8,High
SEG100073,23.012866671722595,72.54136323120561,10,8.001603193989524,3,2.651125071643914,0,1,30,1,59.9,Medium
SEG100074,23.003206650792897,72.53188965492097,1,1.6919726588028094,2,1.5773729504460587,1,0,40,1,38.8,High
SEG100075,23.015476114061208,72.55642887934063,11,7.455703960009395,5,4.134154354667404,0,0,60,1,52.9,Medium
SEG100076,23.016147656677166,72.57219858672782,22,5.5702694138743105,7,8.930365385727946,0,5,40,1,0.0,High
SEG100077,23.036405408309978,72.56730897352992,2,1.7501697539437222,3,1.8794947564024733,1,1,60,1,30.7,High
SEG100078,23.03063676837877,72.54015568058445,5,7.180872494376086,3,0.7098461021221925,0,1,40,1,46.5,Medium
SEG100079,23.04311440150085,72.55929507385137,20,7.137561134564273,1,7.769219397291077,0,2,60,0,58.2,Medium
SEG100080,23.036537244718005,72.55401561800178,13,5.154352291434403,3,8.679030196167494,1,1,50,0,62.6,Medium
SEG100081,23.022351277379205,72.54782315614906,4,2.2546763764267466,4,5.313948190322442,1,4,30,0,24.9,High
SEG100082,23.044771121156632,72.57740263085093,0,1.3229389224499655,1,3.7656657181913333,0,2,40,0,26.9,High
SEG100083,23.009183510594923,72.55012738195177,9,9.572550484597892,4,4.305349720983362,1,0,80,0,61.7,Medium
SEG100084,23.00124916402236,72.56510922690164,14,6.558125382591552,4,6.589917137562411,1,1,80,0,59.9,Medium
SEG100085,23.00495263234266,72.59000952979252,20,8.09241483573384,1,8.312514825330164,1,1,40,1,95.7,Low
SEG100086,23.039729764282804,72.56505293884648,21,6.969705290502416,2,1.8944042945065565,0,0,60,1,41.8,High
SEG100087,23.025403247663824,72.57010648916044,10,8.29473665192289,1,9.022583360271142,1,1,60,1,81.7,Low
SEG100088,23.008869947846847,72.53476098910089,10,1.6249081974892343,4,6.573900760589273,1,0,30,0,55.8,Medium
SEG100089,23.027557462630686,72.5415787193432,22,4.969502245470444,3,7.382905470899914,1,0,40,1,61.1,Medium
SEG100090,23.008377165649225,72.53656182795437,18,6.6712477050229335,2,0.869122680522677,1,1,50,1,62.0,Medium
SEG100091,23.038297620629276,72.57971284164313,5,1.0338989989521796,2,9.183446933032423,1,0,20,1,46.2,Medium
SEG100092,23.02453859515657,72.5843348702596,16,1.499569493284083,1,5.281945871060197,0,1,50,0,36.3,High
SEG100093,23.020956167435305,72.54211959405765,17,6.339825942509465,0,3.621071117005621,0,3,30,0,63.4,Medium
SEG100094,23.016583164903132,72.54425266381,5,8.687058042538201,0,3.9893734647073176,1,0,40,1,79.7,Low
SEG100095,23.03466554262154,72.55100847381703,23,6.6041617894159765,1,2.9303403107294934,0,1,30,0,50.0,Medium
SEG100096,23.019899693580438,72.568420045102,7,0.36204813456075624,3,1.629724265061241,0,1,50,0,19.5,High
SEG100097,23.004820745562384,72.570416752597,13,9.704329170903229,2,0.34658882471783725,1,1,30,1,68.3,Medium
SEG100098,23.006490324616628,72.5746390073052,11,1.3950690090624507,2,2.64408165061339,1,1,40,0,46.4,Medium
SEG100099,23.052904371550223,72.58883752915388,16,2.3256223355248973,3,4.966117089386962,1,0,30,0,47.5,Medium
SEG100100,23.049971937988918,72.54917760913227,21,9.749672819047243,2,6.667606187461937,1,1,20,1,70.9,Low
SEG100101,23.03848389235959,72.57281933429844,9,7.710329966533749,2,7.3334650428920645,1,2,60,0,65.1,Medium
SEG100102,23.014622847880272,72.56638198497555,9,9.365766803785066,2,5.956040806988914,0,1,30,0,73.6,Low
SEG100103,23.053304700754126,72.54987942062682,18,8.066196928080297,1,1.160621566637119,1,1,30,0,64.1,Medium
SEG100104,23.04283129971812,72.58898198712859,22,6.5173447500320005,4,4.315485720400716,1,2,20,1,50.0,Medium
SEG100105,23.039428960403743,72.53620642177735,21,2.84552998863006,6,6.674056012669007,0,1,40,1,30.5,High
SEG100106,23.024714882617907,72.57628006674409,18,3.2688144169952538,1,7.431756970907931,0,1,30,0,51.2,Medium
SEG100107,23.014973285901483,72.57731179134647,16,9.472710730443698,3,3.245068283265764,0,2,40,0,61.2,Medium
SEG100108,23.005301502918442,72.58949622429985,18,8.606256161556447,3,9.284413484690562,1,2,50,0,73.6,Low
SEG100109,23.049643131809912,72.56370773850284,22,3.5949044844232647,0,7.9538153331227415,1,1,20,1,68.8,Medium
SEG100110,23.025067695940848,72.55090545198425,0,3.732674176207038,3,8.517309308360282,1,0,30,1,58.7,Medium
SEG100111,23.011129985063736,72.5838031435409,14,2.9769439027588476,0,6.665449911701985,1,0,30,1,82.5,Low
SEG100112,23.016827614328285,72.5801026683191,0,3.2613014262500393,4,4.137604761851406,1,1,60,0,30.1,High
SEG100113,23.031857076291804,72.56252051493726,13,8.606674662887857,2,9.341685112192078,1,0,20,1,93.0,Low
SEG100114,23.009722503061656,72.5799107294162,9,0.10506856589846847,2,9.014452041653026,0,1,50,0,53.7,Medium
SEG100115,23.04711378562508,72.54741191413503,7,4.360526211095247,5,8.284753929749261,1,0,80,0,38.3,High
SEG100116,23.041718574140937,72.56831791147623,21,9.428396785279078,3,8.911271286448084,1,0,20,0,71.1,Low
SEG100117,23.039570462577302,72.5862369245612,17,5.426363551828088,0,9.166108012311245,0,1,30,0,77.2,Low
SEG100118,23.02376511718763,72.55066899280007,13,4.504457901439035,0,7.463572657266074,1,0,50,0,75.7,Low
SEG100119,23.034501986238634,72.561430748858,21,3.123698046995881,1,2.0033619077785847,0,1,60,1,38.3,High
SEG100120,23.0321253882902,72.59181791552123,2,0.7391262986190383,4,5.385472721535135,0,1,30,1,20.6,High
SEG100121,23.035741563085516,72.58188376972817,15,2.2448647802751287,4,6.15993968790109,0,1,40,0,37.5,High
SEG100122,23.004644437662694,72.58765753632149,3,0.9045840993687126,1,7.733734529015678,1,0,50,0,55.0,Medium
SEG100123,23.022869407119384,72.55504105895788,5,1.2669942971542825,1,4.951472296515948,0,1,40,0,27.2,High
SEG100124,23.002288779562406,72.59477284187625,4,1.6351654412626981,5,5.128711408814995,0,2,50,0,9.5,High
SEG100125,23.02716949505845,72.53991676430445,13,3.0202943208427846,2,9.955650140847869,1,0,40,0,67.3,Medium
SEG100126,23.018142366678305,72.56372008790906,15,0.11016679995535461,2,4.522052424467095,1,1,60,0,41.6,High
SEG100127,23.007948830387633,72.56115276984926,18,9.501438855932477,1,1.3000983989599457,1,1,40,1,76.3,Low
SEG100128,23.00568716322474,72.58189809240201,10,1.2381909267697455,1,7.096838043210827,0,1,40,0,51.8,Medium
SEG100129,23.032320451469776,72.58906015521347,22,3.8314887235958706,3,3.6254166003796726,1,0,50,1,43.5,High
SEG100130,23.00938261326953,72.57752405949903,8,8.795275597147805,3,2.485389469638981,0,0,30,1,67.7,Medium
SEG100131,23.050881606510725,72.57074305534847,3,1.0656797019076225,2,6.284619672000752,1,0,40,1,48.2,Medium
SEG100132,23.031958362683522,72.55778289740515,0,4.836042517541208,1,9.54367672154945,1,0,20,1,75.8,Low
SEG100133,23.019077839249416,72.56317118460993,3,8.447835975413957,3,3.1280885511596015,0,1,40,1,55.5,Medium
SEG100134,23.032500352031477,72.56310452035962,10,5.569626240341401,3,3.722712470803773,1,0,40,0,53.4,Medium
SEG100135,23.001254212906634,72.53132395078948,9,2.1034359542276,1,4.6549003753938365,1,0,60,0,57.8,Medium
SEG100136,23.05272075672828,72.5626979773138,20,7.355095314125814,2,6.879944561600757,0,1,50,1,63.0,Medium
SEG100137,23.026526689031858,72.58563810201132,3,6.813410628675078,0,3.9594885258864023,0,0,40,0,68.9,Medium
SEG100138,23.043050437498767,72.57610281072425,6,3.621859065469243,1,4.250897690471871,1,1,50,1,61.7,Medium
SEG100139,23.004550149995733,72.58172106043813,23,0.46295161581375144,4,7.009053978286978,0,0,30,0,24.5,High
SEG100140,23.026766208196097,72.55538152433495,0,0.07864689896093902,4,9.851350870746385,0,0,30,0,34.7,High
SEG100141,23.026988884689498,72.56438326039934,10,8.253928831271717,2,3.1650406953025554,0,2,20,1,55.4,Medium
SEG100142,23.051580455023625,72.53217643198481,4,3.2155736155906856,2,5.853274758164143,0,2,20,0,33.4,High
SEG100143,23.031445042880684,72.55489486624101,12,1.377698986059046,5,7.94404188540422,0,1,50,0,36.7,High
SEG100144,23.026041917058134,72.56083704291802,23,5.185512261629821,3,2.1212793986396328,1,1,80,0,36.0,High
SEG100145,23.014683661470055,72.54658857847394,5,9.208332957250901,0,8.183191442891841,0,0,40,1,86.0,Low
SEG100146,23.01823629485384,72.53203066363439,8,0.08480864522397713,6,3.549306317949811,1,0,30,0,30.5,High
SEG100147,23.028636982135936,72.57487652707063,10,0.5614354067641447,7,1.1102292990489704,1,1,20,0,22.0,High
SEG100148,23.024140130316777,72.55828070380518,19,4.170449325850724,1,0.24902740387344524,1,2,20,1,58.6,Medium
SEG100149,23.001188664393418,72.5570190825523,23,6.7596590675506345,0,0.33086844888482125,1,2,60,0,53.3,Medium
SEG100150,23.045446055830688,72.54624913901185,2,4.761004587670502,2,7.97642381494782,1,2,40,0,44.8,High
SEG100151,23.049288842451187,72.56495897593487,11,8.975484384654047,3,6.749386252993443,0,2,60,1,67.8,Medium
SEG100152,23.007713699894925,72.5584717407826,18,0.44084555537478143,3,7.934901275052283,1,2,30,1,43.8,High
SEG100153,23.030471987894646,72.56080899074689,0,3.4014086964374357,1,7.529478171902473,1,2,40,0,53.2,Medium
SEG100154,23.00597166576245,72.56775663764836,19,3.5134788938872075,3,3.8097533698942474,1,3,50,1,36.8,High
SEG100155,23.03697320511719,72.53041110207059,5,3.401272259863417,7,9.330185459069837,0,0,20,0,29.8,High
SEG100156,23.015467858111144,72.58900023372999,12,4.876859121233906,0,8.779455767201464,1,2,50,1,72.5,Low
SEG100157,23.036268244908054,72.53462068080142,23,7.905770451946105,2,3.4835163023750946,1,0,50,0,52.5,Medium
SEG100158,23.039984703785777,72.55931010857554,15,3.178826164028173,0,7.729410103345416,0,1,20,0,69.2,Medium
SEG100159,23.04227561205547,72.54347923689056,23,7.444832066322026,0,8.196581841549296,1,2,20,0,75.5,Low
SEG100160,23.005925752027576,72.56404585400904,14,1.464654712790714,1,4.884643944192614,0,2,40,1,36.1,High
SEG100161,23.05038065148257,72.54821495707182,5,5.607248556339503,4,1.2041891657122228,0,1,80,0,17.1,High
SEG100162,23.012661769499218,72.58590042237407,16,3.750880256655451,2,3.340568197891497,1,3,80,0,27.7,High
SEG100163,23.00205769058969,72.55576338920756,14,5.392108022955706,6,9.888112793002094,1,2,20,0,56.5,Medium
SEG100164,23.03051688581653,72.57151911112494,7,1.0774975037224943,1,7.159353752792312,1,0,50,0,67.6,Medium
SEG100165,23.020400725612433,72.54617718232961,1,9.534628467609085,3,7.747108789539795,0,0,50,0,59.3,Medium
SEG100166,23.04563843587228,72.53126139978211,15,9.062141168017778,2,9.11924311548063,1,2,60,1,72.7,Low
SEG100167,23.044453830963537,72.55627004481487,13,8.263963042906289,1,2.0276287568730647,0,0,20,1,67.7,Medium
SEG100168,23.017442639105248,72.56487162182128,18,8.927828233880518,0,9.684040307259744,0,0,80,0,91.8,Low
SEG100169,23.052409466728836,72.55987056483201,3,1.466878701814861,2,5.181420077583073,0,2,50,1,35.4,High
SEG100170,23.016000481097706,72.59253093364822,12,5.037217730196659,3,7.44678529301382,0,0,40,1,55.1,Medium
SEG100171,23.028328142107743,72.5759445463,19,3.1790915875652335,3,3.182103279880862,0,0,20,0,52.3,Medium
SEG100172,23.014078079981218,72.59471853704065,21,8.873859413041586,4,3.2940692436425687,1,0,30,0,48.3,Medium
SEG100173,23.051482396352693,72.5491789058704,22,1.8943768249946646,2,3.595997285367054,0,1,30,1,33.6,High
SEG100174,23.00905342996701,72.58128846317446,5,2.1994535514197233,7,3.480588797578572,1,0,60,1,13.5,High
SEG100175,23.002470084066577,72.56611130039053,4,6.8671445635501085,2,0.6250319670430182,0,1,50,0,25.5,High
SEG100176,23.02393033830017,72.56976442303915,13,0.8889965908766817,1,3.095743154041969,0,2,60,1,36.7,High
SEG100177,23.05458065602307,72.59408045802876,11,7.323671769166397,2,6.473807211960465,0,0,40,1,83.7,Low
SEG100178,23.04904224964402,72.57250916798382,5,2.6812728831412236,1,9.019729440862168,0,2,60,0,33.8,High
SEG100179,23.041173441070132,72.5884230980019,2,6.609353652671474,2,0.41665338165192134,0,3,60,1,30.7,High
SEG100180,23.048993586998318,72.57717376525675,3,8.730377863606604,1,0.16628355411263063,0,1,20,0,55.8,Medium
SEG100181,23.04913956518338,72.53828009791211,8,6.096113732349906,4,5.923991148391684,1,0,30,1,71.9,Low
SEG100182,23.028537209821256,72.57546254117095,17,2.12683733286109,4,6.996742944044905,0,2,50,1,47.8,Medium
SEG100183,23.017376097850693,72.56148051326456,1,0.49165525539216604,0,6.082385377483513,1,2,50,0,42.6,High
SEG100184,23.042460683766105,72.58972186954385,2,0.4461397169506587,3,9.730433434073134,0,2,30,1,44.3,High
SEG100185,23.036391369474227,72.58244423906739,6,0.8881188201400791,4,2.2886826858211897,1,0,50,1,35.0,High
SEG100186,23.020551175088055,72.53676875469446,20,5.7981791246971595,3,4.812447823715545,1,2,30,0,57.2,Medium
SEG100187,23.005195666743383,72.53870451683748,23,3.4821785404065118,5,9.159019994604787,1,0,40,0,51.7,Medium
SEG100188,23.041073428624195,72.53452471511692,10,2.4310697739589813,0,6.174972760015613,0,1,60,0,49.5,Medium
SEG100189,23.014435328375757,72.5620609168584,1,2.193065577971912,2,5.771219650453398,1,1,30,0,25.3,High
SEG100190,23.051524723279357,72.53525016434848,0,9.48581531903099,1,9.328416549468189,1,2,20,1,72.1,Low
SEG100191,23.01325338162531,72.57703909187735,20,1.188165758920744,2,3.3890281071728023,1,1,50,1,43.9,High
SEG100192,23.00675168628263,72.56590330779427,10,3.048144107726547,4,1.571758323546416,0,3,50,1,25.9,High
SEG100193,23.04571119696687,72.58433252614095,1,4.7147726201919316,1,1.292308897989668,1,2,30,0,36.7,High
SEG100194,23.008430637414346,72.54818672626364,20,0.00449526074255413,1,8.218722949002576,1,1,40,1,61.1,Medium
SEG100195,23.009859756948675,72.56374415097048,12,9.209531874757245,1,8.569483895406794,1,3,40,0,70.5,Low
SEG100196,23.032966053533645,72.53763617958418,8,0.9909859076010386,1,2.338783425831912,1,1,50,1,48.5,Medium
SEG100197,23.04810091224606,72.58749965017226,10,6.8247060068617245,2,4.570713448830379,1,1,50,1,66.7,Medium
SEG100198,23.010803906614303,72.54137532254884,5,6.288654771624883,2,5.8485173552640735,1,1,30,0,52.1,Medium
SEG100199,23.017067802009507,72.53665354633777,22,8.090638551047372,6,1.3903409928534727,1,0,30,1,47.4,Medium
SEG100200,23.042757266103266,72.54332828890401,18,6.513877305621525,2,8.488106193311278,0,4,30,0,58.1,Medium
SEG100201,23.053450453433353,72.582405046767,4,7.693874172159795,2,4.188782556235582,1,2,30,1,49.6,Medium
SEG100202,23.027540765241127,72.5368779442995,17,4.212486087885275,3,8.634737539275426,1,0,30,1,74.2,Low
SEG100203,23.007914362640317,72.56993778716448,4,4.887044945516232,2,7.600766552032469,0,4,50,1,26.2,High
SEG100204,23.00076649582395,72.57850178453998,10,7.016621021644194,4,2.949542750244073,0,0,60,0,38.8,High
SEG100205,23.012631081649936,72.57882027543138,17,5.6842672105505105,1,7.1657421632800355,1,0,30,0,83.5,Low
SEG100206,23.007250221978257,72.54235395762953,0,5.115385502667199,2,7.407050343885063,1,2,60,0,53.7,Medium
SEG100207,23.037271227048706,72.53400555989455,17,2.0555840605454936,2,3.1126307635501727,0,1,40,1,43.9,High
SEG100208,23.006700787754568,72.5591724149452,5,2.581082608063754,3,2.5373559007169835,1,1,50,0,37.5,High
SEG100209,23.027848146239133,72.5431615474409,16,3.5849724105939353,2,8.234277875544976,0,0,60,1,59.6,Medium
SEG100210,23.03818443396036,72.57545260258591,11,0.09284385423503183,2,6.779330406984332,1,1,30,1,54.5,Medium
SEG100211,23.03196141350715,72.5531850319776,0,4.17363449580237,2,7.395732323373487,0,5,50,0,28.6,High
SEG100212,23.0109876608413,72.55920800616715,18,0.027684757639128144,2,3.130552534294675,0,0,30,1,42.4,High
SEG100213,23.044226848940024,72.5373765206516,6,5.650154359213367,3,7.221940236928144,1,0,60,0,67.9,Medium
SEG100214,23.039347392128867,72.56689076862563,22,7.040287689723489,1,7.143065696289596,1,1,30,1,68.1,Medium
SEG100215,23.040644120215354,72.54205907232607,20,5.621486316151264,3,3.3327493129079344,0,0,40,0,49.1,Medium
SEG100216,23.007208176335652,72.57413406795948,4,6.935199732048759,3,2.7046005181927657,1,0,30,0,48.7,Medium
SEG100217,23.006806459200767,72.53462597346561,14,0.00013168556207476811,5,4.313948532020328,0,1,30,0,14.6,High
SEG100218,23.05101594030536,72.59343314849829,8,0.5944197328430956,3,7.3909220174809995,1,2,30,0,49.8,Medium
SEG100219,23.021866800660373,72.57449425360808,14,6.984624408755553,4,1.93587476831514,0,1,50,1,47.8,Medium
SEG100220,23.016552178047952,72.54181242190778,13,8.029001479567706,1,8.742624018355356,0,2,30,0,71.1,Low
SEG100221,23.026872122494336,72.53091615195503,7,7.177015708893944,2,2.5527602208171163,1,2,30,0,53.7,Medium
SEG100222,23.036457531702,72.55174008799334,15,6.630122425535516,2,8.396337006370011,0,0,20,0,76.9,Low
SEG100223,23.052559279137583,72.5399328621634,6,7.0738266381156,1,1.5580955929603135,0,1,30,1,68.1,Medium
SEG100224,23.01575454247851,72.54419673665276,21,7.395899257961657,1,7.394406955469309,1,1,30,1,70.1,Low
SEG100225,23.05086446361216,72.58672876679846,22,7.243774983675692,1,5.613949225385041,1,0,40,1,75.4,Low
SEG100226,23.001367272026243,72.5692083029033,3,7.380084776883398,2,6.614589874019016,0,2,40,1,53.1,Medium
SEG100227,23.030535892327975,72.54146974744688,17,0.7401970741518082,1,9.741365961999733,1,3,80,1,47.2,Medium
SEG100228,23.03486863114246,72.56618286104468,22,0.6327155149462471,3,0.5255787867009387,1,1,40,1,29.6,High
SEG100229,23.00582435720629,72.54662574247263,3,3.6111994322943897,4,1.491269730383471,1,1,20,1,33.1,High
SEG100230,23.007718677838515,72.59345305618328,17,5.275967145487956,4,0.7908480230224069,0,0,50,1,38.3,High
SEG100231,23.023051287562396,72.53212921996715,22,7.626190539217276,6,5.1963695934768825,1,2,20,1,41.0,High
SEG100232,23.053142755167876,72.57760069744091,5,3.3470781879101255,1,8.028072437503436,1,0,60,1,60.4,Medium
SEG100233,23.03278234042789,72.58024480670244,13,2.7511707663363483,1,0.5482479096779957,0,0,40,1,50.8,Medium
SEG100234,23.05131627718801,72.53436557965725,19,7.814483081185295,2,7.7940668252738785,1,1,20,0,84.0,Low
SEG100235,23.044239850358714,72.54117150867503,8,2.4933685145399496,3,4.330558234194839,1,1,80,1,45.5,Medium
SEG100236,23.02570598808554,72.55497993284176,5,8.208413768144634,1,9.414286529781364,0,2,40,0,59.3,Medium
SEG100237,23.04316198970887,72.58643006372439,9,1.7713354972003859,3,3.826961199025086,1,3,60,0,27.7,High
SEG100238,23.000981023118733,72.5649049959972,8,3.594735228724768,0,9.845979482434263,0,1,40,1,74.3,Low
SEG100239,23.006002919822116,72.57259494525047,17,4.010756094263903,4,5.565215457140424,0,3,40,1,39.4,High
SEG100240,23.04561857381855,72.5808958343047,8,2.9951044730764287,0,9.899931772389078,0,0,30,1,80.0,Low
SEG100241,23.043824939857885,72.58382798124194,9,0.03356913887012647,3,6.318859518394659,0,2,30,1,37.7,High
SEG100242,23.012795240808153,72.56095849530044,22,2.3550925782124787,2,3.4633578409110797,1,1,50,0,27.5,High
SEG100243,23.02919232748295,72.56307155402028,13,3.3765355887887374,3,8.034086850625576,1,1,20,1,62.3,Medium
SEG100244,23.0333308701385,72.57667038071071,22,3.136248945266628,3,4.869601276591068,0,0,40,0,38.0,High
SEG100245,23.04772564245768,72.54711725331782,17,7.855554964772072,2,3.0880799765479114,1,2,30,0,61.3,Medium
SEG100246,23.03317089365363,72.58554183286375,21,0.4736776253647301,0,4.783354039853307,0,0,40,0,34.5,High
SEG100247,23.02269143631005,72.53135114359092,4,3.889486996552407,0,8.719125938796854,1,0,30,1,71.0,Low
SEG100248,23.020580122387393,72.54272515414364,22,0.3751545557944125,2,7.3230738561135835,1,1,30,1,41.1,High
SEG100249,23.023423514750544,72.58201299629737,22,9.306475661290094,0,1.7376881669458566,1,0,40,1,79.6,Low
SEG100250,23.035856206406898,72.55211678377303,0,7.902094370310964,1,8.38597837180107,0,2,50,0,55.9,Medium
SEG100251,23.04771198474638,72.539739134125,8,9.821615992380135,1,4.31418574075426,1,2,60,1,74.6,Low
SEG100252,23.024964328514198,72.54213905912124,9,9.101605316960185,1,0.8286849471391777,0,3,30,0,51.8,Medium
SEG100253,23.013631175962324,72.56449916612584,10,3.158127721160844,4,1.4717210553704996,1,0,40,0,39.6,High
SEG100254,23.013016429964868,72.58500179940742,18,6.915834123305803,2,0.661637269812908,1,2,30,0,50.0,Medium
SEG100255,23.04103078541339,72.53459229652512,16,3.0655408747840838,2,6.76587803532521,0,2,40,0,48.5,Medium
SEG100256,23.044911281988316,72.5319812590931,5,8.88211187929624,1,2.575647346058033,0,1,30,0,53.0,Medium
SEG100257,23.00579029439198,72.5602359288294,14,4.107528699673414,1,0.9634900272148461,0,0,20,0,58.5,Medium
SEG100258,23.003660737132535,72.59215218197849,23,3.7588754190423215,1,3.6566965570893286,0,1,40,0,40.0,High
SEG100259,23.032693851506604,72.54813563722192,10,9.140687442333334,2,8.669661307582677,0,1,20,1,84.5,Low
SEG100260,23.008039528430597,72.59234608503935,22,8.367402876198543,6,6.287280563447788,1,2,20,1,47.7,Medium
SEG100261,23.0453565304751,72.58769927647835,15,9.664135533643016,0,4.862274393145248,0,0,60,0,75.1,Low
SEG100262,23.017068407065825,72.54840377996518,22,0.6648808557444685,1,7.331946606750643,1,0,60,0,44.1,High
SEG100263,23.00791295631341,72.58310162417665,21,2.433388780388599,1,0.7589503937887121,0,0,40,1,44.0,High
SEG100264,23.05065337598681,72.57458137466698,0,3.008577478670457,0,8.827717088462782,1,2,20,1,71.6,Low
SEG100265,23.00910424475044,72.5632684552788,19,4.243520609547621,5,1.7773619131741003,0,2,30,1,36.7,High
SEG100266,23.015659604528587,72.55748954929778,4,4.73130045948536,2,0.21381626485794003,1,1,30,1,29.2,High
SEG100267,23.008448736735563,72.58300767913515,19,2.91472428066738,3,3.6236040329893413,1,1,50,0,39.9,High
SEG100268,23.006351953501593,72.58155016312517,19,7.904504231450284,1,0.584473373940283,0,0,50,1,66.1,Medium
SEG100269,23.001163140898505,72.57920086183627,6,2.232441444850565,3,1.670788068270076,0,0,30,0,35.4,High
SEG100270,23.003046747504033,72.59488663682899,1,6.96517313299113,2,7.389986223395536,0,0,40,1,57.4,Medium
SEG100271,23.00960528090147,72.56110330996118,10,8.517683155920974,1,4.047330813753172,1,1,30,1,77.4,Low
SEG100272,23.002936006294494,72.5824499935583,7,6.036982391595863,2,0.06898837793591239,1,2,50,0,46.0,Medium
SEG100273,23.032512909886105,72.58606109385393,13,3.5415892589282083,2,6.437572406373499,1,1,30,1,68.4,Medium
SEG100274,23.037439298973972,72.54375416779449,1,1.8789124219665132,0,7.071111052214814,1,0,50,1,58.4,Medium
SEG100275,23.02164967512576,72.53273431873345,1,1.34346194403696,2,9.019634827195265,0,0,50,1,45.7,Medium
SEG100276,23.017489510332364,72.55630864614226,10,7.441747391490616,4,1.5460261030250688,0,0,30,0,47.5,Medium
SEG100277,23.027748943036222,72.5856878844884,18,4.69131997583516,1,8.571657376911755,0,0,60,1,74.0,Low
SEG100278,23.048125271822904,72.54879171327764,7,0.46319551167367634,4,7.0870794915196065,0,1,50,1,40.7,High
SEG100279,23.046812239475223,72.57550066001438,7,9.838395069426202,1,5.636227903823739,0,0,40,1,89.0,Low
SEG100280,23.002391128410704,72.53047762903918,3,6.713031829889901,1,2.6176998341248527,0,0,20,0,56.0,Medium
SEG100281,23.00998241252781,72.55309868810082,6,8.441825514269771,1,4.578427329671001,1,1,30,0,68.8,Medium
SEG100282,23.01302096791074,72.57000858515929,7,4.381886713170115,1,1.9827053819282758,0,0,20,0,57.3,Medium
SEG100283,23.01371631667077,72.5384342173547,6,9.554386208080249,2,7.176944026380964,1,0,40,0,87.7,Low
SEG100284,23.03141779584585,72.58827944928959,8,1.9952502092412727,2,7.035897992990517,1,2,30,0,42.8,High
SEG100285,23.022894433413676,72.54015780851262,6,1.851361229388161,2,1.9152991060532354,0,1,60,0,32.8,High
SEG100286,23.00270897659602,72.58913658042526,16,8.903347347703589,4,2.526166971418504,0,2,40,0,46.7,Medium
SEG100287,23.020548777615275,72.5440653050644,8,8.917170640057282,2,9.011118297111295,1,1,40,0,90.1,Low
SEG100288,23.02880641217947,72.59462811380453,18,4.990194854990422,1,4.7168486000712315,1,2,60,0,50.8,Medium
SEG100289,23.005591954659703,72.56930866636421,14,1.2578635535397864,2,5.511171926997704,1,1,40,1,53.8,Medium
SEG100290,23.04584022045837,72.53548241813849,15,3.0521645820327192,1,9.586253018281232,0,0,30,0,78.2,Low
SEG100291,23.00285790265558,72.53424302024112,14,7.541523380344676,0,2.0702381113895516,0,0,80,0,58.2,Medium
SEG100292,23.050866302795992,72.53486991025687,22,8.459919080013034,4,6.271302183482254,1,1,40,0,57.1,Medium
SEG100293,23.005451222786892,72.5683430285739,6,3.476547477448171,6,7.740149550396004,1,2,40,1,44.4,High
SEG100294,23.046396622337877,72.58262264815129,23,0.6123368181686784,4,3.19439671967803,0,1,30,0,16.3,High
SEG100295,23.049645922916017,72.55619257821509,4,6.657266815727806,0,3.088168020175824,0,0,50,0,57.0,Medium
SEG100296,23.05387638743226,72.55891432435332,3,7.394970414382936,6,8.968193088565712,1,0,50,0,48.2,Medium
SEG100297,23.044111423415046,72.5683037007382,19,4.240146758636926,3,0.994059470240245,0,1,40,0,49.2,Medium
SEG100298,23.042871264742423,72.56464763931112,21,5.830976116178693,1,1.5735564730011642,0,0,30,0,38.1,High
SEG100299,23.035336580179756,72.57472401265159,2,9.873714975240834,3,4.109551913806099,1,0,60,0,55.7,Medium
SEG100300,23.042844799501797,72.5606660718106,14,2.449985993596594,2,7.983909668263896,1,3,40,1,51.1,Medium
SEG100301,23.007400371462722,72.57640094452917,12,5.729776937992509,0,4.549916000942639,0,1,50,0,61.0,Medium
SEG100302,23.02948374197712,72.59482519826553,5,6.109604135626425,3,2.705659417110976,0,1,20,1,49.7,Medium
SEG100303,23.02828225786047,72.55276935974616,12,5.491071960244631,3,4.202950360882324,1,0,40,0,58.0,Medium
SEG100304,23.04716646792674,72.5307940050895,16,8.691295579437957,1,4.454604419830462,0,1,60,0,66.3,Medium
SEG100305,23.025453965107644,72.53816562796086,13,6.050075319221165,4,7.270252096575806,1,1,50,1,62.8,Medium
SEG100306,23.02117992228552,72.56597842202414,12,5.0789002239129,1,8.687500810501374,0,1,20,0,74.5,Low
SEG100307,23.03517597991804,72.5523767561644,21,1.2301502666117314,5,3.212510645088921,0,0,50,0,15.6,High
SEG100308,23.014655482462548,72.59109886859082,5,7.032091992934255,2,7.0853960893080545,0,3,20,0,46.8,Medium
SEG100309,23.007687262602467,72.57078399585698,14,1.3210736149470037,4,7.013883951648932,1,1,30,0,45.3,Medium
SEG100310,23.026283250071305,72.56382308708775,7,0.2656989336422366,2,7.669475554570128,1,3,30,0,37.2,High
SEG100311,23.02292891527272,72.58187256758268,23,4.8853116306346225,1,5.752606371254716,0,0,30,1,67.8,Medium
SEG100312,23.012791346729088,72.54680834161819,6,5.7244527214773235,3,0.1469849830867742,1,3,20,0,35.7,High
SEG100313,23.020213149556334,72.58328300511835,20,9.9905406137388,0,6.558673357415497,0,2,40,0,73.0,Low
SEG100314,23.020151584740443,72.53019897181616,15,7.123267944552865,3,6.122975776449784,1,0,50,0,63.1,Medium
SEG100315,23.01801225604269,72.57027902853882,5,8.485903202275773,5,6.115194562185345,0,2,30,1,44.4,High
SEG100316,23.020870524384982,72.59075921481798,18,3.463880390307553,6,2.81298579239147,0,1,40,0,23.7,High
SEG100317,23.037715884000075,72.5812108968822,5,5.089146825799675,3,0.9788543220400592,1,0,40,1,52.5,Medium
SEG100318,23.01632820610142,72.58548622248958,6,9.742689906618555,4,1.8935258969070845,1,0,80,1,63.1,Medium
SEG100319,23.052187185969345,72.55580205518615,8,4.173885521427763,1,2.16205092547158,1,4,50,0,35.4,High
SEG100320,23.0503991410746,72.5835755314965,16,8.072904248023839,2,1.7360950758572136,0,2,60,0,41.5,High
SEG100321,23.026450073556504,72.56580405822697,9,5.259891177444961,4,2.4453691519422693,0,1,50,0,37.1,High
SEG100322,23.01805986627526,72.5702051153727,13,2.239618515300641,0,0.6869167935308751,0,0,50,1,55.8,Medium
SEG100323,23.02944891344065,72.53382949705683,13,5.804186372108829,2,2.6932582154517206,0,1,20,1,59.6,Medium
SEG100324,23.04667082688255,72.54310086031633,4,2.180620283703215,3,9.978852268893313,0,1,60,1,39.8,High
SEG100325,23.035892303730805,72.56581268700837,5,0.030269898757411262,2,5.113812234450953,1,1,50,0,25.7,High
SEG100326,23.044241550537087,72.53382206875852,7,2.358960154733433,2,3.4442286049725155,0,3,30,0,44.4,High
SEG100327,23.029299725183616,72.5781940424282,5,1.9314383235509036,6,7.2048722280679955,1,0,30,0,31.6,High
SEG100328,23.03481046960972,72.58460370555392,22,3.7092117719943376,3,4.694604558520235,1,1,40,0,31.6,High
SEG100329,23.015848558780036,72.58982355348417,9,8.885969038092881,3,0.29497962767882746,0,1,30,0,46.9,Medium
SEG100330,23.040419123927066,72.5366149498467,9,3.8785307359867582,2,5.473897111502191,0,2,80,0,36.0,High
SEG100331,23.011132252621916,72.59108181612149,16,8.45187627490991,3,3.0406657385538924,0,1,30,0,66.8,Medium
SEG100332,23.03821389708502,72.5343953004959,18,5.556130201315813,1,5.711838994528508,0,3,30,0,51.4,Medium
SEG100333,23.047339548757925,72.56081365403531,16,0.07614704222566937,3,1.7321801339741938,0,3,20,1,23.2,High
SEG100334,23.007265656051583,72.58461631634081,13,1.8873671290321514,1,4.8254985714343945,0,1,40,1,57.5,Medium
SEG100335,23.033790885729804,72.53457022400669,23,9.312780452080364,4,1.9364020206218324,0,1,50,1,46.3,Medium
SEG100336,23.005230266152648,72.53118501974429,21,6.041734461977185,1,2.9881541003388987,0,3,40,1,42.0,High
SEG100337,23.039914359554928,72.53162160171593,4,9.29546858572274,1,6.8716474400378535,1,0,30,1,82.5,Low
SEG100338,23.004647127035295,72.56323256556334,3,3.1012002030345287,4,2.2765275933238307,0,0,60,1,21.8,High
SEG100339,23.051476690248535,72.58275378839878,9,7.165623782827428,2,4.171373754035276,1,1,30,0,62.4,Medium
SEG100340,23.00755743615208,72.53828273361972,20,7.720251598972599,2,0.7313858241771676,0,0,30,1,56.8,Medium
SEG100341,23.052738413525,72.53809966651517,23,9.756996027362554,2,6.871622466654119,1,2,30,1,66.3,Medium
SEG100342,23.04404862968468,72.56695554557824,16,0.181764831689607,4,5.389431872990481,1,0,40,0,40.3,High
SEG100343,23.03265251024565,72.54522921405278,16,9.522372151232462,3,8.137904323232032,0,1,40,1,71.8,Low
SEG100344,23.043044325754625,72.57746389278442,5,3.9159021760416515,2,5.35075450485389,1,2,40,0,40.9,High
SEG100345,23.04373131614407,72.59172630023149,14,8.37992405744867,1,9.942137586339971,1,1,20,1,90.7,Low
SEG100346,23.052031488454954,72.57979217142902,4,5.447129182210839,1,2.4113187816856607,1,1,60,0,41.9,High
SEG100347,23.013936084461154,72.58701639881463,12,5.646495430333655,3,7.421064822594045,1,2,30,1,61.3,Medium
SEG100348,23.032454174244705,72.56377309374216,4,3.593778881864501,2,4.323266545594936,1,1,30,1,48.6,Medium
SEG100349,23.00522770586604,72.58410075477414,1,8.284725903781975,3,3.759645176139567,1,0,50,1,60.4,Medium
SEG100350,23.033889113501328,72.54188870695914,23,2.6401357083783337,1,7.315293251718841,1,1,40,0,43.3,High
SEG100351,23.009421021725103,72.53444261287572,21,4.922413861786064,2,9.555570378196466,0,1,80,0,45.6,Medium
SEG100352,23.031072283630984,72.5726369521581,16,5.601744987674754,2,7.555768591611372,0,2,40,0,56.7,Medium
SEG100353,23.03148367827186,72.53337691274427,15,7.425210934274884,5,3.3012274856964474,0,2,30,1,47.1,Medium
SEG100354,23.02562918341397,72.58801129224408,5,4.71635337041537,2,5.098916506198075,1,2,80,1,39.0,High
SEG100355,23.02874474765322,72.57495101956198,13,6.802828988394937,0,2.171399800264102,0,0,40,1,74.0,Low
SEG100356,23.042015786450364,72.59189304715157,17,4.852940963479754,1,6.202388106170815,1,1,50,1,67.1,Medium
SEG100357,23.043958459408163,72.55040263266037,12,6.593206369585946,4,4.0258710053250715,0,0,20,0,58.9,Medium
SEG100358,23.027068426856648,72.5616002900981,6,6.741434762081482,1,2.2813308686504827,1,0,30,1,81.5,Low
SEG100359,23.032977639283743,72.57820987372793,9,7.094415605292438,0,0.21092704200882162,1,1,80,0,53.8,Medium
SEG100360,23.051217992962954,72.54578063405495,20,8.23299793860326,3,9.2532430894659,0,1,80,0,57.8,Medium
SEG100361,23.00658534736756,72.56522017330725,6,5.407225609599173,4,0.7882083253450067,1,1,80,0,37.6,High
SEG100362,23.006440696124507,72.57286537287536,23,1.9327816386989327,3,3.29309412544202,1,0,50,0,30.8,High
SEG100363,23.00482399565509,72.59362256253905,18,6.796408416190554,2,1.9045367128819923,0,1,40,1,53.5,Medium
SEG100364,23.03618248067723,72.57840571412575,21,0.7711808349216187,1,4.941272761165843,1,2,40,1,40.8,High
SEG100365,23.02302345654347,72.53767850526815,12,2.1895502246118403,1,1.9494484540472723,1,2,20,1,50.2,Medium
SEG100366,23.042587677887802,72.56089667433992,5,7.921575286647991,4,7.3621103640359875,1,1,50,0,56.6,Medium
SEG100367,23.03691772773197,72.56827010089432,0,4.350701443300659,2,2.2481947290539295,1,2,50,1,34.7,High
SEG100368,23.018350076708053,72.53953050428619,12,4.980441676512171,4,1.854566688280327,1,3,50,0,26.4,High
SEG100369,23.049410160104884,72.55807779370377,9,9.8739691848353,0,2.168852177931737,1,1,30,1,83.9,Low
SEG100370,23.041939268088885,72.54846037806183,2,2.3517248584891792,4,2.97563312570483,1,0,30,1,40.8,High
SEG100371,23.01487942175006,72.53772379024703,22,0.19552749535934555,2,6.418313860133761,1,3,50,0,24.8,High
SEG100372,23.020030560977464,72.56328272567512,23,1.1137260951784411,6,2.096283817759331,0,2,80,1,0.0,High
SEG100373,23.017294198911234,72.54076615026581,8,2.4450185966082962,2,6.968502884239247,1,2,40,1,52.9,Medium
SEG100374,23.008668640674376,72.56838493155807,16,7.259200243964692,1,4.301708844122334,1,1,20,1,83.9,Low
SEG100375,23.00812808548982,72.54103030059572,9,7.75822031984762,0,1.9700857807356376,1,1,60,0,57.8,Medium
SEG100376,23.051487010485666,72.57703367003418,11,5.654889540141138,2,2.4004451495104107,0,3,50,1,37.8,High
SEG100377,23.02408472204593,72.54269070549692,14,2.5504639869816135,1,5.273338162025535,0,2,50,1,48.9,Medium
SEG100378,23.021082590252757,72.58825853155045,9,5.2174189452682365,3,3.786288838602255,1,1,60,1,50.5,Medium
SEG100379,23.040132713977254,72.53170360817568,19,0.1495755593393422,0,5.1372334066033005,1,0,50,0,56.2,Medium
SEG100380,23.03041461858891,72.56392983015797,4,6.818009427417962,1,8.125795891506286,1,1,40,0,59.4,Medium
SEG100381,23.051487699276116,72.55080680978263,16,6.142975554091679,0,0.45831377102185655,0,1,50,1,57.9,Medium
SEG100382,23.042916582165017,72.54462997417535,23,0.21796539381543578,0,3.9361063076419955,1,0,40,1,52.6,Medium
SEG100383,23.02636532602685,72.56065418064574,20,8.170116336327956,2,4.154427889583703,1,5,30,0,44.5,High
SEG100384,23.020699771041446,72.58473126986108,1,7.6342653516212176,3,2.5091715954403093,1,1,30,1,48.0,Medium
SEG100385,23.054264734970836,72.58949301835924,2,3.0822374556831313,4,4.418792028899299,1,1,50,1,32.2,High
SEG100386,23.0394768129802,72.54971116017961,15,6.35376650632306,3,5.666330897398639,1,1,30,1,73.0,Low
SEG100387,23.05231570630021,72.54002583543618,22,6.014929634649731,3,5.849582078472862,0,1,60,0,43.4,High
SEG100388,23.006516321746936,72.57680912909181,20,1.4318027922687027,1,6.698333210348278,0,2,40,0,43.1,High
SEG100389,23.046779352355493,72.56782991715464,21,1.9325930111436584,3,0.7676886950678352,0,1,40,0,21.0,High
SEG100390,23.035039063619518,72.54306604966405,3,6.832061362281295,0,4.600075509056785,0,1,20,0,59.0,Medium
SEG100391,23.00670569230843,72.57941922622568,12,9.335516462700085,1,7.57612564721148,0,1,40,1,88.1,Low
SEG100392,23.03235418999831,72.56373047829074,17,5.762843206987531,2,4.550453217762607,1,2,30,1,63.3,Medium
SEG100393,23.0377353000808,72.57247068796798,14,5.678131455595449,2,6.564860352341393,1,0,50,0,67.5,Medium
SEG100394,23.000676647723875,72.55335703720762,18,6.466816947038385,4,5.904488650949304,1,0,20,0,74.4,Low
SEG100395,23.024987487901296,72.55854134148466,5,4.4057830017812885,4,4.647189192855903,0,0,40,0,30.8,High
SEG100396,23.045396973115796,72.54172223639438,10,0.5417204350134375,2,0.7892854524346038,0,2,60,0,23.0,High
SEG100397,23.016244746393927,72.57917353139695,10,3.9650384672469716,1,6.332249923070632,1,1,50,0,68.7,Medium
SEG100398,23.02522014449892,72.54020573606986,22,9.002522101178897,3,5.345130045241106,1,2,50,1,56.6,Medium
SEG100399,23.024327276988735,72.58058966865882,4,8.049468003915486,2,0.056845748170029076,0,0,50,0,39.5,High
SEG100400,23.016606006529337,72.5818705105675,7,9.274235685770654,0,2.068566945283888,0,4,50,0,46.3,Medium
SEG100401,23.050514304253355,72.57852906266358,0,1.5283158513241057,3,0.6139957599448476,0,1,30,0,11.9,High
SEG100402,23.042971171948732,72.53126248122382,3,5.059577570388295,0,5.702342601290055,0,1,30,1,66.6,Medium
SEG100403,23.006082362604786,72.54775365881943,23,5.847281548129438,2,0.15147951119022451,0,1,20,0,31.7,High
SEG100404,23.054836906181066,72.56044195328147,20,2.0992550999297444,3,8.42420951081169,0,3,30,1,47.4,Medium
SEG100405,23.048356001336927,72.5687103846166,6,2.0097023926897006,3,9.474539990031829,1,1,40,0,48.7,Medium
SEG100406,23.015614964082523,72.58974943645899,16,7.8203293264280225,3,9.755789953540711,0,0,60,0,82.2,Low
SEG100407,23.04602931188135,72.55441438818836,14,6.718519170522066,2,2.265844605637893,0,3,40,0,34.9,High
SEG100408,23.005853074252926,72.5868765157203,21,6.4718753681516015,3,4.951408554197183,0,1,30,1,48.5,Medium
SEG100409,23.054950760176084,72.54062290372889,7,2.6698745798301493,1,8.911687748642724,1,0,60,0,73.2,Low
SEG100410,23.036612660485858,72.55413323168806,23,5.067694242472069,2,6.873350235332057,1,3,40,0,37.3,High
SEG100411,23.035756875855732,72.53339833070339,8,0.23069953489327832,7,2.987460553669518,1,1,30,1,28.1,High
SEG100412,23.004974239984126,72.57826180391862,17,1.299460526004279,1,8.33951883945378,1,1,20,0,62.8,Medium
SEG100413,23.049336836939315,72.53979242923315,9,5.182508627607913,1,5.739361898808774,1,1,50,0,66.1,Medium
SEG100414,23.001594972676244,72.54670630101715,16,3.096722756319128,3,7.29984530729611,0,0,40,0,59.3,Medium
SEG100415,23.013245543192262,72.58039016139256,8,9.656697568965166,1,9.694094266532481,0,1,40,0,80.2,Low
SEG100416,23.007866203134164,72.56475658663247,20,4.714847232670106,2,9.97509348103772,0,0,50,1,79.6,Low
SEG100417,23.042722236738072,72.53090822676221,15,0.8356415635685066,3,5.048217628612956,1,2,40,1,43.9,High
SEG100418,23.01090123249671,72.53014528830859,6,0.17842347255312418,2,1.5661251912833762,1,0,30,0,54.7,Medium
SEG100419,23.050085102492197,72.5631929410631,23,7.252578738476714,1,6.195592025005572,0,3,40,0,40.2,High
SEG100420,23.036094797163013,72.5498221083937,17,1.7150673805031391,2,6.438534985047754,1,2,30,1,51.1,Medium
SEG100421,23.00198894907721,72.54172024398969,10,1.8781236900505904,2,5.721448922651189,0,1,30,0,46.6,Medium
SEG100422,23.00029864087708,72.56988360595155,3,4.238072226406711,3,4.220488505389143,1,0,40,0,38.4,High
SEG100423,23.00284118543579,72.54484837066164,23,2.6406058915346464,2,5.815602400266328,1,0,20,1,61.3,Medium
SEG100424,23.033325884770626,72.56849346472953,18,6.165770797461895,3,5.340403032753512,0,0,50,0,56.4,Medium
SEG100425,23.04408149959727,72.55465228678811,16,4.856925072237638,1,9.44692629223587,0,1,20,1,70.6,Low
SEG100426,23.013120405134508,72.54213850414854,19,1.1145060147723007,2,8.376004326936282,1,0,30,1,63.7,Medium
SEG100427,23.04671748636077,72.53897680796148,14,7.847408479094485,3,3.936891209752038,1,0,40,0,62.4,Medium
SEG100428,23.00314775670843,72.54539593920327,5,4.258588544142481,3,5.708665413056679,0,2,50,1,38.5,High
SEG100429,23.044053011950293,72.53193908702085,5,6.1083431958930055,2,5.660528986752648,0,3,30,0,39.6,High
SEG100430,23.051028748659476,72.55002825253236,1,0.03942332532681725,0,5.107181833211709,1,2,50,0,33.7,High
SEG100431,23.04246596195074,72.58862705486182,1,6.26400033436537,4,0.580655475661721,0,3,40,0,13.7,High
SEG100432,23.038396643118826,72.5840385381824,17,2.8284985703093444,5,7.125944961700624,1,1,30,0,45.0,Medium
SEG100433,23.046088912026047,72.55418024418678,20,4.943707432099935,2,7.312706092799738,1,2,20,0,71.8,Low
SEG100434,23.002208321475088,72.56742918520781,3,2.9772060382128975,5,4.841848163846667,0,1,60,0,16.4,High
SEG100435,23.011098016089548,72.56687843633591,13,9.962607446422428,3,9.015729663795419,0,0,40,1,87.5,Low
SEG100436,23.00687080236181,72.5838679400476,2,2.308423147116235,2,9.839221676063199,1,0,30,0,55.9,Medium
SEG100437,23.027749204460616,72.5453588565986,9,9.128596014892565,2,8.12912799207437,0,0,30,1,93.7,Low
SEG100438,23.040985347058086,72.54926518677155,18,9.17966631829917,3,9.27863063032565,0,1,40,0,64.9,Medium
SEG100439,23.034650651451702,72.54961605319346,19,4.210006529343677,3,4.875026786558111,1,0,30,0,63.9,Medium
SEG100440,23.046812210486905,72.53265654933516,22,3.0400311552335624,1,9.142412875275369,0,0,30,0,52.9,Medium
SEG100441,23.00853671458426,72.5504547111138,7,3.8103554689879116,1,9.35026803022893,0,0,50,1,83.6,Low
SEG100442,23.040404160056433,72.58706439547822,22,9.89339087391798,1,6.235671027025814,1,2,60,1,68.4,Medium
SEG100443,23.01061728199779,72.58927919709214,18,6.187962273376061,1,1.5072112536501048,1,2,30,1,52.9,Medium
SEG100444,23.01489173132248,72.53712629747496,8,5.447802378206386,1,1.523076747305837,0,1,30,0,49.0,Medium
SEG100445,23.03904475835047,72.5597738052052,7,0.35917881339427304,4,4.7230584106184645,0,0,30,1,45.9,Medium
SEG100446,23.05391126316943,72.55478767860319,2,8.478430303970256,1,7.355805076060844,0,0,60,0,66.4,Medium
SEG100447,23.03363489832874,72.56180834778053,22,0.83805455807199,1,5.013942085798236,0,2,40,0,31.0,High
SEG100448,23.00299751732452,72.56605676906382,4,0.46972367034381346,2,7.9984982239418105,1,0,30,0,48.8,Medium
SEG100449,23.033896993346016,72.53131681940116,6,2.74858086117992,0,7.69788431217136,0,1,40,1,65.1,Medium
SEG100450,23.00232928033691,72.58474574611488,9,4.757886050575182,1,2.0360812220981996,1,1,40,1,67.2,Medium
SEG100451,23.048628014125175,72.59328816475626,3,8.952889600044005,4,1.327644735968312,1,0,20,0,47.5,Medium
SEG100452,23.039026805680535,72.57247131278024,19,7.900787990828386,2,7.058345307266549,0,1,80,1,64.0,Medium
SEG100453,23.00952203155324,72.57292939550207,16,1.9763214450584299,3,3.2038045067194156,1,1,20,0,42.9,High
SEG100454,23.00504465532033,72.564318690759,3,3.720795284272765,1,9.31396894152235,1,2,40,0,48.7,Medium
SEG100455,23.01009432758842,72.55172777176143,3,7.802402646188828,3,8.685077463989199,0,0,50,0,54.7,Medium
SEG100456,23.05390149487548,72.53968355857167,0,5.270924474690974,3,4.512380517811425,1,2,40,1,38.6,High
SEG100457,23.025220835335215,72.56796411727524,22,1.7449194202407925,1,5.805058244571044,0,0,20,0,50.3,Medium
SEG100458,23.04312445215878,72.5329211912281,10,3.9605520267833336,3,8.471039438195708,1,1,40,0,52.1,Medium
SEG100459,23.035002458815928,72.58359266689997,15,6.259358045097069,2,8.713691962129325,1,0,50,0,77.1,Low
SEG100460,23.031482723247723,72.55735926046559,3,9.732256748088346,2,5.569743324148822,1,1,60,1,60.8,Medium
SEG100461,23.007982164006577,72.55695902457053,5,6.61812054856409,2,9.719131532446642,0,1,30,0,58.9,Medium
SEG100462,23.052031344945696,72.55126610580093,12,0.16195162231396942,4,5.20968658238245,1,0,20,0,45.1,Medium
SEG100463,23.016573844788308,72.5930080027654,5,7.050082766325282,3,0.41107661166326137,1,1,60,1,37.6,High
SEG100464,23.031790946869414,72.5413696019301,14,2.5086480745723048,2,5.626951665321993,1,2,50,0,52.0,Medium
SEG100465,23.0384876769524,72.53983500839588,22,8.621589142138149,1,7.770069000246972,0,3,40,1,55.1,Medium
SEG100466,23.03570782353849,72.54075954760043,7,3.8388990822613858,3,9.849351530006832,0,1,50,1,62.7,Medium
SEG100467,23.051732692533253,72.5728042863853,14,1.9961503775430023,2,1.0536857774407338,0,0,30,1,51.9,Medium
SEG100468,23.008164144445605,72.59447319571743,21,4.679471865102345,2,4.405371966970435,1,0,80,0,41.4,High
SEG100469,23.02795940061458,72.54530588607612,21,2.5519797431500546,4,5.86649876834704,0,4,50,1,7.3,High
SEG100470,23.02222189149074,72.58886513080938,0,2.358214884978506,4,8.814635952967478,0,1,60,1,29.6,High
SEG100471,23.026079280121543,72.54811007634854,2,5.73261800773493,0,7.158899845200835,0,1,40,0,63.8,Medium
SEG100472,23.006556963940877,72.57211349480815,23,7.6734627085087945,1,2.312462671198736,1,0,50,0,60.1,Medium
SEG100473,23.007375203543003,72.53263243187567,22,8.349543741598756,6,8.593891841248674,1,1,30,1,55.1,Medium
SEG100474,23.01529415501797,72.56221750834746,7,3.97669870470391,1,6.64243287957294,0,0,30,0,63.2,Medium
SEG100475,23.016758753206847,72.57254704780813,12,0.6680376359693929,2,8.951569165830808,0,2,30,1,59.4,Medium
SEG100476,23.023534676752472,72.56486078551947,13,4.839749984655533,4,8.343738752092635,0,1,60,1,48.0,Medium
SEG100477,23.033604315087015,72.54545930001731,16,4.337814770283859,2,1.2926248249215977,1,0,50,0,53.6,Medium
SEG100478,23.034904601458003,72.5838523016374,18,1.969789482530394,2,9.604706370350286,0,1,40,1,62.0,Medium
SEG100479,23.022649599312206,72.59305887323049,8,8.961449011441202,2,4.542964249933615,0,2,30,1,59.4,Medium
SEG100480,23.022483071018577,72.55984774621999,21,9.741482530206888,1,9.82552501432332,1,2,40,0,67.5,Medium
SEG100481,23.011969568968333,72.5713347522373,1,0.5174718803308143,2,1.8700713858752571,0,1,40,1,23.9,High
SEG100482,23.032356843662495,72.58137686244247,0,7.957463798574325,3,7.933180458135015,0,2,40,0,51.1,Medium
SEG100483,23.01743725012245,72.54569678894042,22,6.457165579415387,0,3.0489160075290056,0,1,50,1,51.4,Medium
SEG100484,23.001983290885256,72.58618927482537,4,2.61436258165908,3,0.44805303345060055,0,1,30,1,19.6,High
SEG100485,23.023012002428626,72.54821305884515,23,6.35156118282813,2,9.94040425209049,0,1,40,1,53.8,Medium
SEG100486,23.02607729712996,72.58042900222848,6,1.286431916834745,2,3.0353532043701503,0,2,30,0,30.7,High
SEG100487,23.012407607751232,72.53728645010771,8,0.6940650829749728,2,0.8051925475471422,0,0,30,1,36.4,High
SEG100488,23.031485186321717,72.54874513572192,0,9.934890750522605,1,8.604971862547512,1,1,30,1,85.6,Low
SEG100489,23.031117454523756,72.56468529570608,22,6.363698584586601,1,4.320202983806168,0,2,50,1,50.1,Medium
SEG100490,23.03861011996107,72.56411993622078,8,2.5322262453323354,3,5.76452427539218,1,1,20,0,53.3,Medium
SEG100491,23.035637166521067,72.58527802699162,4,4.500339559037659,1,9.848436931486685,0,1,30,1,60.9,Medium
SEG100492,23.03588381810866,72.59474827174651,11,9.500881822978403,2,4.8070907301835755,1,3,40,0,65.3,Medium
SEG100493,23.017391778350323,72.53696870498091,3,4.387250683868097,1,0.6709851293443814,0,0,40,0,43.6,High
SEG100494,23.043308772209226,72.54764022863363,18,9.004445320023443,4,6.9118612898248575,1,0,50,0,65.3,Medium
SEG100495,23.030202941097983,72.5532438836645,1,8.688091979784616,2,7.105994935564226,0,1,50,0,51.0,Medium
SEG100496,23.023728000734895,72.56112969650765,11,3.4415631609084327,4,1.9420823627229111,0,3,50,0,23.6,High
SEG100497,23.034430686451756,72.56210413330504,9,6.960090040771025,2,5.454119185792047,0,1,30,0,63.7,Medium
SEG100498,23.019836153394763,72.58565267910464,0,6.604985037825925,2,3.692209364831285,0,2,20,0,45.0,Medium
SEG100499,23.028200658453372,72.58008635468103,1,7.712118706198419,2,0.49921583738166797,0,0,30,1,47.8,Medium
SEG100500,23.040518812866523,72.53122535263746,12,3.6592916426748543,2,3.1160242609223685,0,0,40,1,52.1,Medium
SEG100501,23.048752158769805,72.55957641443791,9,0.5223649849813272,4,9.095326069076414,0,1,20,0,46.4,Medium
SEG100502,23.050658145851234,72.57017479948587,3,1.71039241112511,2,3.0024734533505737,1,2,50,0,22.3,High
SEG100503,23.02769981088507,72.55992571316105,3,6.165536876737592,6,2.2306313549190184,0,0,80,0,10.8,High
SEG100504,23.02861513131073,72.53849194164167,19,7.751001868973535,4,9.409128484192486,0,2,50,1,56.6,Medium
SEG100505,23.04399287259201,72.55583581543989,17,7.56048634535596,1,3.8232682088893046,0,1,40,0,62.1,Medium
SEG100506,23.01729478804593,72.55675762018343,14,5.836815851150306,2,9.405590556107963,1,4,50,0,61.7,Medium
SEG100507,23.04605602992898,72.54220153495923,20,0.8475814571489249,2,8.802343665036654,0,2,30,0,41.7,High
SEG100508,23.027177790558458,72.57915996244061,1,0.17288627185812477,4,4.704645001246717,0,1,80,0,9.1,High
SEG100509,23.00637211983844,72.55089104420927,16,7.821417573220727,1,3.849616619579254,1,2,30,1,81.6,Low
SEG100510,23.00396325308901,72.56828417388697,18,5.493764341898627,2,1.3771795297987266,1,1,50,0,45.5,Medium
SEG100511,23.04630962660717,72.56352246176232,4,7.827121027315078,2,1.906164721524508,0,0,20,1,61.0,Medium
SEG100512,23.003056235429877,72.58703276014907,12,1.6278846147938886,1,2.3244318194135785,0,1,40,0,38.4,High
SEG100513,23.015433628987353,72.53793097057108,18,4.074231707711435,4,4.70353893857459,0,1,30,0,45.1,Medium
SEG100514,23.018377152227586,72.53742709553647,14,9.19169287077973,1,3.721134374162889,1,1,20,0,89.4,Low
SEG100515,23.00951469448554,72.54952077849299,5,1.7159799124716568,5,8.003843249126156,1,0,40,1,45.2,Medium
SEG100516,23.017264135339108,72.55802897292818,15,0.6152690381254433,3,2.9667596013507715,0,3,20,0,25.1,High
SEG100517,23.04084809116988,72.54940524616889,18,6.5346738378174845,4,4.245197006337347,0,2,30,1,44.2,High
SEG100518,23.000807556395802,72.57960716035569,0,5.945363406217563,1,1.2270742353754016,1,1,60,0,41.7,High
SEG100519,23.04549453834864,72.5459422798021,13,9.520305058577334,4,2.712199742378872,0,1,20,1,59.2,Medium
SEG100520,23.0471101412966,72.53551035828019,12,9.064684210548759,4,7.83020138768217,1,0,40,1,72.2,Low
SEG100521,23.020474386525535,72.55689698764247,8,7.49430390220571,5,7.071004159420089,1,0,20,1,61.9,Medium
SEG100522,23.008448709448334,72.580269653729,1,0.19157237878252187,5,4.022203665231325,0,1,50,0,5.3,High
SEG100523,23.03304622243698,72.58528652633314,2,4.803869684065601,4,5.774732030644171,1,1,80,1,36.5,High
SEG100524,23.00658199057257,72.57766741514362,18,8.961019365370388,0,4.583336429130501,0,0,40,0,84.6,Low
SEG100525,23.020070564859303,72.56626263410249,19,4.336510881144773,1,8.95220548726927,1,0,80,1,69.5,Medium
SEG100526,23.052713604949552,72.57707246061369,10,9.621457196129947,3,3.946907514236936,1,0,40,1,78.0,Low
SEG100527,23.0547505459921,72.57429031979476,22,6.5248798064398255,3,7.2211448060343075,0,1,40,1,43.0,High
SEG100528,23.042465769024503,72.54523383111218,22,1.0945712754279413,1,2.185291433752239,1,1,30,0,32.1,High
SEG100529,23.01710288304564,72.5657993279932,15,5.092720751866835,0,4.34097117841732,0,0,80,1,51.6,Medium
SEG100530,23.037821577704136,72.5800896066215,13,6.956171356451476,2,5.2933142195422525,0,3,60,0,56.2,Medium
SEG100531,23.03879735010162,72.55061284302188,23,0.6536897223962068,3,1.0464679030048907,0,0,30,1,28.8,High
SEG100532,23.021331293234,72.5725082545366,14,3.4464953207076743,1,5.874184757689007,1,0,20,1,76.6,Low
SEG100533,23.035248874902237,72.56129622778872,22,7.170810630539863,4,5.746649893289495,1,2,30,0,45.8,Medium
SEG100534,23.000590020473663,72.56270532531143,23,1.5707136230703411,1,1.5875289201289566,1,0,30,1,59.4,Medium
SEG100535,23.011498171223124,72.53585357745584,4,3.483398982705226,2,9.986495119147943,0,0,30,0,53.2,Medium
SEG100536,23.0288798566632,72.57330411574485,15,6.89910322467234,3,0.924932883088283,1,1,80,1,43.8,High
SEG100537,23.009006321734205,72.58626965729805,17,7.755409018641139,2,8.953034885142703,1,2,60,0,77.0,Low
SEG100538,23.00912487773321,72.53919303372169,19,5.185117938254206,1,4.915156466608926,0,0,40,0,57.7,Medium
SEG100539,23.045996735980264,72.55379686804407,8,9.568575277000097,4,2.227049611675025,1,0,30,1,77.1,Low
SEG100540,23.0544023151476,72.53316338456466,20,9.253308587989965,3,1.1279873186730294,1,1,40,0,58.9,Medium
SEG100541,23.030578318541565,72.53192607258846,11,4.734370539077851,1,6.994201130105262,1,2,60,1,65.3,Medium
SEG100542,23.046148835198494,72.59432780228366,9,1.6027441011132237,1,7.544504152521464,0,1,50,1,49.2,Medium
SEG100543,23.054467691537944,72.56207564803991,3,7.7293156388395845,6,6.734406826237429,0,0,60,0,50.0,Medium
SEG100544,23.007787773871282,72.55310873621129,7,2.43139575393144,1,4.198708721969933,0,1,50,1,49.6,Medium
SEG100545,23.02465350872899,72.54786700998062,23,8.42821309999105,0,1.7257369903382636,1,0,40,0,61.6,Medium
SEG100546,23.021591499371304,72.59370082192142,17,5.871443411550983,2,7.895379029260965,1,2,30,1,72.7,Low
SEG100547,23.00440271060054,72.5463963010589,17,3.940930063977466,2,8.712304710634182,1,1,50,1,64.3,Medium
SEG100548,23.04154315950371,72.57717104572295,21,5.563833585825442,3,3.918709059063797,1,1,50,0,42.4,High
SEG100549,23.023857846502743,72.54844427622739,6,5.328087684579272,3,8.41217558425238,1,2,50,0,49.7,Medium
SEG100550,23.025812981380472,72.5345818178482,15,9.247328458999176,3,6.3560023516809405,1,1,50,0,69.5,Medium
SEG100551,23.008287013559727,72.57441297994366,8,2.1436304976156286,2,5.26978317667806,1,1,30,0,50.5,Medium
SEG100552,23.009950965872697,72.53010600509594,20,9.281584525516763,4,6.106052958502764,0,0,30,1,68.4,Medium
SEG100553,23.04989069921859,72.57392365325144,10,0.313410414598555,1,1.0775092048228296,1,0,60,1,43.1,High
SEG100554,23.002455699893584,72.54627447893434,20,7.692032815330766,5,1.253990188823103,0,1,40,1,49.3,Medium
SEG100555,23.012806875671902,72.57849677508464,17,9.196681307115652,0,7.2670386643561145,1,2,30,0,80.8,Low
SEG100556,23.0160632631673,72.5800337608778,18,3.9405219098652955,2,9.699470895037976,0,1,40,0,59.7,Medium
SEG100557,23.026960864832088,72.57706697052313,22,0.7306718699526726,3,5.078041414000879,0,2,30,1,28.0,High
SEG100558,23.032254484515814,72.53159142369539,18,8.0466753149371,2,0.54000704715915,0,1,40,1,63.5,Medium
SEG100559,23.027130948671786,72.57574288027685,7,8.42864855691735,3,0.6807335571247575,1,0,40,1,61.7,Medium
SEG100560,23.004626343400627,72.59435946491362,12,3.3625738798845353,4,4.6736469836668935,1,1,50,1,49.0,Medium
SEG100561,23.013401709973063,72.54577064895416,11,5.185932856859061,2,6.57664536001321,1,1,80,1,56.0,Medium
SEG100562,23.04639736116194,72.54782550719464,1,8.094690680101495,1,1.548766564384314,1,0,30,0,60.1,Medium
SEG100563,23.035067378526314,72.58287922572273,14,1.9204297725011954,2,0.33034893488120054,1,0,80,0,42.8,High
SEG100564,23.035703197757385,72.54042579232865,10,6.2897575639127,1,7.2946928308818295,1,1,50,1,64.2,Medium
SEG100565,23.036861179044326,72.5729379389078,9,4.306306595158191,7,1.4613151511985711,1,2,60,0,13.0,High
SEG100566,23.041959666047173,72.57907671453754,2,1.7441575225426353,2,4.3817998400890055,1,3,50,0,22.2,High
SEG100567,23.00319596649468,72.53241544301827,12,8.314402072509596,3,7.341361560881792,0,1,20,0,70.0,Low
SEG100568,23.020163461171293,72.56599453612723,13,3.246808321999267,1,1.2529498253409754,1,0,40,0,62.1,Medium
SEG100569,23.02967400893939,72.56743202180483,2,9.344261156550163,2,4.427531648596573,0,1,20,0,48.8,Medium
SEG100570,23.018615106581354,72.54972378833047,15,5.68933869819802,3,1.1145512760562382,1,0,50,1,64.1,Medium
SEG100571,23.046446338030794,72.58696240351084,4,5.145099813847383,1,3.4750808751233153,1,0,20,0,61.2,Medium
SEG100572,23.026541487972302,72.5405787317545,3,4.233059442193591,1,9.124332954520726,1,0,20,0,67.1,Medium
SEG100573,23.042274517420264,72.55367265611788,9,4.006708898563054,4,6.861332201197588,0,1,60,1,39.3,High
SEG100574,23.046860853428463,72.58516346466457,9,8.17966274837104,1,0.23093142507831899,0,2,60,0,44.7,High
SEG100575,23.027763531559692,72.5423917791794,21,6.77500849486126,3,1.3447680913629267,1,0,40,1,55.9,Medium
SEG100576,23.050025373412925,72.5833893188613,1,7.736901311234225,3,2.9382056836780612,1,1,40,0,46.8,Medium
SEG100577,23.032291816729533,72.53513949652891,8,4.210841596112086,2,8.955491984223144,1,0,50,1,73.4,Low
SEG100578,23.046765086435855,72.56179988936735,17,2.6143722470273545,1,7.470863392197864,1,1,80,0,49.4,Medium
SEG100579,23.018732493757533,72.53489649305897,5,0.8686521852818196,1,6.174929558884999,0,2,20,1,43.4,High
SEG100580,23.02743493271923,72.57406373302899,23,7.7665598998404475,5,1.525947984063396,1,0,20,0,43.4,High
SEG100581,23.02922760725525,72.58138909678861,17,4.152764305177041,1,9.288746871592156,0,0,60,0,65.2,Medium
SEG100582,23.005773884374285,72.58524080563605,22,5.09223592096683,1,8.081291468381167,1,0,20,1,73.1,Low
SEG100583,23.021920387868583,72.59378204629836,22,4.693432351970453,2,2.394256890809001,1,1,50,0,35.6,High
SEG100584,23.050453571990342,72.57368102194947,2,4.311378563692402,3,4.043258897657175,1,0,40,1,45.3,Medium
SEG100585,23.03469577322006,72.5799890243996,11,6.838995770678498,2,4.283837985673241,1,0,40,0,61.3,Medium
SEG100586,23.009762862034034,72.56287428809088,17,6.087341157586086,2,5.87506373558973,1,0,20,1,76.1,Low
SEG100587,23.01863705995853,72.58932789857677,0,9.720537986443055,0,3.7481039142505534,0,1,50,1,55.9,Medium
SEG100588,23.010538165531447,72.57184429484296,10,1.3890390764923166,1,2.1002652143236276,0,2,40,1,42.7,High
SEG100589,23.001365272248922,72.58743084140633,16,5.735193132327168,2,6.6698951959049975,1,1,60,0,58.0,Medium
SEG100590,23.05101032521772,72.54530438110591,19,0.6324016340231398,2,6.775550404695272,0,1,40,0,42.3,High
SEG100591,23.02465140305413,72.56228795574667,9,8.079184187082,4,4.423855365795854,1,1,60,0,54.3,Medium
SEG100592,23.016914428983142,72.57743822986914,20,6.163113332510931,4,4.866524791771047,1,2,30,0,46.2,Medium
SEG100593,23.032916245535674,72.54317691404657,16,4.283788159925379,2,0.5067017689950792,0,1,30,1,42.6,High
SEG100594,23.000402295096116,72.54373708656203,1,8.022356546439461,0,4.560988390858716,0,0,60,0,61.2,Medium
SEG100595,23.015291215863044,72.59357277812637,6,4.550026084915783,3,8.003982533783873,0,0,20,0,73.2,Low
SEG100596,23.038666840613438,72.55824967344792,22,2.277860953134472,3,5.914824873096686,1,2,30,0,37.9,High
SEG100597,23.034857337518808,72.54181800444005,0,4.7250076111033685,1,9.206990289618819,0,3,30,0,51.8,Medium
SEG100598,23.053999327114838,72.5515451523288,2,0.7083179663733918,1,7.165133649548961,1,1,50,0,35.4,High
SEG100599,23.034119674031192,72.55582944963729,8,8.978611096393875,2,7.776370487606176,0,0,50,0,74.1,Low
SEG100600,23.026262823049525,72.57050054173557,23,7.309583747344611,1,4.584156738072411,0,1,60,1,52.0,Medium
SEG100601,23.04187879097512,72.58999595283811,16,7.603157862150277,2,1.7344939508777935,0,4,30,0,46.8,Medium
SEG100602,23.049683032958022,72.59412835493494,3,8.744933040184423,1,9.121850863982297,1,1,30,0,78.9,Low
SEG100603,23.03963827706951,72.57236041932923,9,7.9157258881508366,1,6.591964849983961,0,1,30,1,76.4,Low
SEG100604,23.052976617295215,72.57549495345185,22,4.3185259025343985,4,9.094746124941652,1,2,80,0,20.5,High
SEG100605,23.0430102843906,72.55091889603028,5,1.1863640152544963,3,6.1752245506690615,1,1,40,1,33.4,High
SEG100606,23.047674079104407,72.58571530870417,13,3.7336477998095274,1,4.5448094053508985,1,0,30,1,74.9,Low
SEG100607,23.0062757239151,72.54415689178933,11,9.340847143797223,0,1.3473913145603833,1,1,30,1,78.9,Low
SEG100608,23.040282742664658,72.53691474220521,18,9.490904912313797,3,3.9770478764012154,1,1,30,1,72.7,Low
SEG100609,23.024204878474006,72.59326163935634,18,7.678708655237956,2,5.9755348993502055,1,0,50,1,81.3,Low
SEG100610,23.03042070913262,72.58616901399333,19,2.044305830713875,2,9.30764268625362,1,2,40,0,60.3,Medium
SEG100611,23.03597563252153,72.54973693374498,2,1.9444985846416063,1,8.293075853983003,1,0,40,0,51.7,Medium
SEG100612,23.053339831418807,72.57388609656476,10,8.797715108807203,3,5.1314166838398005,0,3,40,0,52.6,Medium
SEG100613,23.054151794478738,72.56035619323185,16,1.4191592301112477,8,4.479909073978878,1,3,20,0,21.7,High
SEG100614,23.015852553501833,72.55100333339945,10,5.841374773324892,2,0.3327337784848994,0,1,50,1,55.9,Medium
SEG100615,23.040356442359084,72.54864032369942,16,3.782516822790678,1,3.511884102937893,1,2,50,1,51.9,Medium
SEG100616,23.04124909458644,72.53884178393936,15,3.020110079611765,2,9.813177694239794,1,2,30,1,67.1,Medium
SEG100617,23.019057107372216,72.56570567534793,8,6.773820256769804,1,7.410253591056357,0,0,40,0,77.9,Low
SEG100618,23.00681283761753,72.55902878485765,2,9.595690766519379,2,5.247490544102091,1,1,60,1,62.9,Medium
SEG100619,23.002252082815716,72.56329211731949,23,7.7763373824029856,3,8.622995762856243,1,0,40,1,68.6,Medium
SEG100620,23.042753872014103,72.54399821588616,19,4.861625931015539,4,0.23055832609483629,1,1,50,0,28.9,High
SEG100621,23.02693348579993,72.59100969360026,21,4.407115082022164,7,9.576242210153021,1,0,50,1,37.5,High
SEG100622,23.05420470932222,72.57150842776149,7,9.076641883223868,1,6.9966873026931,1,1,30,1,84.1,Low
SEG100623,23.02557354009065,72.58847404272991,7,5.781070984737539,2,0.13314147269006815,1,1,30,0,46.8,Medium
SEG100624,23.05378543384906,72.53710262579213,7,4.966390230661952,3,7.055318086990701,0,1,40,1,59.0,Medium
SEG100625,23.022636680120673,72.57048531278065,0,6.828358695314231,0,0.8312784936912199,0,1,30,0,53.1,Medium
SEG100626,23.043652518280798,72.58521501821187,4,2.3715381712952643,0,6.395972693547711,0,1,50,1,46.6,Medium
SEG100627,23.00466505997715,72.55150985068794,7,0.6373548757487968,2,3.0088563966878668,1,0,50,1,39.5,High
SEG100628,23.030550394057578,72.54268430599384,23,8.55111440485344,2,2.1209223981637235,0,1,20,0,49.2,Medium
SEG100629,23.044113288284215,72.54722638487736,4,6.072617006994569,1,6.28081477037436,1,1,80,0,51.4,Medium
SEG100630,23.050858591697093,72.54774069223873,12,1.6487710122506882,0,4.340407734325046,0,1,60,1,53.0,Medium
SEG100631,23.04524206998396,72.55906793272003,13,2.980479265007472,2,0.6452301833069973,0,1,30,1,41.3,High
SEG100632,23.002033389996065,72.55118763418065,8,9.899335125895307,3,8.223428748671909,1,2,40,1,70.3,Low
SEG100633,23.020498628771872,72.54763281472601,22,6.344236324636553,0,2.661227367291039,0,0,30,0,61.3,Medium
SEG100634,23.00267841597726,72.57215329939633,2,6.361121409671224,2,6.182102631607968,1,1,80,1,52.9,Medium
SEG100635,23.006010526011302,72.53344710415867,20,0.7216366320872203,2,6.093606526496096,0,1,40,0,39.7,High
SEG100636,23.03714180957671,72.55212364557909,17,9.689917342439319,3,0.5616115669595523,1,2,50,0,44.3,High
SEG100637,23.039229200797145,72.57483387778613,7,8.927828895587206,4,9.973165502364122,0,2,80,1,59.8,Medium
SEG100638,23.04255463755134,72.54143023370327,18,5.477824422632205,2,4.476605428863214,0,0,50,0,52.8,Medium
SEG100639,23.047600110143062,72.54436031104385,10,3.0938891645087354,1,2.0535663902435797,0,1,60,0,43.7,High
SEG100640,23.040668730766207,72.54304333065184,23,6.980552283860916,6,4.3674768842337075,1,0,30,0,42.3,High
SEG100641,23.044047937565864,72.53006019693754,0,8.333743944718691,1,6.030619463638701,0,1,30,0,70.7,Low
SEG100642,23.00269300404028,72.56079490386905,0,7.861214098232535,5,0.030397805836501757,1,2,40,0,25.8,High
SEG100643,23.01289943327427,72.53253232131205,13,9.770473720478789,2,3.0013355813478046,1,2,60,0,69.9,Medium
SEG100644,23.034204377535637,72.54774108776537,22,6.368553986669426,2,5.363302509574752,0,0,20,1,61.3,Medium
SEG100645,23.047196891754364,72.59466222259847,1,3.2122543155886527,1,6.94476980024267,1,1,40,0,47.6,Medium
SEG100646,23.00024750687168,72.58969575374037,18,4.979276130685336,2,3.133059605119536,0,0,50,0,47.6,Medium
SEG100647,23.0283046138164,72.54397992753016,22,8.163171679506165,3,4.039096531192849,1,1,30,1,53.0,Medium
SEG100648,23.03725080696504,72.5501501580744,11,2.653425872153774,2,2.2122842920593024,1,0,40,0,54.0,Medium
SEG100649,23.001628400902074,72.56014079784745,20,2.314082549439914,1,2.9304032596850362,1,0,20,1,66.5,Medium
SEG100650,23.022074555665437,72.58488688053285,18,7.248345803264708,3,6.87357427306985,0,0,20,0,60.2,Medium
SEG100651,23.049259918476103,72.58217198619054,5,4.444274265154108,1,3.372618581421847,1,1,30,0,53.9,Medium
SEG100652,23.03693870448707,72.53820569337681,20,8.165703951897227,1,2.7961961737601615,1,0,50,1,84.5,Low
SEG100653,23.013071209984833,72.53808917514264,16,1.436835861589889,1,2.9855992512521636,0,4,20,1,26.1,High
SEG100654,23.046902962129757,72.55708759650311,0,3.3569646314940673,3,6.126430420180711,1,1,30,0,47.6,Medium
SEG100655,23.019141728287522,72.58655620032489,13,2.6809990659010117,4,5.608167934848379,0,2,50,0,39.8,High
SEG100656,23.046933956912923,72.58733552494121,15,6.978681480662735,1,4.0690139144491635,1,0,30,0,66.4,Medium
SEG100657,23.01644190081154,72.53697878022963,19,7.593292133266495,0,6.323162940562744,0,2,40,1,70.4,Low
SEG100658,23.032467613798573,72.56732932371776,18,4.560026958865563,0,6.4279428799170795,1,2,40,1,65.6,Medium
SEG100659,23.021831703726132,72.54011888781314,11,4.780293763989356,4,0.13109563726653284,0,1,60,1,39.0,High
SEG100660,23.015115377791528,72.57459840515018,7,1.3203188278912947,0,3.3905951301659876,1,1,60,1,52.8,Medium
SEG100661,23.048760665919453,72.58956816111538,4,7.018280938130524,1,2.4428887849789236,1,2,20,1,53.7,Medium
SEG100662,23.01031765250667,72.55956000401092,2,9.923176335992475,4,8.291215853386714,1,0,50,0,66.1,Medium
SEG100663,23.004664637517966,72.53540038035499,15,7.779218408318094,4,2.754360929019212,0,3,40,1,49.7,Medium
SEG100664,23.018805981620012,72.56765152273314,23,2.231123231876281,0,3.1729609188435717,0,1,30,1,44.9,High
SEG100665,23.039470153120288,72.55655358355884,1,6.231227395942356,1,5.377874479064747,1,1,40,1,59.2,Medium
SEG100666,23.044408738328695,72.5827084189017,16,2.9495681066425297,3,5.4739929894572645,0,0,60,0,44.0,High
SEG100667,23.05493088535367,72.55212239015522,14,0.3017655291628296,0,8.109735085268452,0,1,50,1,61.5,Medium
SEG100668,23.016299913135615,72.58686831803072,4,1.7982285565583356,5,3.8792828037863982,1,1,40,1,20.3,High
SEG100669,23.02243680731222,72.54779052649626,5,1.0259357226384136,1,2.8116424212612534,0,2,30,1,30.7,High
SEG100670,23.00752517029163,72.54023864633277,6,1.9593255356819417,2,6.082433220995705,1,0,40,0,53.6,Medium
SEG100671,23.031617956129267,72.5499212245257,16,7.956044214490035,4,7.282810410468922,0,0,40,1,62.9,Medium
SEG100672,23.05486690204946,72.53226952646848,7,2.9283213403043176,1,9.925975075648727,1,3,40,1,52.9,Medium
SEG100673,23.038548455556636,72.54828098784682,19,7.570399509451119,2,6.1829881966303555,0,1,60,0,57.2,Medium
SEG100674,23.032736706222735,72.57290764620234,8,9.488625548427708,0,4.907335745828723,1,0,80,0,84.7,Low
SEG100675,23.0215803001107,72.53924839360617,2,5.742731150677747,4,1.3306801114937616,1,1,80,1,19.7,High
SEG100676,23.050341431815706,72.53723872323113,2,4.854089420100546,2,9.869230848149078,1,1,50,1,63.5,Medium
SEG100677,23.02733041278717,72.53860504393154,9,7.501271755902637,3,6.84991815146954,1,1,40,1,68.3,Medium
SEG100678,23.007390180232218,72.535040858827,9,0.9709013989309001,4,1.6501743617948728,1,0,30,1,38.2,High
SEG100679,23.02009581547595,72.58685130176978,17,4.282120874848852,2,4.596772905875325,0,0,60,1,58.7,Medium
SEG100680,23.003694166786627,72.59136748250728,11,4.988245949320607,1,5.603023355897843,1,1,40,0,71.8,Low
SEG100681,23.011108847072883,72.53302647486237,3,8.310513103983777,2,2.1687730702224597,1,1,30,1,65.7,Medium
SEG100682,23.000971782954995,72.57940466580033,5,8.142176602312993,4,7.324814329898946,0,0,20,1,63.0,Medium
SEG100683,23.02493039540751,72.57791486353662,13,8.482653598499812,1,6.503375562897967,0,1,60,0,67.4,Medium
SEG100684,23.034899714572347,72.59479911259965,8,6.978729278677019,1,2.33747354411923,1,2,30,0,62.5,Medium
SEG100685,23.01888108543084,72.55261159301187,16,5.305558071848377,2,9.897563706854468,0,1,50,0,75.6,Low
SEG100686,23.02312099743279,72.54855808445988,22,8.278793213433822,2,9.486685209720411,0,5,40,1,42.7,High
SEG100687,23.05275651000645,72.55945033785264,8,8.732824152552697,1,2.6552110963231366,0,0,30,0,77.2,Low
SEG100688,23.04135797168662,72.5856773865147,13,4.804845926588137,1,4.418121546099266,1,2,60,1,54.7,Medium
SEG100689,23.029747115031974,72.57735858676496,19,9.856619078887716,2,8.94787941580865,0,1,60,0,68.6,Medium
SEG100690,23.01564974813115,72.56065554790788,5,8.748181249791786,2,4.062958432605246,1,0,30,1,78.0,Low
SEG100691,23.049334823932515,72.54589658481358,12,5.104696654214079,3,9.54820516907971,1,1,30,1,72.3,Low
SEG100692,23.012930341428437,72.57725602318244,7,0.6928759534710638,4,2.004075363753528,1,1,40,1,37.1,High
SEG100693,23.017893850178417,72.58554424642274,15,2.2449205087189625,2,7.240222856300404,1,2,30,0,55.4,Medium
SEG100694,23.049998564793263,72.55599683001938,17,7.763985793762849,2,5.995060671175652,0,0,30,0,67.0,Medium
SEG100695,23.029124813040678,72.57345805397837,3,1.1115425699868475,0,3.461849365311612,0,0,60,0,34.8,High
SEG100696,23.04082748721799,72.55601378137648,4,4.698000663192632,4,7.177925534869799,0,2,30,0,29.7,High
SEG100697,23.032490963679006,72.56110207347919,0,6.048521921047275,3,0.24210509517040069,1,2,40,0,31.8,High
SEG100698,23.035939156495523,72.56411917469707,0,8.783468283705153,2,2.3086984934879706,0,0,30,1,61.3,Medium
SEG100699,23.016466081033315,72.58042217791144,1,8.4711386289348,2,2.6129552855620295,1,2,30,1,51.2,Medium
SEG100700,23.013275463389466,72.59353788896838,16,7.642779210597328,1,1.1747040668925735,1,1,30,0,75.7,Low
SEG100701,23.017737079094278,72.55888380057148,21,4.07694242611199,2,0.33961104436453504,0,2,30,0,24.8,High
SEG100702,23.00854928602459,72.5522504754061,9,1.4224925434229707,2,3.529475069797985,0,2,50,1,37.5,High
SEG100703,23.048087290090994,72.55428341542071,21,6.696493095578479,4,2.1827465998832363,0,2,50,0,30.6,High
SEG100704,23.015578581328757,72.53870278950939,17,1.8128862248847266,6,1.3286694955046197,0,0,40,1,24.0,High
SEG100705,23.030881916692792,72.54930101795816,19,5.613144834086158,4,1.5731074437314463,0,0,60,1,42.7,High
SEG100706,23.043558593382777,72.53561908186248,17,9.806781824633443,2,8.26266468960828,0,2,30,1,78.0,Low
SEG100707,23.043110326015665,72.55781312710666,4,5.503097758072746,1,0.9490287151940058,0,1,40,0,31.2,High
SEG100708,23.02411124422213,72.54087822250521,12,6.455568672604475,3,7.248552262285245,0,0,50,1,65.6,Medium
SEG100709,23.02619415197227,72.55251643848834,12,6.775754719161738,0,0.539544201882578,0,0,40,1,78.8,Low
SEG100710,23.054708596191425,72.58158255371045,15,8.303883576755048,4,0.40632011513158206,0,0,80,0,51.0,Medium
SEG100711,23.037102861233848,72.5459852972883,19,4.3498067810704875,1,4.422430336974355,0,1,40,1,64.3,Medium
SEG100712,23.044805114371485,72.56977315038723,2,4.975099010524977,2,3.818530146685556,1,0,80,0,48.2,Medium
SEG100713,23.049640468307057,72.58857679225116,16,1.7597201392458994,3,5.457485186513287,0,2,20,0,41.3,High
SEG100714,23.043317440992613,72.56685039715693,19,6.14679887737502,1,7.026430761868,0,0,20,1,78.2,Low
SEG100715,23.010184863972444,72.54259651983021,2,2.957580063243892,4,3.0981071611619324,1,2,30,1,37.9,High
SEG100716,23.030919390355567,72.55240980260778,9,5.076247488886995,3,1.9440734886640487,1,0,60,0,45.3,Medium
SEG100717,23.0056041786523,72.56837399846697,21,7.665571935098978,2,8.221168111524632,0,4,20,1,53.9,Medium
SEG100718,23.03591071696102,72.56292972408438,0,0.17569904681986603,2,1.6530693650700246,1,0,30,1,35.6,High
SEG100719,23.05254421855033,72.539660289358,3,5.639155265843732,3,7.984527374119089,1,2,80,0,35.7,High
SEG100720,23.028200263536505,72.55904176240489,19,1.7344501731068973,0,5.87146875675551,0,0,40,0,62.8,Medium
SEG100721,23.023813487107727,72.56529933516917,4,2.7938333978385366,2,2.8936998328589327,0,0,30,0,47.9,Medium
SEG100722,23.001971351328,72.54737662643974,16,0.3471328008699792,1,3.1425906401358317,0,4,20,0,34.6,High
SEG100723,23.052787598728106,72.56980895849709,21,1.6946276018590223,5,3.706294612747195,0,1,50,0,14.9,High
SEG100724,23.00566514762716,72.53456040646654,11,9.866293932871518,1,5.9107972779720255,0,0,60,1,81.4,Low
SEG100725,23.002259350131766,72.55187945718176,11,9.98522761199312,3,9.796267807841486,1,4,50,0,65.9,Medium
SEG100726,23.01353366363277,72.58227799413054,10,7.198479198896475,0,3.18273019017697,0,0,20,1,86.4,Low
SEG100727,23.00360417386551,72.54685351205903,8,6.118568547711936,2,9.418679117082121,1,0,40,0,69.3,Medium
SEG100728,23.025031481332647,72.5693364952502,9,7.77006953099265,3,2.0514685229945506,0,1,40,0,50.2,Medium
SEG100729,23.02838482906914,72.55665193139117,13,8.965542721851618,3,1.1295811733640126,1,1,60,1,54.1,Medium
SEG100730,23.017191347196572,72.55056990925699,21,5.193050595654082,2,5.321137819814239,0,2,50,0,34.2,High
SEG100731,23.00280282654162,72.58954855971415,23,0.3528399941770122,3,9.76480870708742,0,1,50,0,25.3,High
SEG100732,23.006138020253708,72.55231201167523,20,7.093958205800527,3,4.848637948320228,0,2,40,0,40.4,High
SEG100733,23.021147740789445,72.54538393359665,2,9.846025020724225,2,7.999150601879059,0,2,20,1,59.5,Medium
SEG100734,23.00332906479546,72.58910458551662,7,2.580529559719613,1,4.725463320167541,1,3,50,1,45.4,Medium
SEG100735,23.038400434908546,72.57848638313583,18,4.634655654611,5,8.50001813041523,1,1,40,1,60.5,Medium
SEG100736,23.011386129783865,72.57431698139038,13,3.6127440105128117,2,8.127407597219971,1,0,30,1,70.6,Low
SEG100737,23.0166139362831,72.53321977123434,8,3.9046749422986338,5,6.861924998258741,1,2,50,1,40.0,High
SEG100738,23.021676917744795,72.53852832244652,7,7.213999938753569,1,6.154105959438239,0,2,30,1,70.7,Low
SEG100739,23.022913529818805,72.57149209764762,2,3.7840438975605006,1,5.181428271504883,1,1,50,1,53.2,Medium
SEG100740,23.000091338922115,72.54361313437421,7,9.410841254587266,4,9.567589050915394,0,1,50,0,74.3,Low
SEG100741,23.00616387040493,72.54466646906597,10,7.896584537635603,4,5.5737984149486,1,0,20,1,79.6,Low
SEG100742,23.04745205100575,72.58064400349734,9,0.2764702508769512,2,3.3713806173809546,1,1,50,1,39.6,High
SEG100743,23.000067818438154,72.5485851216744,13,8.185488820337248,2,8.822170863049728,0,0,40,1,78.6,Low
SEG100744,23.02794920456971,72.53465317463987,6,7.728574224386586,1,6.600348706293037,0,0,40,0,78.9,Low
SEG100745,23.026922610357897,72.53236807657514,4,5.1649372838123355,1,5.581730053126773,1,0,80,0,46.8,Medium
SEG100746,23.018320178855586,72.55880656917094,21,4.968173967464136,3,6.8217057538495105,0,1,60,0,35.3,High
SEG100747,23.023722986108055,72.5701133575495,9,8.355269034669533,0,3.488721156763428,1,0,30,0,74.2,Low
SEG100748,23.042931962563962,72.58647754017046,6,4.247852891630349,5,4.208529892748438,0,4,50,1,16.0,High
SEG100749,23.04626620384182,72.53720228567713,15,1.5946234329329845,2,1.955947599588026,1,1,40,0,48.9,Medium
SEG100750,23.014319169887838,72.54278373370875,13,3.128988328490326,4,8.550208107335958,1,0,50,0,57.0,Medium
SEG100751,23.017736974253225,72.56443703970899,13,2.6520240335748935,1,6.655920737031236,0,3,30,0,42.5,High
SEG100752,23.01333655691656,72.55366704354573,5,6.810590296514503,3,8.242617353835444,1,0,40,1,63.6,Medium
SEG100753,23.026392487030307,72.56136493433095,17,1.7887335004084526,4,3.1739056898575937,1,0,20,0,54.9,Medium
SEG100754,23.037579209671236,72.59006810218398,4,6.44772436432807,3,9.954373098679023,0,1,60,1,50.0,Medium
SEG100755,23.012553908150487,72.56541795750121,20,4.659669472637619,5,3.5721017413306653,1,2,60,1,39.7,High
SEG100756,23.018190465813017,72.55698283968978,10,8.396609294117818,1,3.53713027632807,1,1,30,1,82.3,Low
SEG100757,23.051171153967402,72.59431359393548,9,4.84998743217468,2,9.60635459457832,0,1,40,0,70.4,Low
SEG100758,23.002671310941583,72.53423901854347,9,9.29803934569383,4,6.550648821908748,1,2,30,0,59.1,Medium
SEG100759,23.025342328288176,72.59058737414412,10,9.004691278855878,2,9.33442328402579,0,0,30,1,80.6,Low
SEG100760,23.03913569228782,72.56260801973426,15,1.8528757910402283,3,6.231418862998845,0,1,20,1,45.7,Medium
SEG100761,23.00827497063566,72.56274416195487,11,6.861663523518836,2,2.4647480566331357,1,1,50,1,66.2,Medium
SEG100762,23.0026055711003,72.58992768172321,3,2.1462474912077525,1,3.9073650762511694,0,0,30,1,57.5,Medium
SEG100763,23.007601295440118,72.56297605867356,13,8.233043062304578,2,8.5891237420719,1,1,40,0,80.9,Low
SEG100764,23.050535275644187,72.55849646088446,6,6.357231545365691,3,4.8946192923979766,0,0,60,1,56.0,Medium
SEG100765,23.000509288000163,72.54771175848762,2,2.9411769428165115,2,7.08979622931023,0,2,20,0,44.4,High
SEG100766,23.010357708614624,72.57282308984313,20,2.4912362838350646,1,1.665287659825283,1,0,40,1,57.3,Medium
SEG100767,23.00172059320959,72.56702693091368,7,4.2957765504543,2,3.9976860810000003,1,0,80,1,53.5,Medium
SEG100768,23.00608462071592,72.54393245340161,14,8.00722971461131,0,8.394571840140744,1,0,50,0,86.8,Low
SEG100769,23.034108210764558,72.57611183947898,4,7.961616090394516,0,9.410103377188257,0,2,30,0,62.7,Medium
SEG100770,23.01329013998065,72.57186564572689,8,0.3337622555493547,0,3.243006642619931,1,0,30,1,59.6,Medium
SEG100771,23.031306662773687,72.55582670247342,9,3.0228721547090007,1,1.7257281836573923,0,2,50,0,43.5,High
SEG100772,23.032460746052138,72.53028605992372,3,4.2285096346971764,3,0.2342083872613021,1,1,20,1,36.6,High
SEG100773,23.046718943319938,72.55902777476145,23,5.855820134442432,3,1.2738445573397361,1,0,40,0,34.9,High
SEG100774,23.000260776610155,72.53039377761347,7,1.4952700881469905,5,8.356678949467103,1,2,30,0,42.3,High
SEG100775,23.04693532026383,72.53487490180444,13,3.352830205289248,2,4.556839516721913,0,2,60,0,33.3,High
SEG100776,23.03405154975348,72.55798964366126,13,8.855970205679588,1,2.9162147700957455,0,3,30,0,51.4,Medium
SEG100777,23.008950891735772,72.53532479247205,10,4.765475134136495,4,7.756600616233515,0,0,40,1,63.9,Medium
SEG100778,23.042511556347442,72.54791825319617,14,7.441432260434394,2,7.93445920925925,0,1,50,0,61.7,Medium
SEG100779,23.047052034798483,72.57260693895633,13,4.847785064963399,0,3.6216046323179,1,2,20,0,61.2,Medium
SEG100780,23.01398449160648,72.55005999726961,1,4.649825764004635,2,9.013676440564005,0,3,40,0,38.5,High
SEG100781,23.050533652449648,72.5948471586179,16,6.21925525083504,3,4.631123331442202,0,1,80,0,42.4,High
SEG100782,23.024995158666425,72.58955963220447,2,2.5936451218961754,2,2.6123118092596966,0,0,50,0,30.4,High
SEG100783,23.033188344988332,72.56804514379806,10,2.4980209930624997,3,8.997558913540184,0,2,20,1,42.1,High
SEG100784,23.05415572434897,72.59285156401127,8,9.89353854891609,2,1.5295147784890106,1,3,60,0,50.7,Medium
SEG100785,23.019884484325157,72.58642112413811,10,8.689920093192223,0,9.959435192739457,0,0,30,1,100.0,Low
SEG100786,23.044723764020105,72.55072840372463,1,7.377548964496445,1,6.132522264631803,0,2,30,1,60.3,Medium
SEG100787,23.017511951480564,72.57872375598905,16,1.3714453905553325,2,9.153474644025678,0,1,30,0,51.9,Medium
SEG100788,23.04395674372328,72.53889406596026,10,0.3022471118476666,2,1.7883580741446359,0,5,50,0,10.7,High
SEG100789,23.033040365537445,72.57449584258461,1,1.7541250419709298,6,3.891112645429474,0,1,30,0,16.5,High
SEG100790,23.011899563237396,72.56192031872214,0,9.3773096450752,2,8.73250932634735,0,1,30,1,65.6,Medium
SEG100791,23.022771435158408,72.53109368605143,12,8.162897702489879,1,8.371008839004821,0,1,40,0,81.2,Low
SEG100792,23.017469959889997,72.54782493845538,15,5.230760124885764,3,8.718511498407223,0,0,30,0,66.2,Medium
SEG100793,23.00429596161942,72.59209984413127,13,9.687805913683773,1,2.8045914995374686,1,4,50,0,53.2,Medium
SEG100794,23.001640912355484,72.55052904653076,17,1.46582102902301,1,6.176180249138793,1,0,40,0,69.4,Medium
SEG100795,23.019056326047394,72.54179453959459,18,5.591504400060368,2,3.895985276576277,1,2,40,0,43.0,High
SEG100796,23.001046878129962,72.5421895440272,20,1.8322212639870983,2,3.207744034612915,1,0,30,1,52.7,Medium
SEG100797,23.009101826667,72.56114886220173,23,3.064286048043059,1,5.20127603271882,1,0,60,1,56.3,Medium
SEG100798,23.039885082646798,72.58477220064358,21,9.401350189632256,4,7.150529474613573,1,1,30,0,61.8,Medium
SEG100799,23.038945017962597,72.57927011473366,19,8.682785165486834,5,5.185178307956107,0,0,30,0,67.2,Medium
SEG100800,23.040621921255156,72.55839538048996,10,1.0179878563058609,2,2.304979079914532,1,1,30,0,32.3,High
SEG100801,23.01744342441215,72.5435672474234,12,2.4954380556093847,1,8.07492633625541,0,1,80,1,58.5,Medium
SEG100802,23.048951070141474,72.53299421850664,14,5.945074695820506,0,9.777886794600828,0,0,40,0,75.1,Low
SEG100803,23.032660680141564,72.56007097076638,4,0.6135278734082439,1,3.6287862247297276,1,0,20,0,47.4,Medium
SEG100804,23.006931448796063,72.58296039765368,16,5.500846473514374,1,8.492528189584927,1,1,30,1,79.9,Low
SEG100805,23.007904526380056,72.57742932958362,14,5.844914357940106,3,8.63862771774489,1,1,40,0,69.8,Medium
SEG100806,23.038120248481132,72.55655904989577,12,2.909671813304595,2,2.6052124057145676,0,1,30,0,42.8,High
SEG100807,23.009511916504316,72.56865567367464,20,2.931229801251234,3,7.053071277872386,1,2,40,1,57.9,Medium
SEG100808,23.027901098587012,72.5583560238615,16,2.2907926877007077,4,9.384172017113023,1,1,30,1,54.9,Medium
SEG100809,23.05454759617608,72.56763604713636,22,9.356763701960428,3,7.398559413344642,0,2,30,1,56.4,Medium
SEG100810,23.000220418260334,72.56363784088558,23,3.8887114069907747,2,0.3002176358656461,0,1,50,1,31.8,High
SEG100811,23.000911889104366,72.57426282900813,19,5.852690631138904,2,6.045192319021862,1,2,40,1,72.2,Low
SEG100812,23.054619652006178,72.56300107482966,7,3.0157457425351453,3,7.784514171504941,1,0,20,1,73.8,Low
SEG100813,23.032155135877378,72.5911397148809,4,7.026640044149043,1,6.181365822222286,1,0,30,0,69.2,Medium
SEG100814,23.006980048653517,72.55782183180281,7,1.0144127105864253,5,0.28739844581413654,1,0,60,0,28.4,High
SEG100815,23.049351620986474,72.53103455969759,17,0.7164154309466397,4,1.2016908344224153,0,1,60,1,29.7,High
SEG100816,23.048420916507023,72.54536427980159,20,7.442837605818863,2,8.016222875906582,1,0,50,0,78.8,Low
SEG100817,23.029491022721125,72.56253944577693,21,7.266679583153499,3,4.880533609529865,1,0,60,1,50.9,Medium
SEG100818,23.03419856164234,72.56513717037276,16,2.6500133614066224,3,9.579768754376012,1,0,20,1,75.7,Low
SEG100819,23.01502529553255,72.56590501130529,16,3.5504671272468835,2,4.149815892583653,0,1,30,0,49.1,Medium
SEG100820,23.00277858330046,72.57644588638756,22,9.572605013328223,1,8.217082647918055,0,0,20,0,74.5,Low
SEG100821,23.032701218489,72.54785212927014,16,1.0433029499531432,2,0.3549254083069553,0,0,30,0,35.0,High
SEG100822,23.01621153562615,72.5732187391377,3,1.8314706654667101,3,8.4101473023958,0,2,50,1,35.4,High
SEG100823,23.03649915756632,72.57576209775274,12,4.300383649732332,0,8.590577076779844,0,0,20,0,80.4,Low
SEG100824,23.045993484726342,72.55673324892035,8,2.8209890605552514,0,3.6207582921296266,0,0,40,0,53.7,Medium
SEG100825,23.00099882991529,72.55614099144451,15,6.490085486322071,2,3.094520414632751,1,1,30,1,61.2,Medium
SEG100826,23.032764257607713,72.54163011106768,15,6.906017229466844,2,9.099087775168735,0,1,60,0,73.7,Low
SEG100827,23.012720429682776,72.5569091794566,7,5.263880838900952,1,7.777047243344743,1,0,50,1,83.7,Low
SEG100828,23.04806386738471,72.58114305896096,7,6.111973014027699,3,5.97948729013385,1,1,50,1,63.9,Medium
SEG100829,23.013951547860902,72.58908324536074,2,4.334208320203449,1,4.363449313859639,0,0,30,0,53.1,Medium
SEG100830,23.033592357327947,72.56858485743567,7,7.60387253725166,2,9.120866183548543,0,1,60,1,69.0,Medium
SEG100831,23.030444746204928,72.54945907231803,19,0.42098497846269733,2,7.472220978789559,1,2,60,1,45.8,Medium
SEG100832,23.02178915750326,72.57434883171288,15,3.128913366558809,2,4.168359104793228,0,0,50,1,54.7,Medium
SEG100833,23.03726914199799,72.57810950356524,22,6.8443004139489405,4,4.9672013303474305,0,0,40,1,53.3,Medium
SEG100834,23.039917329909347,72.55159383062075,22,3.296451078753825,3,0.9843165534649656,1,1,30,0,24.0,High
SEG100835,23.031181578742565,72.58372561099682,20,0.7853528044294944,9,8.107449990456653,1,2,50,1,14.6,High
SEG100836,23.04171322304516,72.534790229089,4,3.4501342846677527,1,8.417022751223733,0,1,60,1,43.7,High
SEG100837,23.05408793917961,72.530698991644,8,7.114947717886633,3,3.556422409520932,1,0,30,0,69.9,Medium
SEG100838,23.023059981334544,72.53799310022109,1,1.2198486525331775,3,3.09653733918527,0,3,30,1,17.0,High
SEG100839,23.028302067853705,72.54014054260878,2,7.2463136421165455,2,2.5223415428126303,1,0,30,0,51.7,Medium
SEG100840,23.000685843286767,72.5871303871416,5,7.754557163575756,4,1.734587185527916,1,3,80,1,24.5,High
SEG100841,23.04378157059707,72.55762381064439,6,6.353007444226989,0,9.477851172875768,1,1,40,1,84.3,Low
SEG100842,23.028612653687528,72.54787055997808,0,2.4423404855814423,3,7.590334870442501,0,0,80,1,30.4,High
SEG100843,23.02243787866983,72.55788988253914,20,8.052953571950614,1,4.334055009368878,0,1,40,1,77.0,Low
SEG100844,23.005173957969916,72.55566465802553,12,2.1444250177846538,4,1.1017050912102067,1,0,30,1,45.1,Medium
SEG100845,23.048931103192146,72.54959500841922,15,9.058209521713504,4,1.394370883599031,0,0,40,0,60.7,Medium
SEG100846,23.021725398202232,72.53896347285678,15,7.066456991420821,2,7.097884170243026,1,1,30,1,70.1,Low
SEG100847,23.037541987901506,72.5726345050283,23,0.5471992664705971,1,2.030810395196597,1,2,40,0,29.1,High
SEG100848,23.008215578600247,72.53887928618067,3,7.992871186616631,2,3.47873965877291,0,1,40,0,39.9,High
SEG100849,23.052885229624756,72.58040258942373,8,5.064335403599074,3,9.570091264607886,1,1,40,1,82.5,Low
SEG100850,23.0098142969002,72.54310972086323,7,4.526488963130514,3,5.811979037065193,0,2,30,1,42.2,High
SEG100851,23.010974809609472,72.57753913496366,13,4.205111926984868,2,8.083472758356645,1,0,40,0,78.4,Low
SEG100852,23.047244057330673,72.58236309687021,12,6.066300664409169,2,1.0388133860516036,0,1,60,1,48.9,Medium
SEG100853,23.050192050927805,72.53814619063535,18,7.245785007829612,2,3.3038619232773825,1,1,30,1,68.6,Medium
SEG100854,23.011668107413783,72.53563847493872,13,8.959766157245607,2,8.956070526746387,0,1,60,1,78.0,Low
SEG100855,23.025839048849615,72.59172223009249,5,2.729448129472253,5,8.104630842591234,0,1,40,1,28.3,High
SEG100856,23.040342219750954,72.56009804243892,13,6.307762729104237,3,7.234499840222513,1,2,40,1,67.3,Medium
SEG100857,23.048310115359595,72.57096530717324,23,6.8634261146813,6,5.874048685553932,0,0,20,1,49.8,Medium
SEG100858,23.02084789822705,72.53151192860791,13,6.747971397868926,2,2.6894006383986415,0,1,30,0,55.7,Medium
SEG100859,23.028436071776717,72.54811616173616,14,4.930006477829699,3,5.854805522271636,0,1,50,0,49.9,Medium
SEG100860,23.040794402578584,72.56285084754636,4,3.910225482037011,1,0.5075995854605642,0,2,60,1,38.0,High
SEG100861,23.040212478715905,72.58760419037031,0,7.623788170670917,3,2.0229419379053937,1,1,40,0,47.6,Medium
SEG100862,23.043062807151433,72.54764356214169,5,3.0000980404080133,2,5.18265260589409,0,0,30,0,39.5,High
SEG100863,23.031346360025285,72.58038743579081,0,2.080531623982431,2,0.01977331014858419,1,3,50,1,23.5,High
SEG100864,23.005753830324263,72.57304384033681,10,5.458291937601238,2,2.322268352470558,1,0,60,0,53.8,Medium
SEG100865,23.04971853099829,72.53749259990738,21,2.6761085766217696,0,1.52248028675382,1,1,50,1,41.2,High
SEG100866,23.047606489662655,72.54906938623148,10,0.33233162764539026,1,3.4551278086248303,0,3,30,1,39.2,High
SEG100867,23.04389535897001,72.54546116236851,15,0.5157574338230542,2,8.583532110131506,1,2,40,0,43.4,High
SEG100868,23.00549243624384,72.55876429319227,20,6.950105263868746,3,9.474191007977812,1,0,60,1,77.4,Low
SEG100869,23.01124185518948,72.57129672579809,18,9.73145845992073,1,1.6505840997939425,0,2,30,1,69.7,Medium
SEG100870,23.04089802008092,72.55817228410805,15,4.54688383626075,3,2.3107461136194942,0,1,30,0,53.3,Medium
SEG100871,23.001272705202005,72.54589487742386,18,1.4706112558473416,0,8.468772633847104,0,3,50,0,49.7,Medium
SEG100872,23.0538573548539,72.57523211993484,6,8.18083210529353,3,1.726761940085182,0,1,40,0,44.0,High
SEG100873,23.02074295741956,72.56799062115624,10,2.6143589697371983,0,7.413164441104536,0,3,30,1,50.1,Medium
SEG100874,23.039562189352996,72.56375540398201,9,9.956264616038805,6,0.8547845868213244,0,0,40,1,60.4,Medium
SEG100875,23.04881640986684,72.56603727383398,19,5.6326416582706,1,6.483051007679832,0,0,60,0,61.5,Medium
SEG100876,23.021704643848253,72.5444235420091,9,2.3263254856010063,2,2.6570012255798425,1,1,60,0,34.7,High
SEG100877,23.01755228687298,72.57422801897101,22,4.960047695243439,0,7.49561234619054,1,0,20,0,66.3,Medium
SEG100878,23.033480762089404,72.55518753481002,4,3.353812718296486,2,5.193732298684026,0,1,60,0,37.0,High
SEG100879,23.031954415556143,72.55362540828246,4,7.794719846269478,3,1.7889501892311144,1,1,40,0,44.9,High
SEG100880,23.022502698769365,72.53973272353734,17,1.0581588580805579,2,4.022290474096387,1,0,30,1,61.3,Medium
SEG100881,23.033097611572725,72.56879442674578,18,8.570027170325483,1,5.143528359229988,1,0,20,1,89.4,Low
SEG100882,23.051445975326157,72.56917318668552,16,7.673368942641346,0,9.959767688157164,1,0,80,1,84.4,Low
SEG100883,23.02572021411446,72.55211954183832,7,8.613638039014875,5,4.803623944294438,0,1,20,0,45.5,Medium
SEG100884,23.010820819941284,72.58589025369626,0,8.949937460416649,0,1.5123968075162941,1,2,30,1,58.0,Medium
SEG100885,23.020746329058564,72.5849547634165,7,2.2977782294308122,3,5.552277910527767,1,2,50,1,46.2,Medium
SEG100886,23.021675884042622,72.53708852992136,11,5.210058072286207,4,2.202125667370379,0,0,50,1,41.6,High
SEG100887,23.007210978116444,72.57517749520764,9,8.499222201663773,3,8.795656225266551,1,2,30,1,80.3,Low
SEG100888,23.0089579325305,72.55559925915203,22,3.7738797211611153,2,8.340681668873968,0,2,50,0,32.7,High
SEG100889,23.037650914036654,72.59498146531908,20,0.6040757679563247,0,1.2864712129265865,0,1,50,1,35.9,High
SEG100890,23.018671276481488,72.54462653592951,18,2.9163435653851657,1,5.883752971221734,1,1,50,1,62.7,Medium
SEG100891,23.05251941155207,72.54823407335195,0,2.4192031147481083,6,6.96507232396131,1,2,50,1,27.4,High
SEG100892,23.013397820994722,72.55873690914612,3,8.700626186891045,1,2.516644846279367,0,0,20,0,68.6,Medium
SEG100893,23.005440847780765,72.54746648466424,10,4.638463494091482,1,6.263751335895554,1,1,60,0,53.6,Medium
SEG100894,23.041442750965015,72.57497956881512,14,6.835442374463132,2,4.626886060902397,0,0,40,0,70.8,Low
SEG100895,23.048456982855484,72.5612590272918,16,9.621191496915854,4,4.820786953483776,0,0,40,1,69.4,Medium
SEG100896,23.015296234627932,72.54435712426522,7,2.991878523852037,3,5.5129055293681635,0,0,20,0,50.5,Medium
SEG100897,23.0111148455905,72.56291431451663,2,7.611995575273958,4,5.701374491400635,1,2,40,0,45.8,Medium
SEG100898,23.01021713741791,72.58777120481372,7,0.22764121518721425,4,7.097980588888771,0,0,30,1,54.1,Medium
SEG100899,23.02871067657516,72.58150571704525,19,1.0411617531152817,1,4.524278614251856,0,1,40,1,41.7,High
SEG100900,23.025762915268572,72.56242388008775,23,1.618650900032781,1,7.226356087846357,1,1,30,0,46.6,Medium
SEG100901,23.014269191192,72.54875201920423,22,3.124183368725084,3,4.859355695802471,0,3,50,0,15.3,High
SEG100902,23.00248452143442,72.54169262020567,14,4.029872151293784,4,6.628164173285038,0,1,20,1,57.3,Medium
SEG100903,23.026482023717946,72.58709488701714,2,4.770158907322544,1,2.6310991158150587,0,4,40,1,35.9,High
SEG100904,23.052763279119958,72.57616085113241,23,2.453313462833975,4,5.417014048225337,0,1,40,1,31.1,High
SEG100905,23.035888556041396,72.56719061470459,3,0.6621531961013594,2,4.679957522407221,0,4,30,1,16.8,High
SEG100906,23.027252860614574,72.587163251987,6,6.775230918402433,4,3.021962928492589,0,2,60,1,43.2,High
SEG100907,23.00608806407163,72.53790986867932,23,0.23661353534264462,1,0.6231200018367344,1,0,40,1,37.4,High
SEG100908,23.013883995980226,72.57436180359014,12,8.094706348587248,2,5.101913972786861,1,1,50,0,56.2,Medium
SEG100909,23.0162125672266,72.54408630030686,4,9.291548251512014,3,0.09755061208099436,0,3,40,1,35.7,High
SEG100910,23.042064195393397,72.53783753366604,12,7.103689136596344,3,3.8983025347787215,0,1,50,0,55.8,Medium
SEG100911,23.048219093849553,72.56026455315045,1,5.959605172748319,0,3.706549026588255,1,1,60,0,57.9,Medium
SEG100912,23.049590301946154,72.55518054043468,7,6.570185293286328,3,6.337532521334028,1,2,40,0,51.4,Medium
SEG100913,23.05415127345379,72.59117628460614,22,6.522220466175943,1,9.874289361408003,1,5,80,0,40.3,High
SEG100914,23.054030167570748,72.55105867053886,7,9.317051360665005,2,8.58001198865108,0,1,30,1,89.0,Low
SEG100915,23.05241495230224,72.58296864683838,21,9.643058711939673,2,9.750838112108598,1,0,60,0,86.0,Low
SEG100916,23.00395021772766,72.57867375503044,13,4.2671164190822175,2,9.509370843353452,0,1,40,1,68.6,Medium
SEG100917,23.00757864447603,72.57341505155381,15,6.170791761484181,2,0.741127417580596,0,0,30,1,65.1,Medium
SEG100918,23.016745658956182,72.5898260307424,16,8.028070537341723,1,2.8194738411939166,1,1,40,1,68.3,Medium
SEG100919,23.030409403973547,72.55651509863479,13,0.010381571721375105,3,2.9698758068996,0,0,30,0,31.4,High
SEG100920,23.0053337838788,72.55532862708888,0,5.270159168277156,1,0.7102054547443637,0,1,60,1,43.3,High
SEG100921,23.04651883267912,72.5404615825328,22,6.528763398176976,0,8.466505764833101,0,1,50,0,50.5,Medium
SEG100922,23.033921589849253,72.54792453490718,11,7.172054497375816,1,8.953293361763912,1,2,50,1,77.5,Low
SEG100923,23.029830042126623,72.58718546964396,15,3.6878940939628113,0,6.049739986704869,0,0,30,0,75.5,Low
SEG100924,23.0090921227852,72.56083483863924,13,2.9564442061159224,4,8.909909269440446,0,1,80,0,42.5,High
SEG100925,23.01392905109201,72.5521879659424,15,1.821425665679085,0,7.143691638578681,0,1,60,1,62.2,Medium
SEG100926,23.008817161374026,72.54404728358034,8,5.578155490526845,2,4.40553943145685,1,0,50,1,68.2,Medium
SEG100927,23.046856323678714,72.56152241626583,20,9.193034322521216,2,1.4986439595249323,1,0,30,1,74.8,Low
SEG100928,23.03213253230337,72.57658324908019,5,8.959781507240482,1,9.584966655537958,1,0,40,0,90.2,Low
SEG100929,23.04043211851358,72.54863498165471,15,3.5996592715769236,2,6.9227870053065015,1,0,30,1,78.2,Low
SEG100930,23.01628180746005,72.57925157385282,13,2.578551399382026,0,3.5418390896125507,1,0,60,0,63.8,Medium
SEG100931,23.020418895039857,72.57093620535711,12,7.88793822670777,2,1.2860026583166484,0,2,30,0,50.6,Medium
SEG100932,23.022267023043458,72.58119156656508,0,7.2498001824418825,2,7.9896976400558986,1,0,30,0,65.4,Medium
SEG100933,23.04180082344592,72.54630912587687,9,5.053398311374923,2,8.020149776933,0,0,30,1,78.2,Low
SEG100934,23.042479414322102,72.57101682940765,1,3.890302595388575,2,5.430091821782243,1,1,40,1,48.6,Medium
SEG100935,23.01137474401327,72.53999279316677,12,1.2379790374517496,5,9.999570912800905,1,2,40,0,40.6,High
SEG100936,23.051784637120594,72.5536468038407,16,7.851385890922366,4,3.864203046243545,1,3,60,1,49.6,Medium
SEG100937,23.006636043559404,72.57708340616477,12,6.174644435816974,1,9.420649496551833,1,0,60,1,84.8,Low
SEG100938,23.0492867145333,72.57105844506269,18,3.7688167973801665,2,6.302620684545267,0,1,20,0,64.4,Medium
SEG100939,23.00552176051074,72.54221094714694,8,9.187879760667995,0,7.36422387335558,1,1,20,1,88.7,Low
SEG100940,23.01454968961332,72.58579227368601,7,6.596727064118621,2,9.170770510772469,0,0,30,0,75.3,Low
SEG100941,23.046556319483738,72.53346781385244,10,9.292388668437463,0,8.311513765468426,1,2,50,0,91.9,Low
SEG100942,23.009872063979035,72.56868901975358,5,4.744124603396439,4,2.8866790207571515,0,0,60,0,33.1,High
SEG100943,23.022746236222048,72.59394833251505,19,4.546178240639299,4,8.672347287199514,1,1,30,1,63.2,Medium
SEG100944,23.024742261496925,72.56454780756978,19,9.372392903140796,2,5.397087443844883,0,0,30,0,79.0,Low
SEG100945,23.013489243516275,72.58204366829736,9,9.597914282435333,0,0.4482885136021786,0,1,60,0,62.0,Medium
SEG100946,23.03906348607348,72.56868676325729,19,9.607673188788862,2,6.738179446059633,1,0,40,0,90.0,Low
SEG100947,23.04682340571712,72.58090074047,0,8.18897393907443,3,4.996976474209748,1,1,40,0,56.7,Medium
SEG100948,23.048101632692056,72.57261361879809,3,4.624061448243387,6,5.366237902784024,0,2,30,1,20.3,High
SEG100949,23.01866271801551,72.57492358094494,6,2.1029929426905882,2,4.115253388716643,0,0,20,0,53.6,Medium
SEG100950,23.02919677168583,72.54480772482061,9,3.8344088127782827,3,0.640852235314312,0,2,20,1,41.5,High
SEG100951,23.01366235221261,72.57821835938223,5,9.382974915177886,0,1.802133514710682,1,1,50,0,63.0,Medium
SEG100952,23.013463807585257,72.54546414263318,12,3.635542950802999,3,7.56454601282506,1,0,50,0,61.6,Medium
SEG100953,23.008868973456856,72.59374161788426,19,7.567174268235375,0,2.3422876633204472,0,1,30,0,69.2,Medium
SEG100954,23.051701045594413,72.54480616741247,10,9.230043510911079,3,6.277266930870937,0,1,40,1,71.6,Low
SEG100955,23.048839385573306,72.54538446023385,10,9.703921628814296,4,5.418602633856673,1,2,30,0,58.4,Medium
SEG100956,23.042754729233025,72.58581375283146,1,9.476741468753561,2,2.2139849297332894,0,0,20,1,61.0,Medium
SEG100957,23.028471383670826,72.54579408102758,6,5.550575977222759,3,2.805713034335766,1,2,20,1,54.1,Medium
SEG100958,23.026983435353152,72.55345868157693,19,4.918800746508704,3,3.8356761749368973,1,3,20,1,50.7,Medium
SEG100959,23.029136011640038,72.57645161047664,19,9.876405087679863,1,8.8018639382344,1,1,80,1,82.7,Low
SEG100960,23.02951124074674,72.54031865771266,2,2.181792045803068,1,9.413061836193688,1,0,30,1,71.3,Low
SEG100961,23.023900969658374,72.5403396640638,0,1.8753026168476261,1,3.8675548137377893,0,0,30,1,41.8,High
SEG100962,23.007246515809065,72.56161329751232,19,9.63182297745835,4,0.46150966118784553,0,2,50,0,32.2,High
SEG100963,23.00691151190777,72.54584028902512,4,6.891948218241696,1,6.008983681797949,1,1,30,0,71.7,Low
SEG100964,23.052373734371514,72.54531776711198,13,5.363040097981578,0,4.175758039536822,0,1,30,0,59.7,Medium
SEG100965,23.026511691777248,72.5306005298922,19,1.320497928413057,4,4.92315298129534,1,0,30,1,57.3,Medium
SEG100966,23.052426303869787,72.55407922342786,18,5.132402490163292,6,4.419504246988844,0,1,30,0,39.7,High
SEG100967,23.008996728274056,72.5506862860502,13,9.44221153521555,2,6.545735565496681,1,2,20,1,75.8,Low
SEG100968,23.030492910362195,72.53202512770373,9,6.028913233486717,2,3.0444011786696734,1,1,50,1,60.6,Medium
SEG100969,23.011424448934335,72.5703801565839,18,4.046286224395348,3,8.92631386747462,0,0,40,0,58.9,Medium
SEG100970,23.013925153336963,72.57073258683022,16,5.511030014651284,2,4.2124934615720475,0,0,30,0,62.6,Medium
SEG100971,23.001653001831865,72.53460203066528,20,8.861450870177844,2,3.4166142001504385,1,2,50,1,61.3,Medium
SEG100972,23.00654243209071,72.55060770158912,12,9.128486611353276,3,9.229449856698585,1,1,20,1,84.8,Low
SEG100973,23.050426662419607,72.5867323595797,22,4.000881656528953,2,3.5814290796697756,1,1,40,1,46.2,Medium
SEG100974,23.01768431453153,72.5678408594359,18,6.080610024343221,1,0.8307299899540077,1,0,30,1,76.1,Low
SEG100975,23.033447106655302,72.55677835706078,1,2.7920261268283078,1,1.55336063473134,0,0,20,1,44.2,High
SEG100976,23.02557577725941,72.56023162535017,7,4.510852961584765,2,7.142949960099792,0,1,40,1,56.9,Medium
SEG100977,23.02202481848849,72.54353819963833,19,2.198826367831429,2,5.623255129054233,1,1,30,0,51.7,Medium
SEG100978,23.029253735024035,72.58277229754601,2,5.314722618655752,1,5.346171405964269,0,0,20,0,59.0,Medium
SEG100979,23.010298141953843,72.58941030585432,17,5.782401349646619,2,0.8199110385329789,0,2,40,0,32.3,High
SEG100980,23.054373214418575,72.58919316274626,8,3.378367361307731,1,1.640762053479683,0,1,60,0,47.7,Medium
SEG100981,23.045006932778712,72.54455573546,4,2.7211830063864815,3,3.9621446014844297,1,1,40,0,34.0,High
SEG100982,23.040788804800233,72.55019811740547,12,1.5102560663145193,6,4.480056865993126,0,1,20,0,30.1,High
SEG100983,23.025781761335768,72.54044048036262,22,1.3954366620615977,3,3.7658216617755524,0,2,30,1,26.1,High
SEG100984,23.00840824171695,72.5499680736861,21,7.1146111571411765,2,5.027442494044414,0,1,40,1,49.6,Medium
SEG100985,23.050636622205047,72.55163234918797,9,2.216380035727034,1,7.335483696717353,1,1,30,1,62.4,Medium
SEG100986,23.018776288705993,72.5711518729092,0,1.179770211065605,2,6.3570433551897,1,3,30,1,31.5,High
SEG100987,23.00275586793333,72.54232701480063,21,9.988716897642888,3,6.112854417771726,0,1,40,0,46.9,Medium
SEG100988,23.018832202224583,72.58976080008391,21,2.59916501889057,4,5.577788172611614,0,0,60,0,29.8,High
SEG100989,23.04369513667727,72.53670146555555,14,8.960483154281322,3,2.009282655734931,0,2,50,0,46.0,Medium
SEG100990,23.03424898097435,72.53044707071723,15,6.091859537519174,2,6.046364911287886,0,1,30,0,53.4,Medium
SEG100991,23.04129612216097,72.58557143336098,12,7.15070166806815,3,1.5845608189844729,0,0,50,0,48.4,Medium
SEG100992,23.04364994611243,72.57574503750479,0,5.6091891149963535,1,7.129148600631224,0,1,30,0,57.8,Medium
SEG100993,23.01165750360943,72.55309839157314,3,1.808111950599689,4,4.522875162132967,1,0,50,1,42.8,High
SEG100994,23.050808082385124,72.56870748088416,3,8.470515714526027,3,5.814606152841834,0,0,40,0,48.3,Medium
SEG100995,23.02408942816062,72.54453036655455,21,8.279727664867842,3,8.627945905150776,0,1,50,0,63.6,Medium
SEG100996,23.03514575070953,72.54094532716195,1,3.4968546535026745,1,3.7309729195159056,0,2,30,0,30.4,High
SEG100997,23.000126982492272,72.56062469378402,13,7.638506964114638,2,0.9976246962267932,0,3,50,0,31.1,High
SEG100998,23.054635267412614,72.55295720893186,8,5.430402583444279,3,8.913970061319592,0,0,40,1,78.2,Low
SEG100999,23.015449301228028,72.56998995328479,0,9.090491405600647,3,3.6498378770761866,0,0,40,1,51.6,Medium
SEG101000,23.00341347085971,72.54417969699647,22,8.028243713039679,3,4.0652352228436985,0,3,40,1,45.6,Medium
SEG101001,23.02520441228451,72.57309030053644,0,0.4099576980203079,0,2.960234709793972,1,2,20,0,33.4,High
SEG101002,23.007096653145013,72.57984599881968,20,8.792759721912583,0,4.201694908706278,0,0,40,1,81.2,Low
SEG101003,23.008377969058667,72.54083134929685,18,9.685664179784899,2,5.209707619153709,0,0,20,1,76.0,Low
SEG101004,23.03477555471666,72.53285078842217,19,7.421562026251038,2,8.433112888998226,1,1,30,1,87.7,Low
SEG101005,23.021611006536364,72.55857317939459,3,1.1991353084706802,3,7.201602856236312,1,2,40,0,36.6,High
SEG101006,23.050701884758524,72.58031156558951,21,8.073758898371201,2,5.132809115940699,0,3,40,1,41.7,High
SEG101007,23.017553607203443,72.57230068931231,14,6.474890426235858,0,7.6384681080908265,0,2,20,1,75.9,Low
SEG101008,23.039939907061115,72.57562231182695,9,3.3882631752198025,3,8.477915194290558,0,1,30,1,62.1,Medium
SEG101009,23.02536046865852,72.55618455709957,16,8.840305511926667,0,0.5814858635524345,0,0,40,1,72.4,Low
SEG101010,23.03629732156211,72.54527146044146,8,5.655666884531728,1,5.922288399539734,1,1,80,1,71.8,Low
SEG101011,23.03298324461938,72.5645656248135,6,8.529279310194022,4,0.4326815354751079,0,2,40,0,39.0,High
SEG101012,23.026003118501745,72.5432837700937,6,6.701137485842428,4,3.081155012519088,0,0,50,1,51.3,Medium
SEG101013,23.052253360204343,72.57720486530403,13,2.885161037049282,2,7.624162691729435,1,0,40,0,56.5,Medium
SEG101014,23.018849250351522,72.54280281963737,14,9.750186958610366,3,7.9128533098333715,1,0,30,0,76.7,Low
SEG101015,23.00974795256871,72.54893211233643,5,5.710055479395585,1,8.838272110722752,0,0,20,1,74.0,Low
SEG101016,23.03729517334839,72.56292541059099,5,5.16755241826459,2,4.9823792346479,1,1,30,0,51.1,Medium
SEG101017,23.046530415871935,72.56163614571933,22,4.03509628253255,3,0.8413751754970045,1,2,60,1,30.5,High
SEG101018,23.002213955696696,72.56905520946646,12,1.3634420307768735,0,1.2678522794134206,0,1,30,0,42.6,High
SEG101019,23.024729797863248,72.5584338990325,20,6.862128800361616,1,2.443094740718087,0,0,30,0,57.3,Medium
SEG101020,23.049086822932804,72.58976576505316,7,4.30799198005814,1,3.7218271109124634,1,0,50,0,60.1,Medium
SEG101021,23.041229024040756,72.58459571612282,6,9.346125103556421,1,5.265608256057151,1,0,50,1,96.3,Low
SEG101022,23.05454942440737,72.58714237433038,6,9.650971686188983,4,6.4593736174454595,1,2,40,1,62.3,Medium
SEG101023,23.02922775963785,72.57091857714123,12,7.67640855349951,2,1.6250350644720646,0,3,30,0,44.9,High
SEG101024,23.036299764534064,72.57127551453095,18,2.424947637025352,1,1.8896854974193156,1,1,60,0,33.4,High
SEG101025,23.016636415462585,72.56959791444153,12,7.159796808039664,2,1.7298980915184636,0,1,30,1,57.2,Medium
SEG101026,23.05211445798163,72.55826747003739,7,0.20421750965055496,1,7.549370520245037,0,0,30,1,59.7,Medium
SEG101027,23.02014845187061,72.55093689006937,23,8.264005028083927,2,3.0208784780209585,1,3,60,1,44.6,High
SEG101028,23.040618089197764,72.56848018768417,13,4.9361856709052905,1,1.6671141566622805,1,0,60,1,61.4,Medium
SEG101029,23.02217271122655,72.531659569414,9,9.367396498851864,6,4.313757216692301,1,0,80,0,43.0,High
SEG101030,23.030900041153465,72.53048466804255,0,3.777600413259651,1,2.4751640144017015,1,4,40,1,28.0,High
SEG101031,23.039588039426185,72.58535671870929,13,2.6317360448384433,1,3.6929906656878106,1,1,60,1,54.0,Medium
SEG101032,23.027991378346325,72.53301756291054,14,9.950563387560393,1,8.24014022189522,0,0,30,1,87.5,Low
SEG101033,23.04988974798002,72.56411168477167,22,5.306778715120752,2,3.3389665127431623,1,1,60,0,36.5,High
SEG101034,23.023061554336028,72.56997420459173,5,8.631825424104381,3,1.7485939698566122,1,2,50,1,49.3,Medium
SEG101035,23.035588948897882,72.54288112992546,3,9.110571640210086,6,2.3245267455199836,0,2,30,1,28.3,High
SEG101036,23.0188299338315,72.58822250448723,23,5.184687127814234,3,0.34357283968599717,0,2,30,0,26.0,High
SEG101037,23.022448616752705,72.54235622516364,13,4.557139255191877,5,9.01129329632614,1,0,50,0,56.1,Medium
SEG101038,23.024202755952846,72.58749347417883,0,5.528859547723501,1,6.969676809816546,0,0,40,0,51.3,Medium
SEG101039,23.006919386007176,72.57959436750664,2,8.47739502881414,2,4.633609943900137,0,0,80,1,52.0,Medium
SEG101040,23.005044802348245,72.54564829197908,11,9.646602316007996,2,5.608648221490262,1,1,60,1,77.2,Low
SEG101041,23.03671194577307,72.53979837080794,14,3.2832210936971618,3,2.540909810456713,1,1,50,1,56.1,Medium
SEG101042,23.036053475608867,72.55055512616211,5,7.386303821198466,2,4.0368806122401635,1,0,30,1,61.2,Medium
SEG101043,23.036460034281554,72.55586678680757,8,2.853744772899595,5,3.19835617543496,1,1,50,1,38.2,High
SEG101044,23.00108715449385,72.54597600397243,17,6.1095304133150545,2,8.245433887925177,0,1,50,0,66.5,Medium
SEG101045,23.01796007634695,72.59492795066903,23,8.047895882182704,1,7.434253663436717,0,0,40,0,72.3,Low
SEG101046,23.010879541599255,72.54492740185557,11,8.864863246612932,0,2.8388049055722044,1,4,20,1,64.6,Medium
SEG101047,23.042798328239922,72.58399126375389,9,4.487161842792467,3,7.6224782791131,1,0,50,0,62.0,Medium
SEG101048,23.047334672076786,72.54034265356088,8,3.697556825658915,0,0.9393361589960247,0,3,30,0,46.2,Medium
SEG101049,23.01356742074744,72.59371590064293,3,2.5345161201088784,3,2.0256958333664423,1,1,30,1,38.6,High
SEG101050,23.03673170373664,72.5446590247884,1,1.3341717041818757,2,1.0637929094645693,0,1,20,0,31.0,High
SEG101051,23.007114954190204,72.55740975606093,20,3.649175686436741,1,2.382463269118281,0,1,30,0,56.0,Medium
SEG101052,23.015133388908094,72.56630666433992,0,8.719778047478473,1,2.2619387496464425,1,1,40,1,64.9,Medium
SEG101053,23.007625997292838,72.53781857148515,19,4.188095162106382,3,9.005545415569337,0,0,20,1,70.6,Low
SEG101054,23.01559364216296,72.58309330438614,5,3.17293165811222,1,3.273895382839249,1,1,40,0,39.4,High
SEG101055,23.03711051010421,72.54785455962426,16,7.391322445864148,2,3.5521797361914222,1,0,60,1,68.8,Medium
SEG101056,23.050067980060188,72.5657025436041,22,2.1558447162593875,3,0.997506252420588,1,3,40,0,13.8,High
SEG101057,23.011138732435832,72.56572619769506,17,2.562868024876824,2,0.6598244628182415,0,1,40,1,47.6,Medium
SEG101058,23.02981434692229,72.56917164240117,17,9.359086483383024,0,2.193875532811508,0,1,30,1,77.3,Low
SEG101059,23.03857651056839,72.53360658912408,6,0.8158969261721671,1,1.3454613852323472,0,2,40,0,32.8,High
SEG101060,23.052410735766706,72.54096021951905,14,4.146311802434233,3,3.446099766476196,1,2,40,0,38.6,High
SEG101061,23.033553326558796,72.54047749579001,15,5.767511923948043,1,1.860443629605939,1,2,60,0,55.9,Medium
SEG101062,23.014030881206505,72.54963333186203,10,2.302607156146056,3,1.7817132596784235,0,2,60,0,20.5,High
SEG101063,23.034401298630268,72.5394194201958,0,2.810124842347197,2,6.475366827977042,1,0,40,0,48.3,Medium
SEG101064,23.01762701389229,72.58992488585032,21,2.2184536474866445,2,9.42105932371825,1,2,30,0,51.9,Medium
SEG101065,23.053687061488045,72.56334203928323,4,3.451855720606416,3,0.12481678219650738,1,2,50,1,29.6,High
SEG101066,23.021982187434,72.57053238460067,23,8.985057550784482,4,7.05556079909102,1,0,80,1,53.2,Medium
SEG101067,23.037698524641854,72.55323673140087,22,4.315873465716651,2,6.591976722018307,1,1,80,0,35.6,High
SEG101068,23.00127751702907,72.5479559991672,0,4.178290165234317,1,5.850544543209474,1,1,80,1,47.4,Medium
SEG101069,23.022003379537413,72.56270651606509,17,3.865808801743893,1,6.922981298108345,0,0,30,1,68.4,Medium
SEG101070,23.04813091873274,72.54913099336426,15,9.641157269375743,2,5.086994941913138,0,1,60,1,61.3,Medium
SEG101071,23.03356250944383,72.55233698517243,5,1.1729943621981564,4,9.26917733421496,0,2,20,1,30.1,High
SEG101072,23.024416858751778,72.55942880682761,19,8.718754209393664,3,1.5822489280015994,1,0,20,1,59.4,Medium
SEG101073,23.051476562468963,72.56287268966699,2,3.271610677279755,0,4.735514600508685,0,0,50,1,57.8,Medium
SEG101074,23.0469691406881,72.59398041076582,5,9.565115917053534,1,6.530383829195918,0,1,20,0,71.3,Low
SEG101075,23.017721862060263,72.54451596823053,22,3.1522724624365885,1,9.086987495230623,0,0,30,1,69.0,Medium
SEG101076,23.029950162112275,72.56171845071738,17,0.8287436325632047,3,4.8743555686451545,0,0,20,0,47.5,Medium
SEG101077,23.026940334085086,72.5397182630668,2,5.200418843525158,2,9.769962533877246,1,1,20,1,65.4,Medium
SEG101078,23.03477113750632,72.55274995012601,3,2.2786557930991034,2,6.564828666503022,1,1,30,1,54.9,Medium
SEG101079,23.01837611968273,72.57662519671591,6,7.5298981547337585,2,6.992125382825293,0,1,40,0,62.0,Medium
SEG101080,23.013431275042123,72.54134003934443,1,6.573056183279544,1,8.182072220702992,1,0,30,1,69.6,Medium
SEG101081,23.050196950939053,72.56778783499075,4,6.864691579223767,3,7.339183040661153,0,1,40,1,52.0,Medium
SEG101082,23.050813097472417,72.55708556653192,13,1.9348948861063664,3,5.226269218028433,0,2,40,0,36.9,High
SEG101083,23.04638275871691,72.5333526703863,0,7.0863026488514045,4,7.726170718795716,1,2,20,1,50.2,Medium
SEG101084,23.05380124369205,72.5906498906961,6,3.113310269803373,2,0.3573295240225416,0,1,60,1,33.4,High
SEG101085,23.040974533917883,72.55688420411904,7,9.986740280600712,2,9.327672904145492,1,0,20,1,96.4,Low
SEG101086,23.04205669757091,72.58095522482382,23,7.317676630740063,1,8.23149864515237,1,1,60,1,69.1,Medium
SEG101087,23.041942455057946,72.55706037676757,23,5.904115074085128,3,6.37661175152402,1,1,80,0,40.0,High
SEG101088,23.026433419701828,72.59092842090261,20,8.67117779215548,2,0.6875447203143858,1,0,60,1,80.7,Low
SEG101089,23.025104870698286,72.54888057173788,8,5.893116997194271,2,2.949238483057658,1,2,40,1,56.5,Medium
SEG101090,23.013212445188195,72.5567949922297,12,5.527498667755334,1,2.536281877061305,0,2,50,0,50.4,Medium
SEG101091,23.035465055689762,72.57932617561686,12,2.3731560280537956,1,2.570249823252527,1,2,30,0,40.0,High
SEG101092,23.015912607485628,72.55233837549325,20,6.78111995325425,1,6.721023379507535,1,2,60,1,71.6,Low
SEG101093,23.01417946253363,72.55368320963679,17,3.7464442824946143,0,8.761383738924414,1,1,20,1,79.7,Low
SEG101094,23.032227875575284,72.59466350627193,21,0.4308262781213035,2,6.816302485708398,0,2,40,1,31.2,High
SEG101095,23.022549031352376,72.56611494416987,13,8.160617963699577,1,3.887597353568326,1,0,40,0,85.0,Low
SEG101096,23.012037113483704,72.57480972948856,22,0.5187316664874186,4,9.692364210291764,1,1,50,1,36.5,High
SEG101097,23.044883080921405,72.57182504521998,17,6.723001228405259,2,8.625823565461832,1,3,50,1,58.1,Medium
SEG101098,23.04733134556119,72.58381506956518,17,1.567208914849152,2,6.854184093700361,0,0,30,1,54.0,Medium
SEG101099,23.009223473582278,72.58601863146372,15,4.325695165708638,5,3.974656488918935,1,1,30,0,44.6,High
SEG101100,23.000412886804,72.56661164861058,8,8.590916585467207,2,6.838274411528536,1,0,50,0,78.4,Low
SEG101101,23.018487148269116,72.54914614487282,14,0.9441954911414663,3,4.079951130520247,0,0,80,0,32.7,High
SEG101102,23.04386309596244,72.53148201609237,8,6.6715067855262085,2,1.5518700466484248,1,2,20,0,49.0,Medium
SEG101103,23.046154562642887,72.56993621131917,15,6.126187424860853,1,6.188347045911311,1,3,50,1,72.1,Low
SEG101104,23.007608098856384,72.58365547416227,6,8.675297463562927,2,6.981022852307595,1,0,40,0,87.7,Low
SEG101105,23.04258847456507,72.55928508735826,19,1.7273487132406673,3,3.4930372587197125,0,0,30,1,49.0,Medium
SEG101106,23.006363729202018,72.54070589913191,13,7.997875046358049,2,9.293078173401694,1,2,20,1,73.8,Low
SEG101107,23.021453442458608,72.54872533474082,17,4.5012119674132824,2,8.542595613618365,0,0,50,0,71.2,Low
SEG101108,23.054923523325655,72.56314928041827,5,4.286439124932455,1,5.828525423770101,0,2,30,1,52.9,Medium
SEG101109,23.0105924952777,72.58438427923355,19,3.6178435083987495,2,0.6023576065947911,1,3,60,1,36.2,High
SEG101110,23.00846799704177,72.54116395449445,19,3.855741461959179,2,0.172158373242568,0,3,30,1,41.4,High
SEG101111,23.023254018290075,72.56978974192111,3,5.199596264252251,2,6.398862823291416,0,0,40,1,53.2,Medium
SEG101112,23.034081768928342,72.57896895990679,8,1.067998229234658,3,8.13805880130889,1,0,30,1,57.8,Medium
SEG101113,23.05130954303273,72.59084308882176,16,4.250658698729579,2,5.003528334511222,1,0,50,1,66.5,Medium
SEG101114,23.053945163004318,72.53758573995913,20,6.519812150595229,2,0.23487928169422467,1,1,20,0,49.8,Medium
SEG101115,23.003830235012526,72.59021545622069,17,4.981923534383146,6,1.4482888171412933,1,2,30,0,24.6,High
SEG101116,23.007589863454136,72.56909538978634,11,1.658294688496228,4,2.112449258672615,0,0,40,1,41.3,High
SEG101117,23.04349058856428,72.5798356031831,7,3.63051701791632,1,6.277557337178708,0,0,40,1,68.4,Medium
SEG101118,23.0148847683749,72.53349535612196,21,4.429616744259298,6,4.8605952593335235,1,0,40,1,31.1,High
SEG101119,23.04866669827285,72.56289963011663,20,6.688748146329681,1,1.0220679259885768,1,1,20,0,62.3,Medium
SEG101120,23.0364899291476,72.57047092881525,21,9.007663225374978,3,5.016744045509585,0,0,20,1,56.9,Medium
SEG101121,23.006151464130937,72.54994419959174,7,5.503755125878184,1,8.694928233577937,1,0,30,1,83.7,Low
SEG101122,23.04578911067082,72.55805726352658,10,6.763681281173641,3,4.391150065497018,0,3,20,1,48.0,Medium
SEG101123,23.009699600900444,72.56602937879317,5,0.7718962543940444,1,1.4976239924459755,1,0,30,0,44.1,High
SEG101124,23.02329224670738,72.56591561608525,22,9.544670293475932,0,5.780078944568322,0,1,20,0,69.1,Medium
SEG101125,23.030370171070764,72.53272099915145,20,3.152086903555229,1,9.293859448982847,0,0,40,1,71.2,Low
SEG101126,23.027542138199415,72.55856631482763,4,3.5429174968792143,1,1.1591044425588615,0,2,20,1,34.7,High
SEG101127,23.037738960358833,72.54389818006149,5,2.2284278064151266,1,1.564077482091144,1,1,40,0,27.5,High
SEG101128,23.035897770417808,72.58958518007555,13,0.8467007176554919,2,5.668427112344434,1,0,50,0,51.5,Medium
SEG101129,23.054562310304043,72.59347769935802,9,7.900467901418512,3,3.3999671804658895,0,0,50,0,60.1,Medium
SEG101130,23.05496820500733,72.54947704826289,11,2.404900817061728,2,8.955606112616595,1,0,40,0,67.1,Medium
SEG101131,23.02840526714496,72.54138705082131,8,2.8268773534531313,5,7.127638968908626,1,2,20,1,51.1,Medium
SEG101132,23.005235949782847,72.54426776981164,16,1.8179627660627262,3,1.4708780618086337,1,2,40,0,35.9,High
SEG101133,23.040031381443278,72.56105389659794,21,9.7488528029888,1,8.707183867127181,0,0,30,1,91.9,Low
SEG101134,23.05371652430191,72.58684286394235,22,7.810347972792044,2,6.42292041769435,0,0,40,0,52.9,Medium
SEG101135,23.017507951319597,72.56250235397094,10,9.298996499807005,0,4.9363433845728775,0,1,60,1,77.4,Low
SEG101136,23.025366488721065,72.5336004840115,19,8.617233670535104,4,2.565464424346906,0,0,40,1,62.2,Medium
SEG101137,23.02336273086485,72.53259256417635,16,9.062967995452617,5,6.497106079132287,0,1,60,1,54.9,Medium
SEG101138,23.002828053500632,72.54478041146548,4,4.79034051849193,0,8.984858340112217,1,1,30,0,63.5,Medium
SEG101139,23.03697454371729,72.58478013304462,19,1.7054143735710048,3,0.3847625729613391,1,2,30,0,34.0,High
SEG101140,23.019433573228767,72.57039623623979,8,3.2688033435754438,6,3.7515000421206524,0,0,30,0,37.1,High
SEG101141,23.043310513104732,72.56659226049611,15,2.9245151698170355,3,9.356595121872973,1,2,20,1,56.6,Medium
SEG101142,23.04576660414051,72.55073302351788,17,7.171338376013564,2,3.8290944584367104,1,1,20,0,58.5,Medium
SEG101143,23.045167693262883,72.590412651328,22,0.2567268630734243,2,0.35870301694266415,1,0,60,0,22.1,High
SEG101144,23.022916629892194,72.55152658592255,22,1.4204221491797708,4,1.0144412392664826,1,1,40,0,15.6,High
SEG101145,23.01768501252325,72.58427138682244,19,6.828851202548609,1,6.907600345794234,1,1,60,0,72.7,Low
SEG101146,23.041185142881687,72.58823372866843,12,1.2344235380044144,4,7.001205101459526,1,1,60,0,35.0,High
SEG101147,23.044076418861348,72.56141677585904,9,0.48291850770400213,3,1.150450385906835,0,2,50,0,18.6,High
SEG101148,23.027019159551525,72.58812880251625,10,1.0921516461119085,2,2.1921601053551587,1,0,60,0,34.6,High
SEG101149,23.049116706074496,72.54799221368042,22,6.906741530430963,4,5.638729386748196,1,2,30,0,34.4,High
SEG101150,23.007914978284322,72.57279817270191,4,1.3932525940470009,2,6.865329847841087,1,1,60,0,32.9,High
SEG101151,23.04834878288124,72.53571764365408,12,1.4630436113648138,2,1.5679024564762056,0,0,50,0,37.6,High
SEG101152,23.005285237813453,72.560805723916,16,2.303001967590993,3,4.5638234184101485,1,0,40,1,52.4,Medium
SEG101153,23.008443903713005,72.5441265671403,0,7.509107041965226,0,5.620351984781254,1,0,40,0,71.6,Low
SEG101154,23.02936120073007,72.53407961306549,15,2.00352912260776,4,0.49703534017622397,1,1,60,0,19.1,High
SEG101155,23.003713516410308,72.53024215802505,6,0.353753967242072,2,2.2375649099720105,1,0,60,1,44.9,High
SEG101156,23.002904390577005,72.55110888756866,6,9.058633555759405,3,9.188957375530391,1,2,30,0,71.9,Low
SEG101157,23.000028530929114,72.56831948864489,14,8.763184242909228,3,8.799815531315147,0,0,20,1,75.9,Low
SEG101158,23.023997416283184,72.55958997259732,0,1.848190008964724,2,3.2248311640560368,0,0,30,0,36.8,High
SEG101159,23.042604313471074,72.54961500440376,3,2.6534258977345493,1,8.679770804948465,0,1,50,0,34.2,High
SEG101160,23.001916109265395,72.59442800200046,10,1.8855757144364094,4,6.325519989141065,0,0,20,0,44.1,High
SEG101161,23.035874168355623,72.59106912759867,14,7.195345389617299,1,9.8162217348456,1,3,50,0,72.1,Low
SEG101162,23.04527200245789,72.53816746494444,2,2.5000888418923206,1,9.662189468838475,0,1,30,1,44.6,High
SEG101163,23.00924004667178,72.55698198273345,8,9.31449757378502,1,6.169377996806558,1,1,60,0,78.9,Low
SEG101164,23.008077505415176,72.57217505070959,7,8.27641024383569,1,4.678394313142671,1,4,50,0,48.8,Medium
SEG101165,23.04734405354913,72.57767690183944,12,5.884011275696732,4,1.4228080243870678,1,1,40,1,47.3,Medium
SEG101166,23.045271853547256,72.55381419006912,7,0.08938224713713194,5,5.30350699890907,1,1,30,1,46.0,Medium
SEG101167,23.02964179714453,72.5785083178278,0,8.836694064166666,3,3.98298675929454,1,0,60,0,50.6,Medium
SEG101168,23.045055993361167,72.5380697508392,12,7.277616465325542,5,6.456068905754083,0,0,30,0,65.6,Medium
SEG101169,23.005101584258348,72.55156782064175,20,7.879073965410064,2,0.894908763731117,1,1,40,1,62.6,Medium
SEG101170,23.021696483486632,72.57656815642413,14,0.7182520457199104,2,8.349177603407856,1,1,60,0,49.6,Medium
SEG101171,23.04057886558585,72.57066938136693,8,7.085601702185422,1,9.671144916190084,0,1,40,0,78.7,Low
SEG101172,23.014159857762817,72.584418663966,11,8.045894736241436,3,2.0936272041257977,0,0,60,1,61.0,Medium
SEG101173,23.041378090293843,72.53304570647336,3,9.566353561570548,2,6.327836469032324,1,1,40,1,69.9,Medium
SEG101174,23.027729823241494,72.5413354616585,5,5.8047047278243555,1,8.019384321624392,1,1,40,0,58.7,Medium
SEG101175,23.041264629337153,72.53315214784767,10,5.080418519992715,1,5.544092857895081,1,2,60,1,53.2,Medium
SEG101176,23.02555738008215,72.5424874245762,14,4.253967899819118,2,9.354369015368734,1,1,50,1,62.3,Medium
SEG101177,23.0202347387122,72.53027838269114,11,7.012876809646437,3,5.1186658080373615,0,1,60,0,57.9,Medium
SEG101178,23.012055406906324,72.56277366960913,23,9.208213047146138,4,2.705473918003772,1,0,60,0,56.1,Medium
SEG101179,23.011460863778925,72.56434043571194,15,5.997550487160357,1,4.716001930809426,1,0,20,1,81.5,Low
SEG101180,23.041331994581427,72.57276296579138,0,2.2728364150833977,0,4.878662551312126,0,1,30,1,40.2,High
SEG101181,23.006540069141867,72.55501930906807,12,0.17573950309176745,3,2.5371146591063387,0,1,50,1,28.2,High
SEG101182,23.0047290292561,72.53020849989454,13,6.191131182675276,2,7.869527912731887,1,4,60,0,44.8,High
SEG101183,23.009696025076217,72.5738029250365,1,8.645978880190526,2,6.177466155148025,1,0,50,0,61.7,Medium
SEG101184,23.009644058129965,72.53352892070362,9,0.6597527757340937,3,3.7036845770523383,0,0,30,0,36.2,High
SEG101185,23.045270919254378,72.58630107800315,20,3.975712089613459,3,4.216562280151427,1,1,40,1,57.8,Medium
SEG101186,23.021917864291083,72.53147250920102,8,9.400469260809029,2,3.717011185883937,0,2,50,0,57.6,Medium
SEG101187,23.054471365154825,72.56448088301168,10,5.0167699585680525,4,4.478985376884355,1,3,40,0,46.3,Medium
SEG101188,23.007546619178484,72.58816966235506,5,2.2065822978859306,0,5.2809456046100856,1,0,40,1,57.3,Medium
SEG101189,23.03594469041315,72.56721182242627,1,3.536564117688484,0,3.3092697216356006,1,1,80,1,46.4,Medium
SEG101190,23.02468012289607,72.56954708852535,7,4.081395661948063,2,8.181567744020935,1,2,40,0,61.9,Medium
SEG101191,23.02161049971834,72.57430470514193,18,1.1728951441679214,2,9.28367128173414,1,0,30,0,70.1,Low
SEG101192,23.048129630947976,72.53795657510248,23,6.6079224384841115,0,5.228002994620783,0,0,40,1,60.2,Medium
SEG101193,23.05365776052056,72.57387026155268,15,5.921643290924764,3,7.113627939039896,0,1,30,1,65.4,Medium
SEG101194,23.04800724273258,72.58722306733083,19,6.477228778655774,2,9.305391806766831,0,0,50,1,76.6,Low
SEG101195,23.01057653734693,72.5933243541343,15,6.10791568680188,2,1.9193951809232845,1,1,60,1,58.6,Medium
SEG101196,23.012143885666493,72.55879837995829,15,0.1667206828833967,3,1.8972253852469656,0,1,50,0,26.0,High
SEG101197,23.036084063350227,72.55239281535904,10,1.7446284956631963,3,0.7261102994632507,0,1,60,1,39.4,High
SEG101198,23.0158995969901,72.57896512501377,1,1.6557200194586053,3,4.421029924697406,1,1,50,1,30.2,High
SEG101199,23.040409882192932,72.5652868287262,9,0.9795148629798944,6,3.3114746358809577,1,2,40,0,15.5,High
SEG101200,23.03115313579453,72.54672480253957,20,7.3547577319827635,3,5.605340524585767,0,2,40,0,47.8,Medium
SEG101201,23.03029998226697,72.54119026252303,12,1.2013721447849168,2,4.510686939731892,1,0,40,0,51.1,Medium
SEG101202,23.04557008086613,72.54106496953852,18,6.681940734503442,3,1.901939078088296,0,2,30,1,50.2,Medium
SEG101203,23.039079302445845,72.5598465073794,1,1.7839030965367542,4,3.911803148674103,0,0,20,1,32.7,High
SEG101204,23.00146177707485,72.54105808636501,4,1.1831017824792633,3,0.2889683542699595,0,0,50,1,28.7,High
SEG101205,23.002720252543032,72.53128173136075,7,1.6253004861607934,2,5.373847562287169,0,1,20,1,53.2,Medium
SEG101206,23.03308571488508,72.53338577037303,8,5.0840345653802,1,2.7106014808587098,0,3,30,1,48.7,Medium
SEG101207,23.026740564159226,72.59044249535694,23,6.454825098577556,3,1.1235883461712504,0,1,40,1,31.2,High
SEG101208,23.014310156043866,72.53474248717541,11,8.119248600576368,0,0.6585686395020329,1,0,80,1,79.9,Low
SEG101209,23.023026084802314,72.53475674488776,15,1.285622054646306,3,7.144489073433467,1,1,30,1,55.3,Medium
SEG101210,23.041685067530306,72.55932724895968,15,6.161867473858301,3,2.473405173987339,0,0,50,0,58.6,Medium
SEG101211,23.045463631656187,72.54593151835178,10,7.738395994112473,1,6.58796976173205,0,3,40,1,60.6,Medium
SEG101212,23.030867268733953,72.59257510039122,23,3.124051715078844,2,8.155085148840787,0,2,30,1,48.5,Medium
SEG101213,23.02119532144714,72.58921407956736,5,0.7971557936743767,6,4.999857492141658,0,1,20,1,17.1,High
SEG101214,23.014888321882232,72.55630831116363,0,1.5594596306651387,5,1.3305265477622774,1,2,20,1,28.2,High
SEG101215,23.02870551589231,72.55916754876206,17,0.9155864756045673,0,6.145478675485631,0,1,40,1,63.4,Medium
SEG101216,23.01731122902104,72.5543823874499,15,8.872119310226779,4,0.7160751415110234,1,3,40,0,45.9,Medium
SEG101217,23.031025232537598,72.5324612975818,6,3.7670166836023453,4,8.171435317647585,0,1,40,0,44.2,High
SEG101218,23.03721588103803,72.54903504455156,20,5.233486051357859,5,7.615402139262141,0,2,20,0,54.5,Medium
SEG101219,23.003634356600568,72.53797377552478,3,7.686881518043146,0,4.020833882580705,0,1,30,1,73.6,Low
SEG101220,23.00005871057625,72.53665407145098,6,3.714984221207238,3,2.6909525699829784,0,0,20,0,47.7,Medium
SEG101221,23.01167524263624,72.56645600224087,3,6.491026546276127,2,7.095544537614668,1,3,60,0,42.4,High
SEG101222,23.04919813237453,72.53641971575138,4,0.7667985321843773,1,5.672098089357668,1,1,30,1,52.4,Medium
SEG101223,23.03554599197757,72.53669053604669,17,4.809056475686004,3,1.4509216242931466,1,1,40,1,41.8,High
SEG101224,23.009457819356538,72.56123339146326,16,0.9651896617030764,1,7.5918707333637645,0,1,50,0,55.3,Medium
SEG101225,23.0489645179003,72.55874835373297,15,2.482841406802281,5,3.3397517189431305,1,0,30,0,47.4,Medium
SEG101226,23.025847576715805,72.5389462610336,20,2.9334082759546867,0,8.938474925790578,0,1,30,1,69.1,Medium
SEG101227,23.026185046617325,72.53028918661258,1,7.1758380388694665,1,8.29468365041426,0,1,40,1,53.8,Medium
SEG101228,23.051454806911345,72.5425433387149,14,6.741041862892539,2,2.758131801000369,1,0,60,0,63.0,Medium
SEG101229,23.003271768070082,72.54533299652184,2,7.470800889310658,0,2.55253738869175,1,2,60,1,48.4,Medium
SEG101230,23.01183480510458,72.58201614883457,22,0.6175504723733516,4,3.9788950741509987,1,0,30,1,27.7,High
SEG101231,23.03221742288351,72.58950349278427,15,9.93914212173047,3,8.0448316743763,1,3,30,1,74.4,Low
SEG101232,23.01075175802701,72.55638638583672,18,0.5442002870976892,3,1.3065406315845896,0,3,30,0,25.1,High
SEG101233,23.03737398550649,72.55632673722256,13,8.25747791439154,2,3.160510411939831,1,0,30,0,71.6,Low
SEG101234,23.01177507591352,72.5763112834444,9,7.4026893348053555,3,6.59107943916524,0,1,80,1,62.6,Medium
SEG101235,23.005453633382935,72.5707499310208,16,5.917617904918199,0,0.3349055631157771,1,3,20,1,62.3,Medium
SEG101236,23.011384183780248,72.54196911213508,20,4.388571651449872,4,0.5590015459348951,0,1,30,1,33.0,High
SEG101237,23.023250371884963,72.53699979294923,4,7.571323532701827,4,7.621710976427073,0,2,20,0,41.7,High
SEG101238,23.00968760645452,72.55844477289259,20,7.3985780326884605,0,5.223428814620047,0,1,60,1,76.6,Low
SEG101239,23.007408061370786,72.56671384360558,17,1.3717833548980451,4,5.576023259469379,1,1,40,0,38.1,High
SEG101240,23.04731550374204,72.53901599420533,2,7.9263247296087025,1,2.488639693971575,1,0,30,1,71.8,Low
SEG101241,23.01762184619785,72.54906277707155,22,0.7855699743496525,1,5.317835491806736,0,1,30,1,39.0,High
SEG101242,23.019841727758504,72.54988629476799,4,5.005461421285347,0,5.450056839714045,1,0,20,1,75.6,Low
SEG101243,23.003039872522567,72.54698438306657,14,6.450818265671943,4,4.137714024869583,1,1,20,0,59.1,Medium
SEG101244,23.01965532929261,72.55994948230897,3,8.216888573752277,4,9.644232583531961,0,0,60,1,57.6,Medium
SEG101245,23.014564394752686,72.57244913298078,4,4.6311021809305375,3,0.49264015116802895,1,1,50,0,33.4,High
SEG101246,23.0335766787038,72.56311034243504,15,2.368580775651452,3,4.149280442567452,1,1,40,1,39.4,High
SEG101247,23.01129646637198,72.54309467654608,16,4.906596154566065,3,8.574866533934934,0,1,40,1,56.2,Medium
SEG101248,23.048860099918457,72.53669103805808,16,2.502081104371201,6,2.062697753246626,1,1,40,0,25.2,High
SEG101249,23.051131664150574,72.58342158008841,8,5.287253814561483,2,9.349974781080927,0,0,50,1,78.3,Low
SEG101250,23.005490708144723,72.56115480437666,19,4.625081831065179,3,4.254908196688398,1,1,20,1,54.0,Medium
SEG101251,23.00590716259587,72.5340390469687,1,7.805044837503944,2,1.5659897464382277,1,3,50,0,35.2,High
SEG101252,23.006342954096105,72.54677789747723,20,2.4009011344252897,2,0.9309958761767967,0,1,40,0,38.3,High
SEG101253,23.034076309097067,72.58226219559496,7,1.999851841903395,2,3.2706958222753926,0,2,30,1,43.4,High
SEG101254,23.00670829303153,72.57886221111028,14,4.741853395669599,1,9.197239368084611,0,2,30,0,62.5,Medium
SEG101255,23.046881027486165,72.58692808113832,21,0.5050436519085066,2,9.390956122822159,0,2,60,1,30.1,High
SEG101256,23.041484933321584,72.56913570869011,6,2.2934062843550587,5,5.632644810315444,0,0,60,0,33.5,High
SEG101257,23.04508948720309,72.55748888573328,9,3.5370491418769188,1,1.1819031588830187,1,0,20,0,65.6,Medium
SEG101258,23.02893332897873,72.55773127484105,19,4.876297125609103,0,4.565924689064547,1,2,30,0,60.2,Medium
SEG101259,23.054817246633554,72.54261000289205,20,2.694367112253641,1,4.177596922413165,0,2,50,1,36.0,High
SEG101260,23.00242963066193,72.57230193249866,5,5.606364947084064,3,2.31067967468206,1,1,50,1,44.2,High
SEG101261,23.022069573030237,72.56802946914604,12,8.784146664451715,1,0.7603233365166906,0,0,40,1,78.0,Low
SEG101262,23.01781651679157,72.54006618674288,7,5.437274613576021,2,3.815738075800147,0,0,60,1,53.5,Medium
SEG101263,23.052175502429193,72.58756808980294,12,2.868395217364318,3,3.7185511302055865,0,2,60,0,37.1,High
SEG101264,23.03172735271737,72.55395043321519,9,0.6198097200231489,0,7.039796989159423,0,1,30,1,63.5,Medium
SEG101265,23.04434050309946,72.53323301975887,0,1.3666630474832364,1,3.94226453698334,1,0,30,0,40.5,High
SEG101266,23.009368765651217,72.55131225985069,22,5.612173685471906,2,0.1313375644237258,1,3,20,1,33.1,High
SEG101267,23.053824877914526,72.58654068645625,15,6.837088381043798,3,0.20018688329067835,1,0,60,0,47.7,Medium
SEG101268,23.027425175078196,72.58960217808101,11,0.4966794355407056,2,6.875154685630349,0,1,40,0,45.0,Medium
SEG101269,23.027151964194886,72.56187589712188,2,1.8554982971348166,6,6.607857685223145,1,0,60,1,29.2,High
SEG101270,23.053398660070016,72.59216209610477,1,3.1908127067657057,1,1.603523844372664,1,2,50,1,42.1,High
SEG101271,23.02094027986694,72.58689071759878,11,3.197731088805024,2,8.662250572224071,1,1,50,1,69.4,Medium
SEG101272,23.021863876350526,72.58363999661145,15,9.58407014177961,7,6.626227380676245,0,1,30,1,47.6,Medium
SEG101273,23.03216139865427,72.58588115420434,6,2.037705979424226,1,1.5405501902709196,0,3,20,0,27.4,High
SEG101274,23.007042893580127,72.55482190179097,17,0.6252034947910889,8,2.876129145689749,0,2,60,0,2.3,High
SEG101275,23.01765970945265,72.5791704811491,9,3.530148293123191,0,9.736628342386354,0,0,40,0,71.4,Low
SEG101276,23.01062645773448,72.56752703519994,0,1.3444197102967947,0,4.077464197894193,0,2,80,0,23.1,High
SEG101277,23.005680591350888,72.57677946011312,12,1.2658196513578912,4,2.3677213060574154,0,2,30,1,31.7,High
SEG101278,23.047637953348207,72.54155609699275,4,4.074506611171284,3,5.241303599137068,1,1,40,1,50.0,Medium
SEG101279,23.032413214137012,72.57754060426537,0,3.0639113924994863,2,2.0555173285819928,0,1,40,0,23.0,High
SEG101280,23.019727003534037,72.59224350822262,3,0.9172677615535951,2,7.917168979269117,1,2,20,0,29.1,High
SEG101281,23.02247681575517,72.54967311595479,6,6.043034294274493,1,7.943022843731843,0,0,40,0,72.5,Low
SEG101282,23.023733545202806,72.59410048605712,12,5.016997660203501,2,8.008431847482852,1,1,60,1,62.9,Medium
SEG101283,23.034823205017958,72.55459444096235,23,0.7709966895130538,0,6.1726937393077455,0,1,40,1,45.7,Medium
SEG101284,23.050972316531894,72.54298202730637,5,8.627444740141444,1,6.940448929928918,1,1,40,0,66.7,Medium
SEG101285,23.051302879081135,72.53729860493702,1,2.8471305821233273,2,3.2140333087753294,1,4,50,0,13.7,High
SEG101286,23.021532058874186,72.58102252436373,4,9.613807849471794,0,8.788879414758693,0,1,50,1,86.1,Low
SEG101287,23.01810943527788,72.56606365102448,7,9.315386325563257,0,1.441617115860131,0,0,50,1,76.2,Low
SEG101288,23.02480755751019,72.54996353408804,4,4.340966262187528,3,2.544871352963467,0,0,40,0,32.3,High
SEG101289,23.031236382673566,72.56954927403659,7,2.2856694043833494,0,9.926869607245195,1,0,40,0,77.2,Low
SEG101290,23.025399985129734,72.55158657720966,23,8.348527125302226,2,9.603967140054664,0,3,40,1,58.3,Medium
SEG101291,23.036231437539918,72.55914325422636,9,3.6128584162244683,4,5.076206386418784,1,3,80,0,24.3,High
SEG101292,23.03049194628589,72.58607316817395,15,1.6355069467129824,1,4.9910773468666285,1,1,60,1,66.5,Medium
SEG101293,23.017639355068173,72.57343082099584,16,5.516077158189412,2,1.16820378704231,1,0,40,0,50.5,Medium
SEG101294,23.019015194316946,72.5795561195808,3,4.894024427012658,3,6.596500001742564,0,0,30,1,45.4,Medium
SEG101295,23.020822603315786,72.56792708084552,5,8.500178788139564,1,0.3103245754112427,1,0,60,1,50.7,Medium
SEG101296,23.005205187253715,72.59444087317756,9,7.29281379839332,1,3.1434645924479554,0,3,30,0,51.8,Medium
SEG101297,23.00913344478277,72.54569165430891,11,8.761394868367537,4,4.183905508511526,1,1,20,1,71.4,Low
SEG101298,23.039771259117995,72.54704892544672,0,7.347029123873744,3,8.939852556151783,0,1,40,1,56.1,Medium
SEG101299,23.021400319133715,72.53601633101799,15,6.42174960647797,1,9.684526631278706,0,4,50,0,56.4,Medium
SEG101300,23.011799643490807,72.5660112676346,7,5.001771522770127,2,9.739980470021514,0,1,20,1,75.2,Low
SEG101301,23.030946982581618,72.56986835036655,7,9.875532894964476,4,7.988370063071755,1,1,30,1,76.9,Low
SEG101302,23.04155467483604,72.57718750223842,14,9.591648240001723,1,2.899971348681883,0,4,50,0,50.8,Medium
SEG101303,23.014158229928995,72.55180398518671,22,8.488529815357497,2,0.4535073615897667,0,0,50,1,49.5,Medium
SEG101304,23.045473443505806,72.53079669212123,20,7.753192137855278,2,4.256176652437174,0,1,20,1,67.1,Medium
SEG101305,23.051012767279378,72.57109491991073,23,5.775595501185121,4,2.973962677693139,0,2,30,1,29.4,High
SEG101306,23.03285669909906,72.59491520701383,9,2.597533605262068,3,6.551900530222545,1,0,50,1,60.9,Medium
SEG101307,23.036792121244538,72.54914570799635,2,8.754390270879648,1,3.7105835708842294,1,0,20,1,81.0,Low
SEG101308,23.00289167946777,72.54195573941048,5,0.10816134878957717,1,8.907559569038906,0,1,20,0,37.9,High
SEG101309,23.052003594006205,72.54831485225871,8,2.274399667939332,2,3.7403300808513307,1,1,80,1,43.2,High
SEG101310,23.02158666038457,72.5576520058605,7,4.037324450844698,1,3.779961748750961,1,2,40,0,53.7,Medium
SEG101311,23.05081452203,72.54630934038192,4,5.8615715523407195,2,7.5911871513445135,0,1,40,0,58.6,Medium
SEG101312,23.031843763861264,72.5525524016489,3,5.608793203603559,1,5.9002690811480125,1,0,40,1,68.5,Medium
SEG101313,23.000254033936383,72.57148343800766,4,1.758158263852847,3,2.5528843066938878,1,1,50,1,26.8,High
SEG101314,23.00211980996279,72.55242681914477,15,1.0479819981353178,3,6.766895624035284,1,3,40,1,36.4,High
SEG101315,23.037423034311846,72.55574383141094,11,2.223289275852797,4,5.629937130930745,1,2,50,1,46.0,Medium
SEG101316,23.030946740760758,72.53260203208195,0,3.487087888964836,3,1.0405943260520334,0,4,50,0,3.7,High
SEG101317,23.001459284046334,72.58966626260549,13,0.1405368792008621,3,4.672638385551413,0,3,30,1,23.5,High
SEG101318,23.040890297867232,72.55644758739446,20,6.924558205498558,1,9.187040709802151,1,1,40,1,89.1,Low
SEG101319,23.046867993538804,72.55132932854227,10,2.4772743573749145,3,2.117935238915191,0,0,30,1,49.1,Medium
SEG101320,23.02730296153416,72.53562147275595,7,3.514044365483624,1,4.146172275887496,0,3,50,1,37.7,High
SEG101321,23.025616659219647,72.57122190900068,6,3.349016905838995,1,2.7594977730611294,0,1,50,1,44.4,High
SEG101322,23.000301020985905,72.58614862176714,9,5.118298008785218,2,5.3692030343026875,1,1,50,0,47.8,Medium
SEG101323,23.04326573418715,72.53267495800341,6,8.597997220946109,1,9.751129491617053,1,3,40,1,76.1,Low
SEG101324,23.018189383671036,72.5394427103788,22,1.4938995350554118,2,3.0985425509377498,0,1,40,0,28.3,High
SEG101325,23.048331999088038,72.5395153388776,23,3.4072711323127,4,8.328352121596756,1,2,50,1,43.3,High
SEG101326,23.020518332315692,72.5691478655976,8,6.920288077317835,3,8.38295872055577,0,0,30,1,76.8,Low
SEG101327,23.03107928508469,72.58987998267669,22,0.4423141328043678,1,2.5941563356624933,0,2,80,1,12.0,High
SEG101328,23.014868798350964,72.55845494385926,20,8.299786351622236,3,7.7260665441913705,1,3,30,1,65.5,Medium
SEG101329,23.00883235719217,72.5523474191326,1,9.618251404974265,2,9.881219500096805,1,1,40,1,84.2,Low
SEG101330,23.042619934685973,72.57977964456379,11,6.076372025819908,3,9.540210656785383,0,2,50,1,57.2,Medium
SEG101331,23.027312476336544,72.57826698901411,15,9.565083710307213,2,6.057404250060699,1,1,50,1,82.4,Low
SEG101332,23.029506835806373,72.54603914905302,10,4.130618294317477,3,1.5173916973476442,1,1,40,1,53.0,Medium
SEG101333,23.053097877441495,72.54045371355001,10,4.1503173065513685,2,1.1934188356321151,0,1,40,0,46.4,Medium
SEG101334,23.052996895172218,72.55325765210699,11,1.0624890941343745,2,2.6682103235620778,0,1,40,0,38.7,High
SEG101335,23.04706031669363,72.58041422049473,16,0.35446934999769697,0,6.013129691643616,1,1,40,1,65.6,Medium
SEG101336,23.010318511102078,72.57517912034447,7,2.445043181345339,0,3.862255780183247,0,0,40,0,50.4,Medium
SEG101337,23.032684998186586,72.57328049091315,14,4.781286571011477,1,6.990209342686651,1,0,50,1,83.8,Low
SEG101338,23.048298108356054,72.5839128564106,5,5.07682390862889,1,7.877783902475825,1,0,30,1,62.0,Medium
SEG101339,23.02059551650469,72.5480134703022,21,2.175753817414333,1,1.8042163848951998,0,0,50,0,35.6,High
SEG101340,23.005560839126456,72.55207944215552,2,6.128056746614275,1,9.052941099371225,1,1,20,0,68.1,Medium
SEG101341,23.044602959623194,72.5327520642896,1,1.812058748383879,3,0.6057303441092388,1,0,50,1,29.1,High
SEG101342,23.02649699532492,72.58646847542722,0,3.2621114026910014,2,2.649281814802127,1,1,30,1,39.2,High
SEG101343,23.031041597419755,72.56785793276994,8,1.9570951518932744,2,8.148000679242763,0,2,40,0,48.5,Medium
SEG101344,23.05401793629748,72.54937794897243,14,6.966635999901375,5,1.8373221798871375,1,0,30,1,61.4,Medium
SEG101345,23.033396628677174,72.53451207454421,23,5.165725082223118,0,2.201376246654717,0,1,30,0,46.3,Medium
SEG101346,23.023373866211635,72.57702161770555,10,7.361010990726155,3,9.756563621754976,1,1,40,0,71.1,Low
SEG101347,23.020349140231595,72.57866793877069,4,0.5724816959164969,4,9.123643377405461,0,2,40,0,29.2,High
SEG101348,23.02296906109597,72.57330161238748,8,4.253620802351414,1,8.127593380735346,1,2,40,0,61.0,Medium
SEG101349,23.006511949574826,72.54324576311154,3,9.669585789814207,4,1.7380108496642055,0,0,80,0,36.6,High
SEG101350,23.043711280712966,72.58935904380306,11,0.5361951470636361,4,2.551382586047163,1,1,30,0,32.7,High
SEG101351,23.04607442720029,72.57895527123635,17,4.183786896959622,0,2.351677087332764,1,1,30,1,79.6,Low
SEG101352,23.015641842401536,72.57275416103296,0,0.4039821885562056,2,1.8912433882770086,0,0,40,0,22.2,High
SEG101353,23.016708814012546,72.57231135502242,18,1.4665332097079997,1,9.704465095435028,0,1,50,1,64.9,Medium
SEG101354,23.048088384098413,72.58878325050595,5,4.625264515730515,4,1.6602817188024643,1,0,30,0,29.0,High
SEG101355,23.00131836955404,72.59033996365132,16,1.575133976840526,0,7.467131741212956,0,0,30,0,60.4,Medium
SEG101356,23.0286251594072,72.56871643217066,19,5.187554249638431,2,0.5101476647706893,0,0,50,0,46.1,Medium
SEG101357,23.025502164307483,72.55708351171256,18,9.227316827700696,1,5.438063855161558,1,0,40,0,82.5,Low
SEG101358,23.037956972326814,72.55364270867136,16,2.0040755819742673,1,0.7084993155902575,1,0,60,0,45.7,Medium
SEG101359,23.00898654350822,72.58324012467024,16,1.0718650971219779,3,0.6175353258437599,0,2,20,0,25.6,High
SEG101360,23.036758190743733,72.57189934708923,4,8.25276561982952,5,2.3023249383443534,1,0,30,1,46.9,Medium
SEG101361,23.020720370433118,72.53502229196648,3,4.6026984741375525,4,9.256033930982158,0,0,40,1,57.6,Medium
SEG101362,23.03402931279933,72.53924209084597,9,8.826110988441378,2,6.38830167291637,0,1,30,0,65.0,Medium
SEG101363,23.002205225543,72.58851208318181,14,3.061232946653872,2,6.514015040204945,0,1,40,1,59.7,Medium
SEG101364,23.025394995845147,72.5874923796268,14,6.275320051870896,2,2.9765568744737827,0,1,20,0,60.3,Medium
SEG101365,23.02872379916903,72.59186910916533,18,9.233135543016642,1,7.236164740654049,1,0,40,1,87.4,Low
SEG101366,23.011787952157025,72.55781031287634,7,1.7169579944790592,2,6.81552496025509,0,2,60,0,36.3,High
SEG101367,23.007679300979852,72.58096395899665,20,8.007285593054034,6,4.61685440080537,0,1,60,0,39.7,High
SEG101368,23.010366086665677,72.58383462677543,10,6.315167498451273,3,6.826054048440313,1,0,30,0,78.8,Low
SEG101369,23.018927759293483,72.55052029887948,5,8.129467446270533,2,8.671354396548633,0,2,20,0,55.6,Medium
SEG101370,23.005324558211772,72.53944695122976,17,1.7069334495310817,2,9.603806929927316,1,1,60,1,78.9,Low
SEG101371,23.052102588765127,72.59480671350654,3,4.340864703370123,4,9.965939040123603,1,2,40,1,50.8,Medium
SEG101372,23.02227467338227,72.53196424824384,9,1.2883722847695267,2,4.883121572911109,0,2,40,1,43.3,High
SEG101373,23.04449332813787,72.56882683471625,18,9.600821079853647,3,0.3275314962405407,0,1,50,1,59.9,Medium
SEG101374,23.053592941770987,72.5722637978218,18,0.6269172296013448,2,2.291781509567268,0,2,30,1,27.3,High
SEG101375,23.00444044040015,72.57431630722803,6,0.6548339799438829,4,1.9684893887181631,1,1,40,1,41.7,High
SEG101376,23.035841820736426,72.546615803358,3,8.981561921817022,1,3.005387500873611,0,5,60,0,20.9,High
SEG101377,23.047927499770765,72.57690265087942,0,3.00762148137675,2,3.6050216244773137,1,1,40,0,42.8,High
SEG101378,23.03488289386817,72.54406597161328,2,5.970200328471501,3,6.686772687250149,0,2,50,1,38.2,High
SEG101379,23.02359643667466,72.58388748662387,19,2.8747552890730677,4,5.256889592831843,1,0,60,0,42.2,High
SEG101380,23.023709199670087,72.5442425838155,18,6.487583756275316,1,6.497445836087672,1,0,30,0,88.1,Low
SEG101381,23.001974438730404,72.57528589188995,12,1.9246936927002722,3,9.718395455344082,0,0,60,0,51.2,Medium
SEG101382,23.02940304132091,72.58092187657921,13,4.588694580514693,5,0.4907195425547195,0,1,30,1,28.2,High
SEG101383,23.054644864823278,72.54228147378004,7,5.334921747803945,5,0.14398680574380873,1,0,60,0,42.7,High
SEG101384,23.052728913928455,72.54546912169612,4,3.3364289028713,1,6.655054410610166,0,1,30,1,45.5,Medium
SEG101385,23.00222195758632,72.58064174301774,0,2.5170061126895202,2,5.462537650398228,0,1,30,1,48.9,Medium
SEG101386,23.03881883519962,72.53558993315627,16,1.4020666767121681,1,4.827491630543182,0,1,50,0,44.7,High
SEG101387,23.016597067668332,72.54239946191034,0,7.061443363079198,2,8.533275142819681,0,3,60,0,34.1,High
SEG101388,23.049664403437337,72.55960950890234,2,1.6828271599442324,2,1.588757522205071,1,0,50,0,37.7,High
SEG101389,23.00248131101401,72.59046182536841,19,2.9212639118814465,2,5.73619368007409,1,3,50,1,49.5,Medium
SEG101390,23.05147307561061,72.56652205926804,13,3.369087646165174,3,9.319271562111245,0,4,80,0,18.5,High
SEG101391,23.046061165908327,72.55519906013353,11,4.543667969796701,5,4.458535244618073,0,0,40,1,47.6,Medium
SEG101392,23.006462741023892,72.59359406444446,5,7.02568699550067,1,5.799157067591175,0,2,60,1,50.8,Medium
SEG101393,23.00329033855245,72.56014123490438,3,4.279451346537054,3,0.6999935469194973,0,0,20,1,41.1,High
SEG101394,23.045908921537983,72.55819277328969,11,8.710936214354835,2,3.4918305622890378,1,1,30,1,73.4,Low
SEG101395,23.0085666719036,72.5567568805977,8,6.797856466201845,3,0.4139830709892278,1,2,30,1,55.5,Medium
SEG101396,23.029419398413673,72.55029170471944,12,8.3848671613018,3,5.72376323152673,0,1,60,0,59.6,Medium
SEG101397,23.05036596718333,72.55117016263294,3,7.163539613309407,0,5.904741446776414,0,2,30,0,55.6,Medium
SEG101398,23.031209646245212,72.57470940889542,5,1.4863179983709962,3,9.508403284518856,0,0,30,0,42.7,High
SEG101399,23.021847831581006,72.53265431382722,2,9.779273018640902,4,6.384060232904924,0,1,20,1,59.6,Medium
SEG101400,23.02447588301697,72.57431808716701,10,7.865862657683655,4,0.02982965645736635,0,1,20,0,43.1,High
SEG101401,23.003471444388712,72.54307829237818,6,5.727217686340125,2,8.332343961389324,0,0,40,1,68.4,Medium
SEG101402,23.05328137767489,72.55497352020829,5,1.6523094073812616,3,3.2965628129808633,1,0,20,1,38.1,High
SEG101403,23.01708598017946,72.53952503321642,13,1.7268064857897447,1,7.142716932956717,0,2,60,0,42.9,High
SEG101404,23.01041499204201,72.56592881786472,11,6.143311748601416,0,2.640285261077333,0,1,60,0,52.4,Medium
SEG101405,23.015732601601222,72.5774077789219,5,4.161971330020114,0,7.6022482539702825,1,3,40,0,47.9,Medium
SEG101406,23.05304052571903,72.55305261244366,16,6.758595005151458,0,9.274906730059357,0,2,30,0,80.3,Low
SEG101407,23.00518573294184,72.54062207754012,8,3.7242772489970264,1,0.793190527371127,1,1,60,0,45.9,Medium
SEG101408,23.047701667227564,72.54472286282552,8,5.12845171456595,1,5.443619521671069,0,0,40,0,65.6,Medium
SEG101409,23.038931414192078,72.58317733970416,11,1.8795803796396204,0,5.404020183392023,0,2,30,0,49.4,Medium
SEG101410,23.045651054853746,72.5473971677789,3,1.5520114429382659,0,2.864377223057486,1,1,30,0,50.0,Medium
SEG101411,23.053674364720234,72.58035566854574,10,0.756447636984906,1,3.4167435889324604,0,1,30,1,57.1,Medium
SEG101412,23.046318506053428,72.5515279614424,13,8.196393048985524,1,6.761607680221033,1,2,40,0,69.6,Medium
SEG101413,23.051886029320283,72.54226761603229,3,5.553862515796613,2,2.92611078834643,0,1,40,0,42.2,High
SEG101414,23.0069814391235,72.57727505637578,13,9.471410399066624,2,0.30627206835934895,1,1,50,0,71.0,Low
SEG101415,23.043768371084184,72.5604554269159,0,7.49486281359328,6,7.691862012248887,0,1,40,0,31.1,High
SEG101416,23.030012163174458,72.53203302133286,14,7.68763160249494,3,6.251929102742752,0,1,30,1,71.7,Low
SEG101417,23.029892257729394,72.59239625725739,0,5.090584341970155,3,2.5045483547500744,0,0,40,1,33.6,High
SEG101418,23.04944068669763,72.53960397392969,4,8.154539365256507,1,9.615409924065071,0,1,50,0,63.8,Medium
SEG101419,23.05344921002557,72.55297145346945,8,9.420634453138168,2,8.984280298136806,1,0,30,1,93.3,Low
SEG101420,23.038766107767376,72.55501165127473,14,7.217402523354377,1,9.643758570637438,0,0,20,0,75.8,Low
SEG101421,23.02656161142095,72.5618129434518,17,1.0558894088700133,2,5.122363289412974,0,4,50,0,28.9,High
SEG101422,23.025102212184603,72.58105386145172,11,6.510198592535063,2,2.3516648899343693,0,1,40,1,57.9,Medium
SEG101423,23.021248780147275,72.53039586817889,3,1.2043321224109194,6,1.7382917747025572,1,2,30,1,7.8,High
SEG101424,23.019887946626497,72.59061068333685,9,0.7722242241866784,0,9.48523518347654,1,1,40,0,67.3,Medium
SEG101425,23.021532876292643,72.5719893149132,18,6.92900405115938,3,8.90828602706812,0,1,40,1,72.9,Low
SEG101426,23.004936427938816,72.59179217714468,2,8.347854319240385,2,7.409374174038676,0,1,20,1,57.0,Medium
SEG101427,23.004258984689326,72.58313031993207,17,1.588414907293666,2,5.105148327671585,0,1,50,0,25.8,High
SEG101428,23.04289284141298,72.5903094841754,9,0.7414860796604472,3,3.844075560472071,0,2,40,1,33.0,High
SEG101429,23.024534009110614,72.56906503581082,0,8.865228941920439,1,7.03445121371761,0,2,20,1,61.7,Medium
SEG101430,23.051187646869955,72.55322508388701,16,1.322093369908689,2,0.09528906929563652,0,0,60,1,44.9,High
SEG101431,23.03367215547267,72.55878941410238,0,0.3508609374373717,0,5.2427761022944255,0,1,40,0,35.2,High
SEG101432,23.00193467902014,72.57277210017497,8,7.21054368766489,3,6.786597659708886,1,0,80,1,69.6,Medium
SEG101433,23.008663783772462,72.5577505708848,4,8.47715554095343,3,7.537599840482704,1,2,30,1,59.6,Medium
SEG101434,23.011320088615715,72.5775587309254,14,5.144733414642263,4,4.5108114118842435,1,1,40,0,42.1,High
SEG101435,23.05366548134143,72.5359701210452,1,5.399252440937879,0,7.451391834824194,1,2,50,1,60.7,Medium
SEG101436,23.01202873243834,72.58394913218402,2,3.368605127273786,1,0.9584170005378123,1,0,60,0,33.1,High
SEG101437,23.028366562195842,72.54327226157673,12,2.384631988662326,4,2.3327464745294124,1,1,50,0,27.9,High
SEG101438,23.05148973124021,72.5913565946191,23,7.552320701755861,2,1.446127193569674,1,1,40,0,41.9,High
SEG101439,23.05374560014529,72.54011047699592,0,8.492844081210425,0,3.3983793403102225,0,2,50,1,49.0,Medium
SEG101440,23.012999823946096,72.53839567274666,11,3.212447581651967,2,3.4419302585782043,0,2,20,1,47.2,Medium
SEG101441,23.00270147040625,72.58277194718818,19,2.7381918487565136,1,3.7393966334715256,0,0,50,0,50.0,Medium
SEG101442,23.008448100789575,72.5832156188007,6,2.677917195450501,4,4.658248915320272,1,2,40,0,38.7,High
SEG101443,23.00348306632864,72.57801936229228,11,0.5059541802235612,2,4.363337354769218,1,0,30,1,49.2,Medium
SEG101444,23.010731833260078,72.5924344801538,20,2.8107502484038105,3,4.9047193099862705,0,1,30,0,43.0,High
SEG101445,23.031271334308705,72.54758507586455,17,0.2565091696900501,0,7.525966645043195,1,2,30,1,58.9,Medium
SEG101446,23.05018468379626,72.58373216803437,7,7.884076224683728,2,1.420167390314192,0,2,30,1,56.8,Medium
SEG101447,23.029547038603187,72.55288263445283,18,2.5592682903096,4,3.5070657520050386,0,1,30,0,37.1,High
SEG101448,23.03442942561845,72.56493091066201,16,6.901551893513637,4,0.0013504205501790878,1,2,20,0,44.5,High
SEG101449,23.011102698838524,72.55896400193059,12,5.4318838554055615,1,0.28229189861260884,0,0,50,1,52.5,Medium
SEG101450,23.044032099137063,72.53038025147379,10,8.374636299771987,4,6.064209482825827,0,1,40,0,57.1,Medium
SEG101451,23.033978389967807,72.56734004258004,22,9.603787275570216,3,8.760015516006446,0,1,30,1,63.5,Medium
SEG101452,23.0475275256056,72.57858788270465,20,3.6729161412916502,2,3.059097120924994,0,2,50,1,49.3,Medium
SEG101453,23.052186370885316,72.5413459049324,23,0.8834081988963716,3,4.0189554464018595,0,2,30,0,19.5,High
SEG101454,23.019134542666613,72.59055763102305,16,7.496457643859228,2,2.0987641817745226,1,1,40,1,66.0,Medium
SEG101455,23.004981848219447,72.5644759700622,8,0.21302326199183375,0,1.4279966929963595,1,1,60,1,40.9,High
SEG101456,23.012426092685423,72.54158599020482,2,2.229633344862463,1,8.840981981885626,0,4,50,0,24.7,High
SEG101457,23.02408128611217,72.5719865921096,3,0.5325066847313853,4,5.72120013034005,0,3,40,0,11.0,High
SEG101458,23.052013150850346,72.5424749760535,22,8.981483716198154,1,7.048747830502878,1,0,40,1,78.6,Low
SEG101459,23.020807040230537,72.53412966763919,8,0.052970817015722815,2,8.818914704965206,1,4,20,1,45.1,Medium
SEG101460,23.042392526751595,72.57454549075725,2,4.9274216501523185,1,5.883932802924987,1,1,40,1,50.0,Medium
SEG101461,23.029726218069392,72.53719516741486,5,4.239991271589801,0,1.8028415070205595,1,0,30,0,50.6,Medium
SEG101462,23.010054482373704,72.53690413414446,0,6.527446645481395,2,7.1331682464035655,0,0,40,1,59.9,Medium
SEG101463,23.017640376542438,72.57809633160682,12,2.8974408856924985,1,7.4780605005523535,1,0,80,0,66.7,Medium
SEG101464,23.035925553676254,72.53358814515853,14,8.736954004694583,1,4.139485727736355,1,1,50,1,66.9,Medium
SEG101465,23.03700693670767,72.58263499663812,9,7.343457415813933,2,6.168140266354177,0,3,40,1,51.9,Medium
SEG101466,23.023911786074496,72.5817496693121,17,4.322944259922329,2,4.845498338816414,1,3,50,1,39.6,High
SEG101467,23.012575508146416,72.53919057282505,11,3.580262495125414,4,3.329994176311195,1,1,50,1,47.2,Medium
SEG101468,23.039704872873198,72.563694742073,23,8.158882474975846,3,6.724161169608312,0,0,40,0,61.7,Medium
SEG101469,23.0092880172887,72.53628065691298,18,7.5706029853577075,1,2.474523988729974,1,0,60,1,74.5,Low
SEG101470,23.05151683305258,72.5711171292861,1,3.9900005802404745,3,3.274708004692959,0,1,40,0,33.1,High
SEG101471,23.010334696847007,72.53409045084308,6,3.413718626101272,0,4.056887503475871,0,1,50,0,48.5,Medium
SEG101472,23.00590217995579,72.59139125566098,18,0.38887989662542144,1,6.146202536413909,0,0,20,1,63.0,Medium
SEG101473,23.027370623630095,72.54350249779903,12,0.8170724544014563,1,8.522040869885862,1,1,40,1,60.3,Medium
SEG101474,23.028575227896035,72.57438815263666,18,0.5391845555423469,6,6.1491662687934205,0,3,30,1,20.9,High
SEG101475,23.027950610312804,72.53833894258452,8,0.24415486348026816,2,7.260813574697035,0,0,20,0,56.2,Medium
SEG101476,23.024016711913635,72.54362376914123,0,1.5287238214078092,2,2.9265729611885503,1,2,40,1,30.6,High
SEG101477,23.054714819105627,72.55931172717742,18,8.571418176805748,0,5.874150571827144,0,0,60,1,85.7,Low
SEG101478,23.02674543369688,72.5672512491872,18,7.981593107558651,1,1.0385176943375163,0,2,50,0,49.9,Medium
SEG101479,23.02628706194069,72.59492611062547,15,8.45573847828197,3,4.6327200079534245,1,3,20,0,58.9,Medium
SEG101480,23.0231971334493,72.53168520482592,9,6.238003614254719,5,6.898788361508782,0,1,20,1,66.3,Medium
SEG101481,23.00367541650858,72.53002043727686,0,6.2406310124067,3,1.7972252161914248,1,1,30,1,49.2,Medium
SEG101482,23.03261261471323,72.55277386115647,17,1.2393174655301664,3,9.020970792734017,0,0,30,1,55.3,Medium
SEG101483,23.012538227472277,72.55380016390716,15,6.989653536423868,2,4.171926860217959,1,0,20,1,75.7,Low
SEG101484,23.035068493912597,72.58744942034642,16,2.80026410870473,3,6.711418656568374,0,1,20,0,54.5,Medium
SEG101485,23.002795840407167,72.58931786560032,4,5.192533297862011,5,4.698944980859654,0,0,30,1,45.6,Medium
SEG101486,23.053976290568915,72.58723412346336,17,9.547226038008574,1,7.322581685528704,0,1,30,1,83.6,Low
SEG101487,23.025795279345697,72.5393066187816,17,8.706153943184272,1,5.843032414132013,1,0,30,0,76.8,Low
SEG101488,23.04932154543749,72.55678681428677,20,2.331935072957921,3,1.2257245262918814,1,3,60,0,18.9,High
SEG101489,23.026155864527812,72.57848253554917,13,7.366506157002934,1,9.24714471736391,1,1,80,1,78.3,Low
SEG101490,23.00331819502158,72.55031971940598,17,1.0409074995921108,4,6.600606448874876,1,2,50,0,37.5,High
SEG101491,23.04522174503516,72.57311047185318,9,0.26742485744032596,2,4.720723488515322,0,1,30,1,50.7,Medium
SEG101492,23.035650105131694,72.54541428610742,16,0.28174274781860187,5,6.766048625569697,0,2,30,0,16.1,High
SEG101493,23.042996637616568,72.55102225176745,16,1.7024648421801236,2,2.608959574640506,1,1,40,1,53.7,Medium
SEG101494,23.023549342492988,72.58592792720765,18,6.94948402093793,3,7.689608884371682,0,1,50,0,65.9,Medium
SEG101495,23.035086520933564,72.54628308734578,20,3.6330589345801867,1,4.1122540852959,0,0,50,0,43.5,High
SEG101496,23.047092595208813,72.59268106564751,0,0.15942438966691785,0,8.050340147065643,1,1,50,0,46.7,Medium
SEG101497,23.034708599357952,72.54990687146089,18,9.880226313768418,1,2.7405318564711134,0,1,40,1,76.5,Low
SEG101498,23.019122049915975,72.53152932713851,19,5.333784032319931,0,7.902799689454302,1,1,80,0,60.8,Medium
SEG101499,23.03643912769014,72.54656855874717,13,3.938802151113175,2,9.066917669422779,1,0,50,1,71.3,Low
SEG101500,23.036951980373775,72.54112832124582,12,5.188498950488314,1,9.808207756445052,1,1,20,0,81.9,Low
SEG101501,23.052832282937864,72.56294375280414,17,5.199709098585499,0,7.7670998715967485,0,1,30,1,73.6,Low
SEG101502,23.02040017768479,72.53732654431131,10,4.702365770929937,2,7.0401322147579,1,1,40,0,61.3,Medium
SEG101503,23.023379497213277,72.57069317702096,9,6.1294890446497075,3,5.199419680092364,0,0,30,0,61.4,Medium
SEG101504,23.044666762865287,72.58686843958617,19,8.856266198683064,2,1.0573428794920126,1,1,40,0,56.5,Medium
SEG101505,23.02781692731085,72.55356372731724,18,3.0171369207708656,2,5.598539007417025,0,3,40,0,32.5,High
SEG101506,23.040511520121367,72.54095202675485,4,4.8696862284596225,2,5.632530209641455,0,2,40,0,39.3,High
SEG101507,23.025284020544948,72.556001624726,19,0.03643996196768695,6,0.6473386088166655,1,1,60,1,22.8,High
SEG101508,23.011852232799697,72.58108784339429,7,8.598142813182026,1,6.906262193658565,0,1,30,0,77.0,Low
SEG101509,23.040986211352955,72.56844669881518,3,3.0590388891311626,3,1.4894243809628205,0,4,60,0,9.8,High
SEG101510,23.00721353430516,72.53657430886629,21,2.712968983283689,1,5.96611922652806,0,1,30,0,45.4,Medium
SEG101511,23.010922101494224,72.56491716503126,5,9.975371692110347,1,4.72633231443515,0,1,60,1,70.6,Low
SEG101512,23.03447537405313,72.56042554979462,4,5.84392938745188,4,8.750542623198713,0,2,30,1,45.1,Medium
SEG101513,23.041099839010563,72.55126229664138,6,1.2304324614099027,2,2.3224444047425963,0,1,40,0,37.6,High
SEG101514,23.04920783377773,72.53716043874347,11,2.6552496989357097,2,1.712070291568465,0,1,60,0,37.2,High
SEG101515,23.014992257357875,72.59377227581531,3,3.532265882663114,2,5.5117111380226556,0,3,30,1,31.1,High
SEG101516,23.00608983422303,72.54144281579306,3,9.860600478706539,2,4.602429318999887,1,0,60,0,58.8,Medium
SEG101517,23.052582566273745,72.5425282879014,9,4.3062167791485795,4,1.6129755876645302,0,1,40,1,35.5,High
SEG101518,23.008493269841217,72.53946287498664,5,2.3013398829280907,3,6.137121819014334,0,0,40,1,39.1,High
SEG101519,23.010871684024004,72.56706254751543,4,5.697309674128172,3,9.058173585342978,1,1,50,0,62.4,Medium
SEG101520,23.016023119945714,72.55883852234138,21,4.047596580570104,1,7.402538387093505,1,1,30,0,65.5,Medium
SEG101521,23.029116524471444,72.54622121683173,14,0.5496038814187043,4,2.095570293494642,1,2,50,1,26.6,High
SEG101522,23.048555406131875,72.5579125198964,0,8.609196124543255,5,2.3840615367119,0,3,30,1,27.0,High
SEG101523,23.041830031250143,72.57377892031901,2,0.15687527283303915,3,5.575612325070099,1,2,50,0,11.5,High
SEG101524,23.038948665461344,72.54831053454741,19,8.984836357454766,2,6.7751713980856065,0,2,40,0,58.9,Medium
SEG101525,23.009634931232082,72.58949097544198,6,7.918587036018022,2,9.789954318854356,1,0,30,0,82.2,Low
SEG101526,23.01967254473393,72.54991250541656,3,0.7582321014241111,4,1.0481979131284092,1,0,20,1,29.4,High
SEG101527,23.026312270934767,72.54288163700349,15,7.236110778130539,1,5.463449249347763,0,1,40,1,67.9,Medium
SEG101528,23.00810842744171,72.59204691004673,20,7.709416821393189,1,9.873743493918601,1,1,30,1,90.9,Low
SEG101529,23.015038633616967,72.58268643965768,9,6.023070734286845,0,1.1089678683410298,0,0,40,0,66.4,Medium
SEG101530,23.016958326217406,72.55230394561482,17,5.776708001561232,2,9.725686499767228,0,2,80,1,54.1,Medium
SEG101531,23.007000190908098,72.58469307032435,10,0.49687026247974053,1,4.621779362758398,1,0,30,0,64.3,Medium
SEG101532,23.030263183054956,72.563722926195,2,0.5949637182278256,3,7.173896604459038,1,0,40,0,41.8,High
SEG101533,23.03877655080883,72.55253891238696,19,7.272886498356969,0,4.252714875952615,0,1,60,1,73.1,Low
SEG101534,23.003846239731228,72.58457475332006,22,1.0556517891890982,2,8.410441129586484,1,2,60,1,36.5,High
SEG101535,23.026461770596974,72.57889072934618,23,2.4184410070647755,2,9.085178895200434,1,1,20,0,55.5,Medium
SEG101536,23.04302161573973,72.5493618647718,2,4.988365938233588,4,1.6666518408437714,1,0,50,0,36.9,High
SEG101537,23.041139457092385,72.56943410349177,13,1.6416367361268158,4,7.472423576095184,0,1,30,1,54.2,Medium
SEG101538,23.04482902029203,72.55401036452879,14,7.898395605500256,0,0.20739528900432735,1,1,50,0,67.9,Medium
SEG101539,23.024653234824385,72.53006837821643,1,8.073780237790887,5,2.7686014231018974,1,1,30,1,49.6,Medium
SEG101540,23.045130639545192,72.59251802319102,22,8.421432112608919,1,5.523425102425302,0,3,30,1,50.8,Medium
SEG101541,23.013241418916785,72.56572588994473,2,0.4956812077470496,1,6.032050433828288,0,2,40,1,40.2,High
SEG101542,23.01984458087796,72.56889811910827,6,4.278731612336244,3,3.6526645041562067,1,2,30,0,40.0,High
SEG101543,23.00969955670298,72.56899294266903,23,8.469176727143358,2,2.704381849229056,0,2,40,1,43.5,High
SEG101544,23.025711649668573,72.56579169495326,13,3.632193903066989,1,1.7165015947141982,0,1,30,1,55.1,Medium
SEG101545,23.02156330123285,72.54885310991028,16,6.958203783230225,5,2.3971266676942884,1,0,80,1,42.9,High
SEG101546,23.01325099140279,72.59315244811903,11,5.8924590419000955,0,1.3022706998737366,0,2,40,1,51.9,Medium
SEG101547,23.041347939007693,72.57040844681349,18,3.472086167071786,1,2.6116605348524646,0,0,50,0,47.0,Medium
SEG101548,23.01726157246614,72.57360988843601,1,2.7640482909042374,7,8.21279325323823,0,2,30,1,22.8,High
SEG101549,23.01500423815802,72.5595615292256,16,6.5274309209940675,0,2.8752227629068483,0,1,80,1,58.6,Medium
SEG101550,23.00719896819678,72.5487109910319,1,1.33624137002897,3,9.076889440507154,1,1,40,0,45.8,Medium
SEG101551,23.024135193599108,72.53418268384137,4,8.601225190877585,2,2.4522911670681555,0,1,20,1,65.1,Medium
SEG101552,23.01666305458605,72.55276496277692,12,5.764434410807034,3,4.919638914714221,0,2,40,1,52.0,Medium
SEG101553,23.020310006273753,72.54144633290245,10,1.1150350512583918,2,1.675699005540554,0,1,30,1,39.0,High
SEG101554,23.01297984944413,72.57303573743671,3,7.035276451933637,2,0.17094681955170055,0,1,30,0,40.8,High
SEG101555,23.041973551940096,72.58713525251217,19,4.31112549882419,2,6.2554023654054,1,2,30,1,57.2,Medium
SEG101556,23.051150184104507,72.54967906578597,7,2.040814153631757,1,3.3776580577723267,0,0,40,1,55.7,Medium
SEG101557,23.027386251903387,72.55163737065192,20,9.61069292924866,4,3.4507508295979594,1,2,30,1,74.7,Low
SEG101558,23.035364913283747,72.57357369274888,0,7.196477850144256,5,4.077521259147718,1,1,50,0,35.5,High
SEG101559,23.04769447521337,72.53970264322568,5,5.929936233279961,4,7.777596170642562,1,0,30,0,56.4,Medium
SEG101560,23.05493563005335,72.59041343273405,7,8.488671810593617,2,3.9974158405191496,0,2,30,1,62.5,Medium
SEG101561,23.03374340666014,72.55365004076666,14,5.438697898821526,2,0.8640675334769321,1,5,20,1,36.7,High
SEG101562,23.048937870659692,72.53657796398524,9,4.414706123329038,3,2.7875359925262035,0,1,40,0,44.8,High
SEG101563,23.04997345356056,72.54135446031984,3,1.894468598607083,2,5.7612921262214325,1,0,20,0,43.0,High
SEG101564,23.043529831829417,72.59062849494049,13,1.5339042511817869,3,9.934869048718982,1,0,20,1,69.1,Medium
SEG101565,23.02535122650902,72.54606275374398,22,4.319693163718482,2,1.4314698868263076,0,0,30,1,37.3,High
SEG101566,23.004463470023314,72.57304747224903,3,4.559745790275159,2,3.23451596694822,0,2,80,1,35.5,High
SEG101567,23.00086930554921,72.54015073952999,6,7.333125052307272,1,4.855932927958207,1,2,20,1,79.1,Low
SEG101568,23.02624603483056,72.54261661000267,11,4.420850100368764,3,9.446436264444095,0,1,20,1,62.2,Medium
SEG101569,23.027187299344405,72.5871504842285,17,5.931592005654178,1,1.0842194386214954,1,0,40,1,59.4,Medium
SEG101570,23.022404931332463,72.53962215930667,3,8.32518524076246,2,7.938219523110482,0,2,40,0,54.9,Medium
SEG101571,23.031249204321025,72.53121878813786,5,9.933346955105417,1,7.2295467677261165,0,1,20,0,69.5,Medium
SEG101572,23.030368948681744,72.5625801573192,5,3.225253151512825,2,3.064378796453351,1,2,60,0,39.6,High
SEG101573,23.0460137172568,72.58607724286209,14,9.019544637283687,0,7.73753659009039,1,2,50,0,86.1,Low
SEG101574,23.005976140679426,72.55118941795202,1,8.060508718535988,3,5.748738577977054,1,1,40,1,62.0,Medium
SEG101575,23.012384771635805,72.53833054759197,15,0.6800669031955309,1,1.7136022372557602,1,1,40,0,41.2,High
SEG101576,23.04361527384278,72.59384500392177,10,3.3415893085389126,1,2.8573971325346017,1,0,50,1,61.5,Medium
SEG101577,23.046631027697302,72.5739880109168,7,2.190429598343834,1,3.2834030202470688,0,3,20,1,45.3,Medium
SEG101578,23.054715331749147,72.58529489107663,20,6.64384272422998,1,3.230294026882299,0,1,60,1,61.8,Medium
SEG101579,23.04801016090129,72.57888898770138,19,5.552991362176883,2,7.463653811774061,1,1,20,1,72.0,Low
SEG101580,23.04894444538898,72.57538574780929,19,4.948510525895537,3,6.602948371666402,1,1,40,0,51.6,Medium
SEG101581,23.017289136844646,72.55499666436351,21,7.635637638075775,3,8.1985515606343,0,1,30,0,63.6,Medium
SEG101582,23.022091389870514,72.55108209955824,5,3.333086958119834,4,5.10795840080311,0,2,50,0,20.4,High
SEG101583,23.01474468076513,72.57660230873314,20,3.827522955532656,5,3.505316568577561,0,1,60,1,36.3,High
SEG101584,23.0333464669006,72.57658634553152,4,8.656339482254493,2,0.6775126718139679,1,2,40,1,44.2,High
SEG101585,23.05163429448139,72.59178824496318,7,9.722085092600066,5,7.943924172572176,0,1,30,1,74.5,Low
SEG101586,23.01895524875814,72.56696288816013,13,7.763573407678322,3,0.7476899409542748,1,2,50,1,56.6,Medium
SEG101587,23.03063509800348,72.5491503718762,17,2.1707097477722623,0,3.014645788756881,1,0,60,1,62.4,Medium
SEG101588,23.016296479674942,72.56181937195647,13,1.1265163216384733,5,6.688836501557658,0,0,30,0,40.6,High
SEG101589,23.0093389985575,72.56989139808718,13,2.0920514776580204,3,7.641703142252281,0,2,30,0,44.0,High
SEG101590,23.010735204140026,72.5577374369725,9,4.227613650228964,3,0.6851277484362484,0,0,40,1,48.2,Medium
SEG101591,23.003186993949598,72.58142365301838,14,2.3669702774763826,2,6.076176839441306,0,2,50,0,43.3,High
SEG101592,23.052211143765508,72.56799985879402,11,9.010411480720117,2,1.371389107626897,1,4,30,0,50.9,Medium
SEG101593,23.02215837846792,72.53061332229579,11,6.707229017674402,7,7.572399643969287,0,0,20,0,50.4,Medium
SEG101594,23.045876649060116,72.56703959273509,14,4.167292447830141,4,7.298528372467983,1,1,40,0,47.2,Medium
SEG101595,23.037473120997934,72.57118424608622,14,2.738117328615608,4,7.4805756905527785,0,0,50,0,46.5,Medium
SEG101596,23.01055566387761,72.58949198135036,7,3.8066100514096437,2,0.6375757285789918,0,1,30,1,51.1,Medium
SEG101597,23.00965042356185,72.55689190878817,3,4.760505953667302,1,5.594252803279586,1,1,40,0,55.9,Medium
SEG101598,23.04465935108308,72.56734039785263,7,7.138223521757286,4,2.408496150288845,0,2,50,1,49.3,Medium
SEG101599,23.014559144084075,72.56087483429643,9,0.893415582288789,7,4.958079382518878,0,1,20,1,34.7,High
SEG101600,23.050230685103607,72.56455766785048,3,8.488329397889457,1,9.894113308848194,0,3,30,1,66.7,Medium
SEG101601,23.007703047257923,72.53437476459348,4,1.2756003113018,2,0.9047291603486673,0,0,30,1,34.8,High
SEG101602,23.037273973794996,72.58832343838965,22,2.6245008197243793,1,5.940520228477385,1,0,50,0,52.2,Medium
SEG101603,23.0447960631817,72.58917680208906,6,9.935898957725838,2,1.6499953210127805,0,1,50,0,56.1,Medium
SEG101604,23.01293910136286,72.56562387463977,17,1.9020863404425115,5,5.100509213043132,0,0,50,1,43.4,High
SEG101605,23.015191404990112,72.56617610852186,3,1.0114218778634565,2,5.2090014566032945,0,2,40,1,36.1,High
SEG101606,23.053048538737656,72.53374114233635,23,6.3840530191879825,6,4.56225678726848,0,1,30,0,33.9,High
SEG101607,23.01455286829404,72.56886678335279,5,3.931290798512249,0,6.396155149429257,0,1,40,1,58.1,Medium
SEG101608,23.023647637744503,72.55789486634215,9,0.9183543426850871,2,9.741929465663318,1,1,30,0,58.5,Medium
SEG101609,23.02378835762833,72.57608783596524,18,0.03742428349045035,1,8.052187020917634,1,1,50,0,52.0,Medium
SEG101610,23.01391691124613,72.53306311957871,4,0.791615763814778,2,9.585236568564698,0,0,80,1,40.7,High
SEG101611,23.04266850975404,72.57620769937742,13,5.227355787719067,0,1.894529681725362,0,4,40,0,36.2,High
SEG101612,23.042451713877604,72.5486480985491,18,2.3089294513094227,3,9.93229362224599,0,2,40,1,52.7,Medium
SEG101613,23.020807490782307,72.57236084647946,0,7.7755213431894985,3,3.051637704015148,0,0,30,0,34.6,High
SEG101614,23.04593191850944,72.57076318839529,0,8.57508633071743,0,0.34165672363614785,0,1,40,1,53.3,Medium
SEG101615,23.011719121391945,72.5447446965011,18,1.4483301771529433,4,4.3623609467247135,0,0,50,0,36.3,High
SEG101616,23.000236817661722,72.55862940243905,6,3.3701987073447013,0,2.461970286407978,0,1,50,1,67.5,Medium
SEG101617,23.031414204913066,72.58431616183846,21,1.4657412546819748,0,7.621205405058044,1,0,80,1,54.2,Medium
SEG101618,23.05467427748488,72.56936345683366,22,2.8669270358194723,2,0.8694130420285084,1,1,80,1,29.2,High
SEG101619,23.00212543704048,72.5344679896286,21,2.392044187505713,0,5.4800320695585745,0,2,40,0,34.1,High
SEG101620,23.011439894053964,72.55878907403586,23,7.8686490093718655,0,2.8939667252756864,0,1,60,1,64.1,Medium
SEG101621,23.02854030533679,72.55026514482057,19,3.4547967801406623,3,2.0673315821998406,1,0,50,0,43.3,High
SEG101622,23.04454674050447,72.57170696912925,9,4.955647987441764,2,8.75638680995915,1,2,40,1,77.3,Low
SEG101623,23.004897310279127,72.56994665618419,23,6.738951054729815,3,5.1550523840955185,1,2,20,0,43.4,High
SEG101624,23.02173790595674,72.53067587659817,8,8.222566491521867,1,3.254445730681365,0,0,80,0,66.0,Medium
SEG101625,23.04108916903464,72.5695002081122,14,3.012090903224518,0,7.461178960640389,0,1,80,0,53.7,Medium
SEG101626,23.02043487646235,72.57776522750902,0,2.0922066770401915,2,8.531904889981364,1,2,40,1,43.2,High
SEG101627,23.01038600312616,72.5799674521061,23,9.784533737558675,1,4.420878393817372,0,0,30,1,76.6,Low
SEG101628,23.010752270506813,72.53383342507534,14,3.2014754464749693,2,1.8212404517221858,0,0,20,1,62.3,Medium
SEG101629,23.022552683280324,72.54973779711214,22,6.710680991808755,7,9.943377595360003,1,2,20,1,43.6,High
SEG101630,23.026367939114323,72.55738278143585,8,6.778410406778042,1,3.5897623901570297,0,1,50,0,58.1,Medium
SEG101631,23.04739979297988,72.54168516100667,7,5.14029445599541,1,2.0550436837671606,0,3,40,1,43.9,High
SEG101632,23.03532388302124,72.55734770162573,12,2.2844744548455695,4,1.0330908506521885,1,2,40,0,29.2,High
SEG101633,23.03797210749835,72.53462341982866,20,1.4145742095417624,1,1.238539361413743,1,1,30,1,46.5,Medium
SEG101634,23.054064294434475,72.53735912339546,13,4.8701614491443115,2,9.430426908083845,0,0,40,1,59.9,Medium
SEG101635,23.022651389216552,72.57346515958483,19,5.10929536711377,2,9.466604045795235,1,1,50,0,58.3,Medium
SEG101636,23.022184492178702,72.54706720997541,5,7.733667567747976,1,5.079329975220271,0,1,60,0,49.3,Medium
SEG101637,23.05078408322492,72.57624138008617,18,7.098334439521935,1,6.921352720905647,0,0,40,0,68.7,Medium
SEG101638,23.013523157285277,72.53312705432108,17,9.120412788358667,3,8.32641543942649,1,1,30,0,76.1,Low
SEG101639,23.040139838546658,72.56657569844782,21,9.708605618876316,3,5.574545816739455,1,1,20,1,64.8,Medium
SEG101640,23.041501522601997,72.55544416313315,1,7.278513261995407,6,6.669812397779547,0,2,60,0,21.0,High
SEG101641,23.0053783398595,72.5818031404745,9,0.765112488302534,4,9.669739351715608,0,0,60,1,45.3,Medium
SEG101642,23.025752727313147,72.58095685271336,2,4.0511830921710255,3,1.7253625008500517,1,1,30,0,39.8,High
SEG101643,23.011030935922687,72.55441137675975,9,6.088023698406829,3,1.3878353102509566,0,0,30,1,58.0,Medium
SEG101644,23.010195640004138,72.5704764109157,18,5.901950714499575,1,7.5303176686893,0,1,50,1,77.1,Low
SEG101645,23.02551054607546,72.54479067647327,15,1.8144378583059817,5,7.033284224539696,1,1,50,1,44.4,High
SEG101646,23.015918633912943,72.56772644435172,18,5.829447294508714,0,1.8595221602017353,0,2,50,0,41.0,High
SEG101647,23.043783324619422,72.53528220510658,17,3.4968050788144414,4,3.0241481518332103,1,1,20,1,45.4,Medium
SEG101648,23.049918269026477,72.55824927846771,23,3.3892684484371594,5,6.852550641568433,1,0,80,1,36.3,High
SEG101649,23.04414963329086,72.54187729929998,21,8.340070053012361,4,4.943652964213267,0,4,40,1,32.1,High
SEG101650,23.01463169799419,72.58741977683594,14,4.2193315866822,3,8.934751391257507,0,2,40,1,51.9,Medium
SEG101651,23.015077391652873,72.55891855316784,21,5.273959540644526,3,8.371546988965704,1,1,20,1,56.3,Medium
SEG101652,23.01401005925646,72.56840029366144,1,5.628728610344788,1,4.871197659641141,0,1,20,0,48.6,Medium
SEG101653,23.00742709528309,72.55342482092145,17,5.629967798516162,1,6.668644646655255,0,1,30,1,69.8,Medium
SEG101654,23.051908910245704,72.54876816729059,12,2.1312151378337205,3,6.434610611814499,0,4,30,1,33.8,High
SEG101655,23.02211262889864,72.543189785899,22,5.9945336314900715,0,0.9207865359245881,1,3,60,0,30.0,High
SEG101656,23.012357921100023,72.58927165287335,12,3.346236089441196,5,4.2559186376881595,1,2,50,1,38.1,High
SEG101657,23.046566907777954,72.58196527585775,4,6.550202945961696,3,4.398812682494498,0,0,80,0,39.0,High
SEG101658,23.021955741646178,72.53866197438802,17,1.456975989657271,3,8.973672501493926,1,2,50,0,45.1,Medium
SEG101659,23.001931424611033,72.57853711695897,22,9.941155946336695,2,8.852807233578584,0,3,20,1,59.3,Medium
SEG101660,23.00890678636373,72.55720450050738,0,7.720432914533956,2,0.5763547001759695,1,0,50,0,52.8,Medium
SEG101661,23.03515876871959,72.53100078257243,1,4.172514334843075,6,8.45168980627076,1,1,40,0,41.2,High
SEG101662,23.043059790079443,72.56434387582445,15,3.0135185086428296,0,6.116824730863813,1,2,60,0,53.3,Medium
SEG101663,23.01160139136688,72.53845301860552,13,3.878020348178458,4,0.1622596718651259,1,2,40,0,27.8,High
SEG101664,23.050456757409638,72.54364573035109,13,7.212082727738749,2,3.816523478750571,1,0,30,1,78.4,Low
SEG101665,23.046804841602867,72.57524266249257,2,6.554077995845652,4,8.880904556191442,0,2,50,1,37.3,High
SEG101666,23.04666094147336,72.54671423241417,13,7.020925120005874,1,3.5823359901657623,1,0,50,1,69.1,Medium
SEG101667,23.012521363073958,72.58797273311971,13,8.889991954515393,1,6.764465336205184,1,1,40,1,81.3,Low
SEG101668,23.002779479375754,72.57271603429757,20,4.562952263104093,1,5.656634069504686,1,0,20,1,80.2,Low
SEG101669,23.04770829467154,72.5840984265192,9,6.695211484476648,2,5.898601002777736,0,1,40,1,61.2,Medium
SEG101670,23.016819012580623,72.56998731999145,8,4.4150795495986825,3,4.80800326703683,0,2,60,1,42.2,High
SEG101671,23.034040400964543,72.58647522341643,1,6.380980781198765,2,4.8234186574968625,1,1,30,0,43.2,High
SEG101672,23.04179817860354,72.55350950387644,13,4.748236369629471,4,9.026454454248109,0,0,50,1,64.2,Medium
SEG101673,23.00705612921811,72.56569413749756,15,7.76663627337893,0,4.138161794431498,1,1,30,0,84.1,Low
SEG101674,23.042946109498548,72.56353287602889,6,0.052601232837330425,2,1.9141227150920437,0,2,30,0,23.8,High
SEG101675,23.051618130242858,72.58874639602507,17,2.1571095578978183,0,4.197306275292673,1,2,30,1,61.9,Medium
SEG101676,23.04006062311605,72.54071950155956,22,2.9643762516324457,4,7.329127109494125,1,1,30,1,43.5,High
SEG101677,23.02426725116643,72.56757394960714,4,9.453945062511162,3,4.7524215517378465,0,4,30,0,35.8,High
SEG101678,23.048217297631343,72.57903802762475,13,5.0704621296691785,3,7.320966846050432,0,1,50,0,51.1,Medium
SEG101679,23.02901016965399,72.55405323443469,16,3.643518799981412,2,2.397838475192975,1,1,40,0,48.2,Medium
SEG101680,23.040962401029923,72.58639279910004,0,4.043121156136719,0,5.827611801042332,1,0,30,1,63.8,Medium
SEG101681,23.04512782691222,72.55424595986005,4,4.518222834325362,5,8.643255866784049,1,1,50,1,38.1,High
SEG101682,23.041214407393444,72.54126506939323,9,8.67830390113971,2,5.292995333302501,0,1,40,0,70.7,Low
SEG101683,23.01583201818265,72.56796314310132,3,9.62335865680138,2,6.368192432840189,0,2,40,1,49.5,Medium
SEG101684,23.00648141454982,72.55733692065243,8,8.441646397402305,2,6.788069071829602,1,2,50,0,66.2,Medium
SEG101685,23.013108619114913,72.53098735680433,3,8.416567634189484,4,7.396795646895025,1,0,30,0,61.2,Medium
SEG101686,23.027658121533918,72.53453950851208,21,1.990151109554612,6,3.5028962024994237,0,0,40,0,16.4,High
SEG101687,23.02779023072612,72.54269301671343,14,2.686780717622553,2,6.268467080243797,0,0,20,0,62.2,Medium
SEG101688,23.0320454392123,72.58000644736867,7,5.960491805580991,2,4.161684754920047,1,0,30,0,66.2,Medium
SEG101689,23.021730601065133,72.58798256854219,18,6.561374134413109,1,3.909587885303708,0,1,30,0,65.6,Medium
SEG101690,23.04327902597975,72.56546665681093,0,2.027053734460813,2,4.752015711614158,1,2,60,1,43.5,High
SEG101691,23.050223456269094,72.53686175506341,14,7.462818727465174,2,4.0781446340242224,1,1,20,0,68.1,Medium
SEG101692,23.01356987794137,72.56473723189572,16,1.9996355291958678,3,0.2586860797423651,1,1,50,1,28.4,High
SEG101693,23.040508776973603,72.5856143549388,19,2.630106465894142,3,7.419950763377208,0,2,50,1,44.0,High
SEG101694,23.037288451889978,72.57871604589297,5,3.067955379816106,6,5.843386298818201,0,1,30,1,25.4,High
SEG101695,23.028769977460364,72.54892138064032,14,8.459914164903171,0,1.3757976435639774,1,1,30,0,74.9,Low
SEG101696,23.01036916286308,72.53805288960375,18,7.320838968708832,1,2.6130797681593263,0,2,30,1,51.2,Medium
SEG101697,23.04373777422205,72.58854431048455,19,5.306854357241813,3,6.110346463560133,0,2,30,0,50.5,Medium
SEG101698,23.052834445709586,72.5855157685311,4,8.197492981348951,4,5.180168531629205,0,0,60,0,41.9,High
SEG101699,23.03970099827285,72.53349149873443,23,8.129282473359234,1,7.234213310565707,0,1,20,1,73.3,Low
SEG101700,23.050482299814416,72.58353884183859,6,3.898330959487234,1,4.892319413594502,1,0,40,1,68.4,Medium
SEG101701,23.054130189572138,72.53631882145602,9,7.814372874874199,1,8.446359768733481,1,1,30,0,86.4,Low
SEG101702,23.019362787083157,72.53411343617114,4,2.0624277200165753,0,0.7745502132742632,0,0,50,0,28.3,High
SEG101703,23.035102295410947,72.57930905831451,3,5.032288499555094,2,6.1318831338052595,1,1,30,1,57.2,Medium
SEG101704,23.026066300570093,72.56486019042512,6,1.1824173038867036,0,3.7155050901740463,0,0,30,1,55.9,Medium
SEG101705,23.054264581077476,72.55694562156587,3,4.26794485591258,1,3.0684281054963716,1,0,20,1,57.6,Medium
SEG101706,23.005159430320425,72.58875104273844,17,5.203657697671906,1,9.4364187143598,0,2,60,0,72.5,Low
SEG101707,23.022680620286348,72.5845547321844,14,0.7991835791607027,2,8.638074991519687,0,1,40,1,49.2,Medium
SEG101708,23.048154647448996,72.53374552565056,9,4.626127617317499,7,1.8371602913679452,0,0,20,1,35.6,High
SEG101709,23.01562282207896,72.57004567072617,13,6.5167054296013305,2,0.5743701509047083,0,0,50,0,46.1,Medium
SEG101710,23.04332860678514,72.58019738120848,14,6.140882347447379,1,8.672549058211024,0,2,50,0,60.5,Medium
SEG101711,23.021053073952913,72.56578188768538,4,0.54353887891057,1,1.6929697711695035,1,0,40,0,36.1,High
SEG101712,23.05389881969396,72.59389535743995,7,0.9533968590820108,1,9.282500399669763,1,2,80,1,49.1,Medium
SEG101713,23.048594141003303,72.57459308780209,21,3.5135624595514106,1,2.7731985361090903,1,3,30,1,46.5,Medium
SEG101714,23.016572619671443,72.53676929582531,0,8.426857229161056,1,4.116538709601551,0,0,60,0,61.6,Medium
SEG101715,23.042360621244583,72.54288937078,22,8.697560531673625,1,0.4498392287279329,1,1,60,1,49.3,Medium
SEG101716,23.01852710991083,72.58370596537796,23,3.0961286970792603,2,5.375313732002118,1,1,40,1,51.7,Medium
SEG101717,23.033349956211854,72.59478918375437,6,7.188920852414564,3,1.8873597261988784,1,3,40,0,41.3,High
SEG101718,23.03621644226163,72.53639205234671,7,5.773905923516431,5,4.31075988380106,1,1,20,1,49.7,Medium
SEG101719,23.045627747499715,72.53652140565993,4,9.834222587594326,0,9.19405710026515,0,0,30,1,83.1,Low
SEG101720,23.00134479624851,72.57962015851932,13,0.9464391228969171,3,2.5257274992462664,0,1,40,1,30.1,High
SEG101721,23.012108684013377,72.53418302831157,5,5.478807422402548,1,6.349188772344233,0,1,60,0,51.1,Medium
SEG101722,23.039155479582373,72.53445640754421,18,5.925376488712538,3,2.0198965465453202,1,0,30,1,59.3,Medium
SEG101723,23.030993778033324,72.58777307139563,9,3.0766857095111613,2,6.098467456866273,0,2,40,0,51.1,Medium
SEG101724,23.027258279301062,72.5820292378007,23,0.46953247491470784,2,2.8915423198133663,0,0,20,0,33.5,High
SEG101725,23.00303654761894,72.58730160799118,20,0.5210453568782603,2,6.815635770250804,0,1,30,1,49.0,Medium
SEG101726,23.01915517359038,72.57228337113862,9,4.536180542006382,0,7.706225538685194,1,2,30,1,72.1,Low
SEG101727,23.047580512755086,72.55096486742603,14,6.9247378944391915,0,8.806761648773788,0,1,80,0,77.4,Low
SEG101728,23.00169910603698,72.58891035737163,0,7.001757858031274,6,9.185951197537111,0,2,30,0,35.3,High
SEG101729,23.021803992945063,72.54941702912333,1,1.8096984972182417,2,2.413019046326318,1,2,20,0,28.2,High
SEG101730,23.051983155821894,72.54790820456456,12,8.579721410057864,4,1.2899377613731533,0,0,20,0,60.8,Medium
SEG101731,23.002798440399975,72.58761602724753,11,3.7716242596974494,1,0.4851718835596741,1,1,40,1,58.3,Medium
SEG101732,23.041233816307454,72.57425346851205,9,9.643679019724178,1,7.203578672148815,0,0,40,1,82.3,Low
SEG101733,23.014168693890014,72.5882186855061,2,1.1815963442563682,3,1.8689233090521462,0,0,30,1,31.2,High
SEG101734,23.047663485768453,72.5401335838015,20,8.364546986354819,0,8.001665355191346,1,2,30,0,72.7,Low
SEG101735,23.041033738842764,72.59189929185476,9,9.083381532454478,2,9.64818154184818,1,0,30,1,94.3,Low
SEG101736,23.04871378439721,72.56982824018552,11,8.226755261437313,4,1.4796454041617413,0,1,20,0,52.0,Medium
SEG101737,23.01187586347372,72.57342227786607,9,8.088411411996839,1,2.833307961464979,0,1,50,1,67.7,Medium
SEG101738,23.029221101515024,72.58941393772122,11,3.61310015404945,3,5.240647024701306,0,1,50,0,38.4,High
SEG101739,23.042859846896615,72.55474894335515,15,7.13343106720973,1,4.305492219209651,1,1,30,1,72.2,Low
SEG101740,23.013513485864724,72.57677237465523,18,5.793465660113004,3,4.2594163376431835,0,2,40,0,45.5,Medium
SEG101741,23.012691046789698,72.5716221403731,13,4.2447913143121845,1,2.171055922420182,1,0,30,1,74.3,Low
SEG101742,23.001495017342368,72.58120392672629,3,9.931116960536798,3,8.892150250717293,0,1,20,0,64.8,Medium
SEG101743,23.05271834116865,72.58830128146917,20,2.904547181451199,3,6.815893077126029,1,2,40,1,49.4,Medium
SEG101744,23.039050928403004,72.57420395560295,6,4.131440221877841,2,1.5386828935612173,0,1,50,0,46.1,Medium
SEG101745,23.03495581947056,72.5343965710427,0,9.028610373381174,1,0.04439039480433116,1,1,30,1,60.8,Medium
SEG101746,23.040919709748223,72.54190412248023,0,2.890082790962741,0,7.626829481589051,1,0,30,1,69.3,Medium
SEG101747,23.02923871052825,72.59200858184735,18,1.5268114212853778,2,0.15857620320522625,1,0,30,1,54.9,Medium
SEG101748,23.026187360159973,72.59296228076951,9,3.0999974966948507,4,8.804166010945071,1,1,30,0,54.7,Medium
SEG101749,23.024724273261793,72.5928818653904,0,7.59311677101791,3,5.294264585482985,0,1,40,1,45.8,Medium
SEG101750,23.0352241566657,72.53239196102601,19,8.59854009702266,0,9.300857026247007,1,1,50,0,86.0,Low
SEG101751,23.01108442364658,72.55485913091671,7,1.144449876223611,2,7.718565279037392,1,0,30,0,67.0,Medium
SEG101752,23.048843228225817,72.57937872575921,23,6.217126810748265,1,8.943436023603429,0,0,50,0,71.3,Low
SEG101753,23.04464638041706,72.57893757723775,21,5.672869055947429,4,7.438177106174239,1,1,80,0,31.8,High
SEG101754,23.01922599862986,72.53558407882174,1,6.687977855133651,2,5.76616955322523,1,1,30,0,64.4,Medium
SEG101755,23.03182351132469,72.56961677766081,16,6.71056371126796,2,1.7306027251434075,0,2,40,1,49.1,Medium
SEG101756,23.00775650149725,72.53928652520516,14,9.594674702665284,4,7.276465203305581,0,1,30,1,70.4,Low
SEG101757,23.053479043636347,72.56205860663641,4,3.465292084267393,3,5.923074738609771,1,1,40,1,53.9,Medium
SEG101758,23.049659097819664,72.54557957055468,8,2.997669217357788,2,4.54658331736815,1,1,60,0,46.4,Medium
SEG101759,23.050704362857456,72.53345547616276,11,5.812252858218252,1,5.585912900592725,0,0,60,0,61.9,Medium
SEG101760,23.01826896762369,72.53520126265923,3,4.2941845923866175,2,2.3225638917168068,1,0,40,1,46.8,Medium
SEG101761,23.009302408906056,72.58920804173245,17,4.737542723125783,4,4.044272287292764,1,0,50,1,56.3,Medium
SEG101762,23.011647468990645,72.5784019876731,6,0.6927699350449279,2,1.2419763203351042,1,1,40,0,39.9,High
SEG101763,23.00495007650748,72.59056855881524,22,1.4824217695359299,2,4.097696314242608,0,0,50,1,34.0,High
SEG101764,23.006606084655576,72.56054934560169,19,9.353749365928618,1,4.669324551263404,0,1,60,1,78.6,Low
SEG101765,23.003921749380165,72.55686401243193,15,0.6829145167012174,3,8.577720876344571,1,0,50,1,54.7,Medium
SEG101766,23.054440268806268,72.55329647401264,2,5.901455926806208,1,5.271798299190267,0,0,20,0,61.3,Medium
SEG101767,23.0040731725853,72.57005996124339,0,7.545750290178902,3,9.088685444571487,0,2,30,0,50.3,Medium
SEG101768,23.007289814452328,72.55285136015314,3,0.11863528440827498,1,9.679178473994668,1,0,50,0,57.4,Medium
SEG101769,23.04549900275749,72.57850776020884,11,2.227481479333848,2,0.48987623963314353,0,1,20,0,35.2,High
SEG101770,23.031913211920862,72.58208562620403,18,3.7707203084938676,4,5.971434533176183,0,2,40,0,40.3,High
SEG101771,23.042592946251315,72.5869298985729,3,5.068174470686685,2,2.992336812794977,0,2,40,0,43.9,High
SEG101772,23.034700160427494,72.54578206046594,16,3.415952947556604,1,8.513256192594366,0,0,50,0,57.3,Medium
SEG101773,23.048519628868092,72.56425643320401,1,6.4899925814905,1,4.940779682110971,1,1,50,0,49.8,Medium
SEG101774,23.03511571402706,72.54452390008744,6,2.2639751725071267,2,0.7808519998126828,0,0,20,0,55.9,Medium
SEG101775,23.028716880109673,72.53244112852232,14,0.25482936429019,1,2.1500662963158956,1,1,50,0,40.8,High
SEG101776,23.03920123315687,72.57600864477104,19,0.015710508182541494,1,6.738881684280283,1,0,50,0,56.9,Medium
SEG101777,23.024606601348566,72.56568378280578,18,3.455120119496342,2,0.7961508991011457,0,0,20,1,52.5,Medium
SEG101778,23.01903351025976,72.57705527317096,12,3.6166279919424715,1,3.7907839731060067,1,3,40,1,59.5,Medium
SEG101779,23.025720884884763,72.53569548924142,0,9.48604117386544,0,8.716218660219226,0,0,40,0,69.6,Medium
SEG101780,23.00933427578042,72.59470920163902,7,0.447807125202363,3,0.29201411680843004,0,2,30,0,27.7,High
SEG101781,23.04381144513915,72.59463265685156,18,5.30065060135181,1,6.962003708211749,1,1,30,0,63.8,Medium
SEG101782,23.014338707973476,72.56022498865772,1,5.778133142638463,2,6.754841729040956,0,4,20,0,27.4,High
SEG101783,23.008444235048536,72.58629381648694,16,6.992750118977195,2,3.2073695127547586,1,2,50,1,53.6,Medium
SEG101784,23.013549373298076,72.54583195612736,16,6.3873460014066055,1,1.1271667356408543,0,0,30,0,60.5,Medium
SEG101785,23.046313858347474,72.57794180047951,18,0.08139493723942848,2,1.024072692716218,0,4,40,0,9.9,High
SEG101786,23.018161071257875,72.58714968069287,5,6.318576734090117,2,9.69228048209102,1,1,40,1,62.9,Medium
SEG101787,23.037732742822826,72.58295330729526,5,3.2238793969973214,1,6.769162881770554,1,0,20,1,60.4,Medium
SEG101788,23.047102529686065,72.58276531508568,4,7.72868961347802,1,3.759912191092356,0,0,40,0,52.4,Medium
SEG101789,23.00427595668088,72.56009673108578,9,1.8836538613569909,4,8.335454435332942,1,4,30,0,29.3,High
SEG101790,23.04207634228479,72.58329934660561,12,7.162056519771793,2,1.0333620513771213,1,1,30,1,65.4,Medium
SEG101791,23.016921600650846,72.57489581284638,2,6.25495333689061,4,1.26927885854202,0,2,30,1,26.4,High
SEG101792,23.011914230030122,72.53860934087938,13,6.52290885327475,0,1.9756297378890042,0,0,40,1,57.6,Medium
SEG101793,23.037889579884915,72.53742198626419,5,1.7594768708755426,4,7.635624017683317,0,0,40,0,33.9,High
SEG101794,23.05003881425033,72.58017493883575,13,6.6917400133246225,5,4.088957097020839,1,2,20,0,51.3,Medium
SEG101795,23.01622605647918,72.57065516577023,7,7.369784086419148,5,6.425762962041168,0,2,30,1,50.4,Medium
SEG101796,23.031285859296137,72.56375944761744,22,4.894102612378056,5,2.3245112750014894,0,1,20,1,24.5,High
SEG101797,23.015940876261723,72.58897201640518,7,3.403656829875452,6,7.772982794513146,1,1,30,1,53.5,Medium
SEG101798,23.030485707214954,72.57287337319663,20,1.6655484928817588,2,8.016652289201161,0,1,20,1,52.3,Medium
SEG101799,23.03420241168599,72.55574953843075,4,2.8996052511074053,4,4.132578921290534,1,0,30,1,41.2,High
SEG101800,23.03356844638346,72.55690556753146,2,7.63828362452521,6,2.0928215392452754,0,3,40,0,13.9,High
SEG101801,23.03429505033035,72.56934088345314,4,4.094007245462557,4,6.30050275853552,1,0,60,0,45.5,Medium
SEG101802,23.007429388571964,72.57941789350461,10,7.027132419932576,1,2.5613538112421175,1,1,30,1,74.6,Low
SEG101803,23.03814472582727,72.5666829649517,21,7.4009132499848675,3,1.482931785480286,1,2,50,1,41.2,High
SEG101804,23.037111269600913,72.56306945734424,4,6.741702241242896,1,6.157975641767211,1,1,20,0,68.4,Medium
SEG101805,23.037542346721928,72.57724854567252,18,6.735384236829485,1,5.1290879215152065,0,2,30,0,54.2,Medium
SEG101806,23.00407388040063,72.57584219574396,16,6.108082043260516,2,7.834571958778959,0,0,40,0,76.5,Low
SEG101807,23.02457613633278,72.58397254463988,8,5.184219787137136,2,2.9230949810650197,1,0,20,0,49.7,Medium
SEG101808,23.022496932262516,72.53406586610802,8,1.9781668687026976,1,2.253024183994424,1,1,40,0,56.0,Medium
SEG101809,23.004769131600376,72.57907188858533,22,8.428033869218503,6,6.405228850513874,1,3,30,0,29.7,High
SEG101810,23.012230236034323,72.56339442931186,17,9.642641724875954,0,7.010601506187497,1,2,50,1,86.3,Low
SEG101811,23.02425294474889,72.53485505280216,5,4.6648406560016635,1,4.133635121276341,1,2,40,1,55.8,Medium
SEG101812,23.040859847042196,72.57413565183101,21,9.332387558846557,2,4.423597667560459,1,0,50,1,70.5,Low
SEG101813,23.013038414234156,72.57657511261013,9,9.979945377232834,3,1.235449860263499,1,3,30,1,59.5,Medium
SEG101814,23.04563624505687,72.56403576602041,1,4.861959125858206,2,4.694191124196886,1,1,30,1,57.7,Medium
SEG101815,23.03001890571567,72.58159693354723,19,7.24355373749968,1,9.613280151886675,0,2,50,1,65.0,Medium
SEG101816,23.041823192685154,72.54951612706091,20,6.437903382505226,3,1.1369782873984169,0,1,40,0,38.2,High
SEG101817,23.025990579083526,72.54312396920454,10,2.372648160007472,1,5.679679597219131,0,2,40,0,47.5,Medium
SEG101818,23.027455682398223,72.55279770686332,16,0.4708944375431878,1,0.18390891224538297,0,1,40,0,32.8,High
SEG101819,23.03408456641588,72.55665328336424,5,4.533553111744569,3,3.253739638170887,0,0,50,0,33.7,High
SEG101820,23.05103838344912,72.57523568415614,20,7.8720499739627225,6,7.61144338139195,1,2,40,1,61.6,Medium
SEG101821,23.02704969197771,72.58495879596208,8,3.2513466268969693,0,5.671612650260006,1,0,30,1,83.0,Low
SEG101822,23.029076164595956,72.5768596823551,6,7.844387211931844,1,0.8113232853259245,1,0,60,1,65.2,Medium
SEG101823,23.033109832994015,72.54130919133952,12,6.548016819629555,2,4.518313803150608,0,2,50,0,51.8,Medium
SEG101824,23.040563332551375,72.55380411051202,6,6.955413518175872,3,0.7907581562278676,0,2,20,0,36.3,High
SEG101825,23.003951768451742,72.54029689137411,14,2.8574088837739,1,3.735294610513905,1,0,20,0,56.3,Medium
SEG101826,23.028362809118708,72.57463707297127,17,4.70047382843047,0,7.689544049111844,0,5,50,0,39.1,High
SEG101827,23.026487537406332,72.5461311720841,9,1.8170380002521713,2,2.5824965663415336,0,2,40,1,37.9,High
SEG101828,23.050692674133067,72.56415015063537,18,2.465805280797264,4,4.533893383745369,0,1,60,0,28.6,High
SEG101829,23.027142861924,72.58146893980765,10,0.8985004309241518,3,5.003391694693802,0,1,50,0,37.0,High
SEG101830,23.025757629408186,72.57361105286991,23,1.2677340629620804,1,8.532758119398373,1,1,30,0,50.5,Medium
SEG101831,23.05292099936941,72.54939430939324,6,2.1051347929583653,2,1.2150336058794098,0,1,20,1,51.1,Medium
SEG101832,23.024781705498047,72.55163633879006,16,5.802342113758369,4,5.504185482232496,1,0,40,0,62.2,Medium
SEG101833,23.009948643667716,72.57246867862919,12,4.412111195476398,0,0.30789987938643293,1,3,40,0,40.2,High
SEG101834,23.01193038675432,72.5657154037071,22,2.6693951256556203,4,0.933370746102804,1,2,60,0,17.6,High
SEG101835,23.005235314608534,72.53626557668555,5,8.611124468976891,2,2.2072289545616908,0,0,50,1,50.4,Medium
SEG101836,23.00003124710924,72.58680945330278,4,5.251476913419861,3,7.197142733250721,0,0,60,1,51.1,Medium
SEG101837,23.023757011355027,72.56331986112349,20,9.231094736357937,1,0.41108817446308454,0,0,50,1,66.6,Medium
SEG101838,23.042308341971403,72.56076846585783,21,6.349649622775678,3,9.45069115862066,0,1,50,1,60.5,Medium
SEG101839,23.04034065435399,72.5428985568811,17,0.1578759652871664,4,4.276678276369159,0,1,40,1,37.0,High
SEG101840,23.001768199829158,72.55450459823308,11,9.134756910156952,0,8.386519404094276,0,2,40,0,73.4,Low
SEG101841,23.03134905969767,72.55163361605048,9,8.574633356808263,3,2.2187573655604043,1,0,40,1,68.2,Medium
SEG101842,23.00848557189774,72.54759781938391,15,6.352712227808992,3,3.3781070481926276,1,0,60,1,78.3,Low
SEG101843,23.051759195662058,72.56688142735204,17,5.34773555730818,2,7.270158267815194,1,1,30,0,61.2,Medium
SEG101844,23.00920507498043,72.56004789841822,6,4.5292607331858505,2,3.791971794004004,0,1,60,1,46.8,Medium
SEG101845,23.03446515697336,72.58779784954545,0,4.821748457668317,3,5.074878958358018,1,0,40,0,44.8,High
SEG101846,23.017943109919024,72.59118735850807,1,7.692206408423497,3,8.092522312773053,1,0,40,0,57.6,Medium
SEG101847,23.03528587292804,72.54426577289982,8,5.1314160235868576,0,6.510951534499822,1,2,30,0,63.4,Medium
SEG101848,23.022674222805524,72.53650685286986,16,1.7602469870244064,1,8.358760260701194,1,0,30,1,73.6,Low
SEG101849,23.04178036787685,72.5810469408467,10,0.5817756717299272,5,0.8648624225123369,1,1,40,1,31.0,High
SEG101850,23.01268735189303,72.59466599123651,14,1.2618627628651247,0,6.080703776507655,1,1,30,0,53.7,Medium
SEG101851,23.049818551910285,72.58613400454053,11,2.514411088373861,2,6.012043127044562,1,2,20,0,50.3,Medium
SEG101852,23.027511530712236,72.53154033113772,6,3.6773412143970665,1,6.070985344953499,1,0,30,1,70.9,Low
SEG101853,23.041585123124207,72.54633213079592,17,8.924160121752088,1,5.888102136927685,1,0,30,1,84.4,Low
SEG101854,23.046735160527067,72.53281724800769,17,2.39087232199668,2,7.2383805698269335,1,3,60,0,46.6,Medium
SEG101855,23.054935573602513,72.58335065950767,23,3.195985580025348,3,8.44036381717695,0,0,40,0,40.8,High
SEG101856,23.012317011607667,72.567791453459,19,2.230145395267739,1,2.295979141478206,0,1,40,1,41.9,High
SEG101857,23.01577908274599,72.56339170517586,9,5.457418187061334,1,1.0456382179683443,0,0,80,1,57.6,Medium
SEG101858,23.013773819770254,72.56603924232978,16,6.170866962944869,1,0.7397534477922185,1,1,30,0,66.4,Medium
SEG101859,23.01445792326879,72.54640933181528,8,5.321275318971606,3,1.5842795579217772,1,4,80,0,25.1,High
SEG101860,23.032034460784665,72.56910649399403,20,9.518566512169402,1,6.559527309732104,0,5,60,0,44.3,High
SEG101861,23.05464373877302,72.53199335360016,14,9.953780176541242,3,4.164983636896984,0,1,50,1,63.6,Medium
SEG101862,23.054465294790102,72.5719907620581,20,8.373959898055633,1,3.4948963701265656,0,2,40,0,56.0,Medium
SEG101863,23.028972527724928,72.57773819896163,6,8.052961448903023,5,9.09950975542311,0,1,50,1,60.9,Medium
SEG101864,23.035146496564558,72.57374670714127,0,3.6605277674960854,0,9.001758790394554,1,1,30,0,66.9,Medium
SEG101865,23.047298379903587,72.5515876386903,3,5.797835061619984,0,5.388915531432598,1,1,30,0,61.6,Medium
SEG101866,23.05131134021494,72.58370708948328,12,3.5147241894888515,3,4.585004537961308,1,2,30,0,46.1,Medium
SEG101867,23.011212334503124,72.57651035981263,23,7.843558461737393,1,2.7044071647693912,0,2,30,1,48.4,Medium
SEG101868,23.029069795091836,72.53833932599008,15,1.71831139091836,2,4.599020440000849,0,0,30,0,53.6,Medium
SEG101869,23.045806038006383,72.542684374335,19,2.1667171429464305,1,4.109191636246049,1,0,60,1,61.9,Medium
SEG101870,23.016676114214903,72.57141204685658,11,0.3869407087030885,3,0.06951838762945917,1,3,20,1,19.1,High
SEG101871,23.024189497336426,72.54881204868114,23,6.089396733379924,0,7.58576650728263,1,1,40,0,56.5,Medium
SEG101872,23.05420916058316,72.537763141194,22,6.88538258788957,3,4.38573290357059,1,1,30,1,52.6,Medium
SEG101873,23.05417756831965,72.54007298455474,5,0.03362286231378797,3,2.2284930240220557,0,0,30,1,33.4,High
SEG101874,23.049835874592084,72.54076511673513,20,5.107857639942505,2,6.662616773127952,0,2,60,1,58.8,Medium
SEG101875,23.043914658965544,72.5610564089432,0,3.7687453848977395,2,4.476683254661772,0,2,50,0,33.0,High
SEG101876,23.014802177539753,72.56948005447292,14,7.923807818187677,1,3.1373004328227605,1,0,50,0,71.4,Low
SEG101877,23.017646754073695,72.54146614786553,10,0.38890745998643395,2,2.3081074529414503,0,1,50,1,44.1,High
SEG101878,23.03010055626627,72.57631227967362,7,0.48565688818078545,1,0.5914166721877911,0,2,50,1,28.6,High
SEG101879,23.03084275560091,72.5482658194876,22,6.202090987258799,5,5.030221006475522,1,0,30,1,48.5,Medium
SEG101880,23.02780265506464,72.5502512789956,15,5.9163885457976395,2,3.754442452516571,1,1,40,0,52.4,Medium
SEG101881,23.035016865395395,72.54452741036982,3,8.310900229980103,3,0.4032918880836922,1,0,30,1,53.6,Medium
SEG101882,23.022457766244813,72.58103839883631,3,5.922668891573611,2,8.124066301480276,0,1,30,1,53.8,Medium
SEG101883,23.041204578652355,72.5923878991409,2,9.493708285915014,0,8.082842637995395,1,1,60,1,85.5,Low
SEG101884,23.018345245956308,72.56201249016408,7,3.143846422344221,1,4.90025571859432,1,0,50,0,68.4,Medium
SEG101885,23.018187234832048,72.53273199169308,1,3.9792140640480023,6,8.389004047234152,0,1,40,1,33.2,High
SEG101886,23.00699742790405,72.54693700556766,6,9.776746665029165,1,4.810055327727215,0,1,20,1,83.2,Low
SEG101887,23.01037917155159,72.54027326892273,18,1.0752424337177813,0,1.6890276760547385,0,3,50,0,27.4,High
SEG101888,23.046778648340673,72.58477954851539,20,7.959048531962796,3,5.175981774295886,0,0,60,0,47.1,Medium
SEG101889,23.024545528621925,72.53551550918316,18,0.11568714660440294,2,3.1256695943302204,1,2,60,0,27.4,High
SEG101890,23.012532728260407,72.59282095564474,11,4.8651324940335225,0,4.523646084654354,0,0,50,1,73.3,Low
SEG101891,23.04176376050123,72.5682533954806,16,1.5340233736867448,2,9.706698972449413,1,1,40,1,66.6,Medium
SEG101892,23.030468961919926,72.56365308615982,22,5.98861703728065,0,3.555308713234097,1,1,30,0,56.3,Medium
SEG101893,23.00116358062828,72.58507779045725,1,7.98169969707828,2,2.158898507527238,0,0,20,1,62.4,Medium
SEG101894,23.01739988015352,72.53179059538395,21,0.3304230235068728,3,1.2855154633365684,1,2,30,0,15.0,High
SEG101895,23.009735077611673,72.58051492871145,17,1.6377272659174524,5,8.839277032445828,0,0,40,1,43.2,High
SEG101896,23.036073007354055,72.53757926296196,9,3.4261038116190248,1,0.14938397316403673,0,2,60,0,36.8,High
SEG101897,23.015126707234664,72.58465057643113,10,2.55798965855674,3,9.074537250298716,0,0,60,0,49.1,Medium
SEG101898,23.003572072856546,72.56439645425046,10,3.832198898062551,0,0.617720242049774,0,1,30,0,56.5,Medium
SEG101899,23.003021424405873,72.53397341115341,3,9.518682998174517,4,7.5265935817494825,0,1,30,0,43.6,High
SEG101900,23.031995001387727,72.58416092752209,5,1.012061274402405,1,2.936509507660885,1,1,30,0,34.6,High
SEG101901,23.001194790063725,72.53177541760964,7,4.2328210866577205,4,2.499074075098897,1,1,40,0,45.7,Medium
SEG101902,23.046683566222484,72.53899409503809,0,4.570913716075829,4,1.7993539313202644,0,0,50,0,30.1,High
SEG101903,23.00854684155915,72.58185859404873,12,2.8034205182916274,1,1.3451516636787564,1,1,50,1,51.3,Medium
SEG101904,23.03336114843575,72.56021662305076,11,2.785065576875697,3,0.6623467475633982,0,0,60,0,35.7,High
SEG101905,23.024457841540592,72.58729026578307,7,7.147521617493206,1,1.5504459629470158,0,3,40,0,46.6,Medium
SEG101906,23.024356833667756,72.57130290273142,4,6.178438426509826,3,5.884773192012508,0,3,50,0,22.0,High
SEG101907,23.003948842829804,72.57052936903408,23,8.128320197331531,4,5.696786112846742,1,1,80,0,39.6,High
SEG101908,23.04415137376167,72.54899528189858,16,4.050732224780522,1,2.8107469259467743,0,1,50,0,49.5,Medium
SEG101909,23.049117886661428,72.53868923403087,11,6.06711026979673,3,6.798818704678672,0,1,30,1,65.7,Medium
SEG101910,23.00060591670613,72.59247620540829,17,8.935881406825846,6,7.696290236599684,0,3,30,1,48.9,Medium
SEG101911,23.00982322966334,72.53681184979432,8,8.513284717163854,3,9.801749459515243,0,1,20,1,76.3,Low
SEG101912,23.04971473038375,72.56438568900478,5,9.200233924999589,7,4.397693166787336,1,0,20,1,44.1,High
SEG101913,23.030222148704002,72.54771695840427,16,2.689750225282249,7,3.7458906443881466,0,1,40,0,25.1,High
SEG101914,23.00825217680365,72.54716914313279,18,9.854211845321203,1,9.731748598601499,0,0,50,0,89.7,Low
SEG101915,23.011153474893504,72.56864810425468,15,8.163899154714166,3,9.421525470187781,0,0,30,1,85.7,Low
SEG101916,23.036299243433042,72.58186571761662,13,7.948078060413033,5,9.269478561429034,1,0,30,0,66.3,Medium
SEG101917,23.03986492522358,72.58051666638403,0,6.675786009586593,1,6.087857505609557,0,2,30,0,50.5,Medium
SEG101918,23.032968474471897,72.58647210979758,15,9.832679733720655,2,6.177317865909275,0,2,60,0,57.6,Medium
SEG101919,23.052423160895188,72.5490386779643,14,4.415632280464804,1,9.27980194778971,1,1,30,1,78.9,Low
SEG101920,23.027173498201396,72.56027383981149,9,7.415393047624107,0,4.798190727498048,1,2,20,0,88.3,Low
SEG101921,23.01651495516784,72.5306067472593,5,6.988112879885215,3,2.134752924051414,1,3,40,0,36.2,High
SEG101922,23.02624781004867,72.57854574550386,23,7.320889064470656,1,9.852587225971718,1,1,40,1,70.9,Low
SEG101923,23.019781646151664,72.54965230228925,9,7.514648141692567,1,8.420697281293604,1,1,20,0,81.8,Low
SEG101924,23.012342874097108,72.56649707966257,6,1.9075589112121338,1,0.5605379121745979,1,4,50,1,29.6,High
SEG101925,23.002527978713708,72.54100451833126,16,3.490514697024023,2,1.1246502653247226,1,2,40,1,46.6,Medium
SEG101926,23.01937168714608,72.58326096796372,11,3.9225399582590494,4,8.821175076099886,1,2,40,0,42.6,High
SEG101927,23.039127514124036,72.58312269425309,13,7.479998139799621,1,3.010866770867385,0,1,50,0,60.7,Medium
SEG101928,23.001014079158136,72.58703443945895,15,7.162479757193044,3,6.963857915347341,0,0,20,0,58.7,Medium
SEG101929,23.024154818226325,72.53298590481194,8,8.333662052357193,2,1.1782188278625405,0,0,30,1,59.2,Medium
SEG101930,23.035420517079743,72.59450981613537,3,7.8851915789033615,1,1.7053367231849992,1,1,40,0,63.4,Medium
SEG101931,23.033572226004587,72.54610566193858,4,5.960338793894108,1,7.473667086681287,0,1,30,0,54.5,Medium
SEG101932,23.04271566397388,72.55011318959308,22,1.3994848648744251,0,9.79291687016325,0,0,20,1,71.9,Low
SEG101933,23.04457858436129,72.54620682239738,12,6.354552592323651,2,5.021988004066943,0,1,30,0,55.6,Medium
SEG101934,23.039143820150567,72.54738962539382,10,8.87059283637479,5,0.42916131478336506,0,2,40,0,25.5,High
SEG101935,23.00565387328796,72.56592298814674,7,6.431743633897312,3,2.3431702169858983,0,2,60,1,37.7,High
SEG101936,23.02612623442024,72.54558768537974,17,8.956264285777417,0,2.127009590349603,1,1,40,0,87.5,Low
SEG101937,23.033187327661818,72.55559513524102,21,9.990530181368994,1,9.352722049441107,1,1,60,0,65.5,Medium
SEG101938,23.01350613213452,72.57261442785881,18,3.5920223302353294,4,4.191499912262878,0,2,40,0,41.9,High
SEG101939,23.002340349970574,72.58434170323255,12,7.23289694347851,4,9.47672803025135,1,1,40,0,68.8,Medium
SEG101940,23.01229746764818,72.57502819751734,11,5.399586326005053,2,8.59584610757451,0,2,30,0,59.7,Medium
SEG101941,23.025019192095296,72.56863098491118,20,4.549718007081656,0,4.508064053934434,1,1,20,0,66.3,Medium
SEG101942,23.022766167548003,72.53960235656517,20,2.3986707869246118,2,0.248600423104679,0,2,30,1,32.2,High
SEG101943,23.009716683972993,72.58304751410019,9,2.45914595995931,4,9.72950519011735,1,2,20,0,54.6,Medium
SEG101944,23.045342854847593,72.53242286771955,23,1.8497228675997102,1,0.10071432496234545,1,0,50,0,41.9,High
SEG101945,23.05091276678052,72.5471724581103,19,6.314835064989415,5,8.561296716900385,1,0,30,1,71.3,Low
SEG101946,23.0110741575479,72.53370882960058,20,1.4205309664310306,3,4.132318334290483,1,0,20,1,60.6,Medium
SEG101947,23.051126510356198,72.57338288341299,1,4.313864698170508,1,3.0130893488788857,1,0,50,0,46.9,Medium
SEG101948,23.000982352754637,72.55394412036858,3,5.233332392721941,1,4.0830061006485785,1,1,30,1,68.5,Medium
SEG101949,23.050872935998882,72.57238315140832,7,4.382344771889698,2,3.5690943685461063,1,0,60,1,62.2,Medium
SEG101950,23.05235608345445,72.55255701235474,18,8.549295134739165,1,6.891192621089085,0,2,50,1,80.5,Low
SEG101951,23.000662852465876,72.55962314750197,1,4.431693597938603,3,5.727231348392804,0,5,30,0,12.1,High
SEG101952,23.04196606132272,72.5597674656608,1,0.8283209296430261,5,2.5690485312867573,1,1,30,1,22.9,High
SEG101953,23.053361086491343,72.5329627424884,0,9.921995411726472,3,5.27501149633936,1,0,80,0,61.2,Medium
SEG101954,23.04982462203498,72.5579647242125,4,8.449835910602127,0,4.049500893811066,1,2,50,0,58.0,Medium
SEG101955,23.05338905886579,72.57166918360248,22,6.600434854059998,0,9.206462559217867,1,0,60,1,79.6,Low
SEG101956,23.03026779281337,72.5654933959949,17,7.563236208086074,2,8.923780367810549,0,3,20,1,62.9,Medium
SEG101957,23.004298587693697,72.53489344480809,17,1.281906997548441,1,6.1734591026980326,0,0,40,0,52.9,Medium
SEG101958,23.046738405879278,72.57342363906965,7,7.659147941031748,2,9.653678096578695,0,0,30,0,74.8,Low
SEG101959,23.033760554069495,72.5500760790695,15,2.077489417120951,2,3.7512704811018818,1,2,30,0,44.1,High
SEG101960,23.033810520930356,72.53093826218064,18,4.889761295739757,0,0.8797027599382479,0,1,20,1,61.2,Medium
SEG101961,23.02294894854223,72.54011371121048,12,1.7798278932428357,3,0.4765230386150865,1,0,50,0,36.2,High
SEG101962,23.03145130870866,72.56234137772557,20,7.537849643321918,1,8.33445234392006,0,0,40,0,81.6,Low
SEG101963,23.008446887849736,72.55017610783696,13,2.459338805124469,4,3.834906226075531,1,3,50,0,22.0,High
SEG101964,23.040687351461138,72.57513489589398,7,2.5320841849169273,3,8.602737888398567,0,1,20,1,47.8,Medium
SEG101965,23.004125951904335,72.54564247591178,15,1.0922234934029906,4,4.587351898885439,0,1,80,1,26.0,High
SEG101966,23.040137942187407,72.58023175095089,22,7.206064569638717,2,0.11173603200106963,0,0,30,1,60.6,Medium
SEG101967,23.046693813244367,72.5486210167906,19,2.958446307808779,2,5.286484062691405,0,0,80,1,53.1,Medium
SEG101968,23.025985777266047,72.57035614099298,11,5.182800132019674,2,5.945461873811996,1,0,50,0,61.4,Medium
SEG101969,23.028040670133137,72.58194906471633,14,3.3224355736703926,2,4.515088755285344,0,2,20,0,48.1,Medium
SEG101970,23.017171785010714,72.55506114836184,23,7.747012588222333,2,8.38034278705194,0,3,50,1,48.5,Medium
SEG101971,23.053320222104908,72.533042321218,17,2.264836564940013,1,6.440081587340291,0,2,40,1,54.4,Medium
SEG101972,23.040321846100774,72.56480395886882,12,9.408345000463918,4,3.6473923633451975,0,1,30,0,61.2,Medium
SEG101973,23.020294370431518,72.5947015890004,6,3.2133997488970767,0,7.190023880369281,0,0,30,1,75.4,Low
SEG101974,23.009614406242815,72.5929844713145,21,1.0385162129075065,0,3.1961343692030217,0,2,80,1,26.7,High
SEG101975,23.012076877571115,72.54436644260637,23,2.4030523281493243,2,8.385476353408736,0,0,80,0,46.1,Medium
SEG101976,23.025515725736053,72.57912027311258,1,0.739409290671752,5,2.801037046715166,0,0,40,1,23.6,High
SEG101977,23.051841262017287,72.55242186906831,0,4.687387309924248,2,6.666110787636046,0,1,30,0,47.2,Medium
SEG101978,23.04037804901685,72.5404177112119,2,2.5025122072346893,5,4.150920424672336,0,0,30,0,26.4,High
SEG101979,23.011838406149852,72.57328445553917,9,8.860460444448764,4,1.0118327594656584,0,1,30,1,51.5,Medium
SEG101980,23.04727586233804,72.56255646741924,3,5.171286202201464,4,6.297047642140985,1,0,40,1,46.1,Medium
SEG101981,23.020801028765533,72.56504998624762,21,2.333684487292863,4,3.830538057844064,1,0,40,0,36.8,High
SEG101982,23.04684472005139,72.5837805230453,21,4.512703299049415,1,6.342633980088629,0,0,30,0,61.4,Medium
SEG101983,23.01329347788896,72.55187533893269,4,1.959942721404243,2,5.399035799116874,1,1,50,0,39.4,High
SEG101984,23.0340263336565,72.57336115937112,19,1.7872937592491844,2,0.41595124893779256,0,2,80,1,28.1,High
SEG101985,23.05096687684447,72.55380244535257,3,3.00656470133444,1,2.0497828334174084,0,0,30,0,36.6,High
SEG101986,23.01418417050313,72.53277705327773,18,1.0830146476894675,7,7.0042108267938,1,0,40,0,32.2,High
SEG101987,23.03811096248222,72.55457098197687,8,1.8864753691089065,1,4.676558366632191,0,5,40,1,24.5,High
SEG101988,23.05430219409764,72.59175224010826,0,9.380468729954218,3,4.664694113234244,1,0,30,1,66.7,Medium
SEG101989,23.008282905798364,72.56141206133574,10,6.668026346974619,0,0.023986001913645083,1,3,40,1,61.5,Medium
SEG101990,23.004862125988538,72.5370349783944,19,9.211026634572656,7,3.0279819729393687,1,3,20,0,34.8,High
SEG101991,23.037080735584464,72.57470874390945,22,2.5684694146778373,3,6.694659632043591,0,1,20,0,37.1,High
SEG101992,23.018685477126198,72.5926196577317,2,8.570133358009237,0,8.86988088999663,0,3,50,0,60.2,Medium
SEG101993,23.003918446255163,72.58901644102538,20,3.622728068539839,4,5.740070650405987,1,1,30,0,56.0,Medium
SEG101994,23.0261418089836,72.56717745445754,7,1.4419498112248563,2,5.406453082809564,1,3,50,1,33.5,High
SEG101995,23.04145738738042,72.55445824838266,11,8.047071000041969,3,4.703147638490268,0,1,20,0,59.1,Medium
SEG101996,23.015681732022834,72.5677440484531,2,0.5965013186275014,4,6.784811238898159,1,1,50,1,28.5,High
SEG101997,23.01842757826278,72.58303551904295,23,4.048528389349663,1,7.9813116205688805,0,0,50,1,53.8,Medium
SEG101998,23.046513467035584,72.58598042723119,18,8.193146685116435,2,2.206837174153722,1,1,50,0,59.0,Medium
SEG101999,23.028603955174383,72.58322485252125,15,6.1718492544650925,2,7.139764169307188,1,1,30,0,60.0,Medium
SEG102000,23.046350258284356,72.55960596459872,17,5.180656953996932,2,2.43854801255871,0,0,40,1,57.1,Medium
SEG102001,23.024551422067905,72.53772576932207,20,3.5363392150358077,0,0.3179229969678765,0,0,60,0,49.5,Medium
SEG102002,23.052413633885806,72.56699627273802,3,0.7505583038802022,3,0.7467988019100957,1,0,30,1,28.2,High
SEG102003,23.035793702434475,72.54016787382217,5,9.909719860358987,3,0.4654153059819277,0,0,30,0,46.8,Medium
SEG102004,23.00637443759256,72.53396229170336,0,1.7477372672504843,2,2.801735563093354,1,2,30,1,34.5,High
SEG102005,23.048680114352475,72.56241340917288,11,2.553084749760438,1,1.2717330077582778,0,3,80,0,24.1,High
SEG102006,23.026909585495694,72.57259927425304,11,2.3591576249461776,2,0.8520404596587605,1,1,30,1,41.3,High
SEG102007,23.00779014323851,72.58551957491642,0,9.079414066857032,3,1.4758719081210547,1,0,20,1,65.5,Medium
SEG102008,23.00839795736128,72.58088431100703,15,7.636883927235304,2,0.38198302274020546,1,0,80,0,58.4,Medium
SEG102009,23.037814366431043,72.58572063332917,0,4.573297994393366,2,3.435516543176349,1,1,30,0,41.1,High
SEG102010,23.00260548787012,72.57940447010336,19,9.554230339518591,1,8.228160087989338,0,1,30,1,94.2,Low
SEG102011,23.01576265707026,72.5757105607989,16,0.5278338078644174,0,5.537785834776362,1,1,40,0,58.5,Medium
SEG102012,23.007688317475843,72.53065894199415,19,8.936703812216521,3,0.6496661978273588,0,2,20,0,51.3,Medium
SEG102013,23.024259258628952,72.57069665026759,2,0.6042733568815917,3,3.7492328020595576,1,1,40,1,35.5,High
SEG102014,23.02278945745969,72.53783131726904,20,3.9113069593456373,1,4.298346822260138,1,3,20,0,47.0,Medium
SEG102015,23.028703203907888,72.53381336360161,13,0.5400487837648971,3,1.724114368826134,0,3,40,1,20.6,High
SEG102016,23.015379998100638,72.54016678988687,20,9.989689917576852,1,3.7301187788603096,1,2,40,1,78.8,Low
SEG102017,23.0017623974158,72.58351399049371,16,9.143895025006017,5,3.367550321837147,0,1,20,0,48.9,Medium
SEG102018,23.033791235859436,72.5783502105515,15,5.847989552462312,3,4.93808351636752,1,0,40,0,61.1,Medium
SEG102019,23.020554490158528,72.59167020633834,0,2.1784457399824553,4,6.972921568436483,1,1,60,0,33.4,High
SEG102020,23.0358234249307,72.59363345681227,16,2.7677772519746924,3,4.788369558855691,1,0,30,1,61.9,Medium
SEG102021,23.005976683394234,72.58806345911431,10,4.495433660571203,2,0.7395405114053433,0,2,80,1,34.2,High
SEG102022,23.000757754541173,72.53864019331351,20,3.2278018249234575,1,0.5522870589016149,0,0,80,1,45.7,Medium
SEG102023,23.013656183633692,72.58709487816013,16,0.21313905434940716,1,8.879594310665924,1,0,30,0,64.8,Medium
SEG102024,23.02511010276467,72.58451141376126,1,6.562560081171346,0,6.947640634116726,0,0,40,1,74.2,Low
SEG102025,23.021673958579267,72.58662058089088,21,6.134279040933013,1,6.5717925719768235,1,2,60,0,59.8,Medium
SEG102026,23.04456664054004,72.53985956511258,1,9.043107032188408,1,9.132012771869405,1,2,50,1,72.2,Low
SEG102027,23.020781070430605,72.53759146880526,7,4.768540401054504,0,5.415058641438435,0,3,50,0,56.1,Medium
SEG102028,23.02917426487817,72.59004757717297,5,3.4470896179838784,0,0.7372331281340994,0,1,30,1,41.3,High
SEG102029,23.03264335758432,72.54129873219374,23,5.115171829177669,2,7.1438472140267635,1,2,60,1,44.7,High
SEG102030,23.00120072654052,72.55396041251777,3,1.9469499089583964,4,1.6227227137325584,1,1,30,0,20.0,High
SEG102031,23.02833233572654,72.55963901521712,20,6.255403518247864,4,6.661945232517502,0,2,40,0,41.8,High
SEG102032,23.018965719266937,72.53808876430892,5,7.7003288279016155,4,4.00707677859037,0,2,60,0,27.4,High
SEG102033,23.02317040702258,72.53134122872211,15,1.5346171337569214,0,0.2822580910758876,1,0,30,0,59.7,Medium
SEG102034,23.005515806917238,72.59461588053486,2,3.1838321763532917,4,0.5552956186023339,1,2,40,1,27.8,High
SEG102035,23.043055131110677,72.58698272091428,9,8.678009793663987,1,3.9263389365669865,0,0,50,1,72.6,Low
SEG102036,23.051832233794467,72.58930196540778,14,5.055317486338219,4,5.945431292563073,0,1,60,1,46.1,Medium
SEG102037,23.001224785134628,72.54849659950268,17,5.318366466775467,4,1.7089721227634425,1,3,40,1,38.2,High
SEG102038,23.033075501954624,72.54430660222846,20,7.224081970533516,0,1.0674988213579517,0,0,40,1,72.2,Low
SEG102039,23.04201142370086,72.5576813262814,19,5.778928152213265,5,3.7623042208141975,1,1,30,0,50.5,Medium
SEG102040,23.015664417375742,72.55946575898358,12,0.6957976807381916,3,8.041807285299887,1,0,20,1,61.3,Medium
SEG102041,23.043315557167478,72.53036396352617,7,8.039617118630357,0,7.840055183467136,0,1,20,0,80.9,Low
SEG102042,23.034779527792146,72.58065145231639,6,9.228360372484678,1,6.841401293327246,1,0,40,0,93.0,Low
SEG102043,23.05110394477491,72.59478335747923,23,0.5327723299081222,5,4.253568120084545,1,0,40,1,28.1,High
SEG102044,23.053955264624456,72.56436490655663,14,1.2124975645755098,3,4.419376004177273,1,0,20,1,54.0,Medium
SEG102045,23.002329036269927,72.5552368151758,21,7.019752022074805,1,2.259438630673621,0,1,30,0,47.6,Medium
SEG102046,23.024471576856484,72.55552887305937,10,6.0447393251452555,5,1.3714250093915026,1,4,30,0,27.0,High
SEG102047,23.030084328316804,72.53624501359118,11,3.8251699897174585,0,0.15840790796956772,0,0,60,1,47.1,Medium
SEG102048,23.00807087782642,72.54730051819367,19,5.392486489403714,2,8.601500411540478,1,0,20,0,75.9,Low
SEG102049,23.018495720673506,72.56263863126125,17,7.033385680010587,1,4.961846113114965,0,2,40,0,60.6,Medium
SEG102050,23.054320609626604,72.55807012007375,4,5.044764618809293,5,0.03042982624871793,1,3,50,0,20.2,High
SEG102051,23.000892675098836,72.5654272584733,12,1.4018832463564923,1,5.291734048329845,1,1,60,1,52.2,Medium
SEG102052,23.024887936233842,72.58518926716143,5,0.8943602913329018,1,2.5832390257696494,0,1,50,1,35.2,High
SEG102053,23.0463460041945,72.54464074967548,18,4.388587351883817,5,4.273626461142635,0,0,30,0,45.0,Medium
SEG102054,23.01781456944956,72.53179817175891,0,9.228847578488338,4,6.724110600527531,0,2,30,1,56.3,Medium
SEG102055,23.026388917651534,72.53248465394338,19,5.577791747084938,2,8.097442254422942,1,0,30,0,72.5,Low
SEG102056,23.053792516018337,72.53872097234495,22,3.5822006901784906,3,7.004817974020016,1,3,50,1,40.7,High
SEG102057,23.026118226006165,72.56708139401229,0,9.087061695210355,3,8.962986382104765,1,0,30,0,78.5,Low
SEG102058,23.007200672168057,72.58253201265246,15,3.886321561789381,3,2.3474614121958712,1,3,30,1,49.0,Medium
SEG102059,23.00284468204165,72.58764238605325,1,5.091464809343752,6,6.613851460624768,1,1,30,0,42.5,High
SEG102060,23.051997911484197,72.57128235812837,8,1.164993306287212,1,8.898312706569863,0,1,40,0,56.0,Medium
SEG102061,23.01461951773013,72.5562043114093,8,7.374009455193812,4,3.084999143974599,1,2,30,1,57.8,Medium
SEG102062,23.02772351486105,72.54004345603015,12,7.003029571437156,1,7.994516049472776,0,1,30,1,75.5,Low
SEG102063,23.004988597134947,72.55609219206383,22,7.94243992859329,3,9.402155699387425,1,3,20,1,48.4,Medium
SEG102064,23.023301031630282,72.551606983704,11,3.2519131342776344,2,6.4387688073932035,0,0,40,1,63.2,Medium
SEG102065,23.051155803558757,72.58655168225572,9,4.360532190661919,0,1.642645618451548,0,2,20,1,55.9,Medium
SEG102066,23.0276327146497,72.5616367595317,2,1.6834171152719835,3,2.6086017109885073,1,0,40,0,38.1,High
SEG102067,23.053412433349127,72.54470273349705,21,9.645048760964993,3,6.79980246377564,1,0,50,1,73.7,Low
SEG102068,23.014235960048058,72.54877206934303,7,0.8607734740788264,4,8.66175415044932,0,2,40,1,34.3,High
SEG102069,23.027749988183718,72.53887056069527,11,6.490133036748072,2,0.23756688269477966,0,0,30,0,66.7,Medium
SEG102070,23.047274193549512,72.58970805418949,2,7.052573945651862,2,3.263313696697814,1,1,40,1,56.8,Medium
SEG102071,23.024653879500455,72.53327248000537,6,1.5773647365097965,1,2.335699383724712,0,0,40,1,45.9,Medium
SEG102072,23.015371805546362,72.53083500615614,13,3.6532320583048983,2,4.22061017477132,0,1,30,1,49.0,Medium
SEG102073,23.047051144987982,72.54189428067924,21,0.43126566762483276,4,7.684777848676511,0,0,30,0,21.3,High
SEG102074,23.021443920787995,72.58270681116419,7,5.56608257586641,3,5.028055030582487,0,0,80,0,52.1,Medium
SEG102075,23.029189781008313,72.56402534113101,13,9.949381428236242,2,5.182907279179014,0,0,30,1,78.6,Low
SEG102076,23.053708988652833,72.5706798136795,21,4.298849568221589,0,6.090259403981422,1,0,40,1,63.1,Medium
SEG102077,23.01025658121157,72.55325255890202,8,9.900082203729365,3,5.156737270849425,1,0,20,1,81.3,Low
SEG102078,23.01657703501961,72.5344640690607,7,1.2622542380896251,2,6.882613401295826,1,0,50,1,59.4,Medium
SEG102079,23.001708828003842,72.58565028056199,1,3.9245434326779574,0,1.0703735355228738,0,2,30,0,38.0,High
SEG102080,23.021551074045053,72.54247312768815,21,9.019649700484718,1,0.22801151185709578,0,1,50,0,37.3,High
SEG102081,23.011010088682166,72.53214884803543,2,8.76695481657472,5,8.267899093225143,1,1,20,1,56.1,Medium
SEG102082,23.037401921447433,72.56722576883566,5,3.235915778697842,4,4.789079039127218,0,0,30,1,41.6,High
SEG102083,23.00997268023212,72.535413799325,3,6.786105837683316,4,2.9847379263254403,1,1,50,1,39.5,High
SEG102084,23.037114701382322,72.5362245203709,16,8.861601715577907,3,4.543051591896341,1,0,30,1,81.0,Low
SEG102085,23.014491148550412,72.58202450704637,8,7.668774661532277,3,6.5009157234871715,0,1,20,0,61.8,Medium
SEG102086,23.019536980876666,72.56195462330567,16,6.284761969329175,2,1.2170289106024468,0,0,50,0,60.4,Medium
SEG102087,23.01918733586255,72.54569804939607,14,1.5257561456002255,2,5.236115011853198,0,0,80,1,47.1,Medium
SEG102088,23.039421346258997,72.55266071751836,0,0.7300269257056347,5,1.1070814707459775,0,1,30,0,14.8,High
SEG102089,23.025658009472608,72.5774006636248,7,6.14622179816561,1,8.59569360341487,0,0,40,0,77.4,Low
SEG102090,23.019871439436898,72.53431301940918,0,5.002756656891081,2,5.623839093805848,1,1,30,0,53.8,Medium
SEG102091,23.04689424954717,72.53757124003566,1,2.3803665973148433,1,8.108596195352822,0,1,40,0,41.2,High
SEG102092,23.031457284410266,72.57005703227439,11,2.9276979495902467,7,7.210054221900329,0,0,50,1,44.0,High
SEG102093,23.011760695170288,72.56945316274036,6,3.9208717720141006,3,8.152556145352909,1,3,40,0,48.8,Medium
SEG102094,23.049505020297904,72.5932100419948,2,4.955208521225057,4,3.4180740314357747,0,2,30,1,25.6,High
SEG102095,23.01884576628185,72.5543457162816,9,3.902589690884125,0,1.394625825924325,0,3,30,0,31.7,High
SEG102096,23.002143865764552,72.53423004576653,10,3.872916720859666,1,8.91604820391385,0,5,40,0,41.9,High
SEG102097,23.027203012318594,72.56493993326522,23,1.1573281131135293,0,8.846395661035633,0,3,50,0,42.0,High
SEG102098,23.006816592994248,72.57149254276452,15,8.655904182553432,6,8.83272851784043,1,2,40,1,55.9,Medium
SEG102099,23.013115654404366,72.5390741810761,9,6.091540817780943,2,9.892717516063975,0,3,30,1,58.8,Medium
SEG102100,23.041091097997807,72.5659360282798,11,1.4610218460201185,3,5.961674995318862,0,1,30,0,40.9,High
SEG102101,23.0071913497357,72.54285486290779,2,4.238744028779358,1,5.124965327104764,0,2,50,0,42.0,High
SEG102102,23.044381932339473,72.58490745376227,9,4.167159120295455,5,7.973309730994749,0,1,30,1,41.9,High
SEG102103,23.051529900847203,72.58428549722595,13,6.006208784891227,1,1.1013451762064985,1,3,60,1,45.2,Medium
SEG102104,23.033359265522435,72.5579258912399,0,6.088696178493316,0,7.83047065508204,0,2,40,0,49.5,Medium
SEG102105,23.039069755561254,72.59283830738333,22,6.452221369797623,2,8.122258258554272,1,3,50,0,48.5,Medium
SEG102106,23.039247263544908,72.59368530183923,12,6.979030573438074,1,5.771920058884485,0,1,30,0,66.9,Medium
SEG102107,23.054604437649875,72.5384013207816,18,1.0335404612901644,1,3.8791980849303984,1,1,30,0,49.9,Medium
SEG102108,23.01878460442109,72.5539013973141,6,3.0492220057281205,0,6.562270650485096,1,0,80,0,62.7,Medium
SEG102109,23.00895711031835,72.56902089555304,20,0.17347819172672363,2,9.15017684597958,0,1,40,1,57.1,Medium
SEG102110,23.028554197920286,72.5355144576228,8,4.54641512080383,1,1.5796434861242348,0,0,20,0,64.2,Medium
SEG102111,23.029328739540745,72.55487260774792,22,4.294300778302873,2,3.11102791148968,1,1,80,1,43.4,High
SEG102112,23.009785186856288,72.54697618546108,12,7.343269301794787,4,6.714204510638754,1,0,30,0,71.7,Low
SEG102113,23.033721018044677,72.59188326436283,15,1.6711694660786114,2,8.332170956268293,1,0,50,1,72.3,Low
SEG102114,23.000776860341226,72.55675307848405,4,6.314944571255109,2,6.520690688190834,1,0,30,0,57.6,Medium
SEG102115,23.051021762134983,72.57957360580559,23,3.0669419793015216,2,5.908425062841928,0,0,60,1,46.1,Medium
SEG102116,23.01455158528017,72.5551358486283,4,3.8191647480969912,2,0.8574119939100011,0,1,80,1,37.6,High
SEG102117,23.00217581146146,72.53856778457722,0,7.192868623714541,4,4.337165794892838,1,1,30,1,41.4,High
SEG102118,23.005953719281116,72.58610484946045,10,0.7154804857357533,1,8.901746987777253,1,3,30,0,48.1,Medium
SEG102119,23.01321369215538,72.5300270995987,20,3.427828889311625,2,3.6164065289181258,1,1,40,0,46.6,Medium
SEG102120,23.015064839273332,72.53363615680834,22,3.9132323013965187,2,3.810055955349474,0,1,30,1,44.1,High
SEG102121,23.001804549972373,72.5536849863833,20,7.157493118516688,4,3.575574850485048,1,1,40,0,61.0,Medium
SEG102122,23.015364514670654,72.57464838660871,13,1.9922441507070066,3,3.627485365497108,1,2,40,0,40.1,High
SEG102123,23.010611795507142,72.5522107791939,22,9.47412993690463,2,4.047587795152926,0,2,30,0,48.2,Medium
SEG102124,23.0208241510089,72.53431033314537,11,9.977619527941581,1,7.7336422220931755,1,0,60,0,89.2,Low
SEG102125,23.021184225554578,72.55065960219272,11,8.189101408200553,1,4.550627567958942,1,1,50,0,69.1,Medium
SEG102126,23.01864542573316,72.54592375583437,4,2.997125014635281,4,6.070856396349011,1,1,30,0,37.8,High
SEG102127,23.01803581359419,72.53035228698819,18,6.638666540728546,2,4.424203065922464,1,2,40,0,60.7,Medium
SEG102128,23.00493522027577,72.56476212435673,7,0.8314803169793306,6,8.738341047385708,0,3,60,0,25.0,High
SEG102129,23.00138627209194,72.53758198445837,4,8.712793157065107,4,1.7874921782122688,1,1,40,0,44.8,High
SEG102130,23.011116286508607,72.54868725877178,8,5.159928712602737,6,1.2290236657318077,1,1,80,0,26.8,High
SEG102131,23.041615718507913,72.57167733896446,14,1.7643916631978573,0,4.077260720888526,0,0,20,0,70.4,Low
SEG102132,23.054494537105313,72.5771325197735,6,3.274165595617026,3,9.742876780708515,1,2,30,1,52.0,Medium
SEG102133,23.051068939628152,72.54712461574564,8,8.007427444879747,2,6.9979636877378,0,1,40,0,66.5,Medium
SEG102134,23.027732064554577,72.55139758861924,7,8.702267674270464,3,6.162698538161636,1,1,30,0,67.0,Medium
SEG102135,23.029250312067788,72.54604910047829,14,5.197133869344235,2,3.903345653977847,1,2,30,0,53.0,Medium
SEG102136,23.01730198629697,72.59219775902055,17,4.803115003106732,4,2.9515196851931025,1,2,40,0,42.9,High
SEG102137,23.042566669125073,72.54238378225418,16,7.507347465532593,0,9.565780624348765,1,2,30,1,92.5,Low
SEG102138,23.042061617836296,72.5419067392362,3,8.261896225185549,3,4.269195894168258,0,2,30,0,39.1,High
SEG102139,23.046434979667033,72.55892729422905,8,7.648468123958205,2,7.1108494210657085,1,1,30,1,82.4,Low
SEG102140,23.04925275174583,72.54230491334803,15,3.8442805023420767,6,8.104381441712937,0,0,20,0,43.9,High
SEG102141,23.023889208652392,72.54018604965856,5,6.419257616093193,3,6.5752292148095535,0,1,30,1,45.3,Medium
SEG102142,23.042178156245896,72.53623216995057,1,8.573599082709277,1,2.3260579173497997,1,2,20,1,60.7,Medium
SEG102143,23.044351930083774,72.57161113112704,7,1.5176063404741957,2,2.8798369649425073,0,0,80,1,39.8,High
SEG102144,23.016965279237375,72.56978534656862,16,3.8813668511496315,6,0.2298288879287802,1,1,30,0,37.1,High
SEG102145,23.051108323420337,72.57226058797207,15,0.566188838752647,5,9.69378560536396,1,0,20,1,68.2,Medium
SEG102146,23.00518878264518,72.58026450052061,3,4.088772856873999,4,8.346529998741744,1,1,80,1,37.1,High
SEG102147,23.05468480485398,72.55121327083151,16,7.72282083918649,4,4.040115392589417,1,0,50,0,51.0,Medium
SEG102148,23.042354989498737,72.58969754268477,4,1.9702844342558745,3,8.924208185930597,1,1,30,0,37.7,High
SEG102149,23.005129899792838,72.57765829971947,17,5.418871511243837,2,1.536803719984453,1,2,60,1,44.5,High
SEG102150,23.036092630645776,72.58230605825777,13,0.3658573342182714,4,0.42037750126365236,0,4,60,0,1.1,High
SEG102151,23.001879867601055,72.57686254064873,3,8.976499907316581,4,1.3529328949922115,1,2,50,1,38.6,High
SEG102152,23.04236028221943,72.55329961695311,8,8.200046949004513,2,8.834193453075743,1,2,40,1,70.7,Low
SEG102153,23.043957260691247,72.54839711172407,19,5.244091917870659,2,1.6049076033531307,0,1,40,0,55.7,Medium
SEG102154,23.03313256392003,72.55746360952264,10,7.057869959719499,2,0.681262752424211,1,0,80,0,57.0,Medium
SEG102155,23.04712732155541,72.53630697343466,16,1.039161648688589,3,1.855468782182117,0,0,40,0,44.5,High
SEG102156,23.005383580411817,72.55933323260179,17,8.452094963973705,2,4.150625242364255,0,2,50,0,45.5,Medium
SEG102157,23.015175811312243,72.53280416390119,0,7.152615310717714,1,4.964311878082269,0,1,20,1,67.7,Medium
SEG102158,23.0227797636876,72.53025648740177,22,1.199673967250805,3,2.359171321962057,1,0,50,1,33.5,High
SEG102159,23.002335187405546,72.59054743106586,8,9.806892851187776,2,8.057167407562625,0,0,80,1,75.2,Low
SEG102160,23.024651884816414,72.57480689593821,19,0.22530444206446676,1,9.598444283748925,1,1,20,1,68.9,Medium
SEG102161,23.01458674008619,72.5665200515593,11,6.285108625927736,4,2.9083615830398433,1,0,30,1,58.8,Medium
SEG102162,23.021600425665596,72.5521716325625,13,1.7175499674081673,1,9.310876055259369,0,0,50,1,65.4,Medium
SEG102163,23.023380644759577,72.56708497095453,8,7.192576492195367,1,8.179194784744425,0,1,50,0,74.3,Low
SEG102164,23.048367645341823,72.58795242546199,20,0.7040625396877898,2,8.860202755826483,1,1,50,1,48.3,Medium
SEG102165,23.01486875337902,72.57240470870634,2,0.8110088284311612,2,0.5969876765882198,1,0,80,0,30.2,High
SEG102166,23.049155872079396,72.56916132986697,21,4.6629174056313225,1,8.340419296703992,0,0,20,1,68.8,Medium
SEG102167,23.023428403064706,72.55991329269315,4,9.940094654019129,1,5.859250902506716,0,2,50,0,54.7,Medium
SEG102168,23.01802942463817,72.5524703069923,21,2.7651623977065123,3,0.3825858244083491,1,3,40,1,24.8,High
SEG102169,23.027638162713433,72.57540556240491,0,6.125281607565226,3,7.536503951729974,1,2,30,1,55.3,Medium
SEG102170,23.022975880749957,72.59376376116603,0,5.185990743742355,3,2.4171508854991286,0,1,30,0,31.5,High
SEG102171,23.014155477218033,72.55760925007884,2,8.421196096504374,4,7.97075713639639,1,1,50,0,49.4,Medium
SEG102172,23.027647362863785,72.55549333826092,13,2.885896077051602,4,6.25989139333093,1,1,50,0,52.4,Medium
SEG102173,23.008349095319335,72.55782737570372,6,5.549443807114862,1,4.923317709115681,0,1,40,0,52.1,Medium
SEG102174,23.01935614686626,72.55766035792323,14,9.506235151051808,2,0.23383495410180477,1,2,40,0,56.0,Medium
SEG102175,23.031118462065574,72.59439061026895,19,3.3258580833605755,3,8.896747318008217,1,0,50,1,60.0,Medium
SEG102176,23.022737453441444,72.57594058673811,0,4.394055813101811,0,1.4756437704384295,0,1,30,0,45.4,Medium
SEG102177,23.045315179857795,72.55334698919869,12,8.888133145036715,3,8.296948496496514,1,0,30,0,80.9,Low
SEG102178,23.014119696884435,72.55414765429873,17,3.3249885723445782,1,6.881625191650716,1,0,40,1,67.4,Medium
SEG102179,23.053337436835704,72.55800180010836,10,3.8067376463381555,1,0.6957272820423421,1,0,40,1,57.1,Medium
SEG102180,23.043159711146824,72.53238629219273,22,3.0411880887769827,1,5.422150995726705,1,0,50,0,50.8,Medium
SEG102181,23.053217616429862,72.56430806613137,15,8.095313753250728,2,9.617537660159872,0,1,40,1,79.4,Low
SEG102182,23.046097510515665,72.58273976184898,0,9.3038697043778,5,9.228088438290666,1,1,50,0,44.5,High
SEG102183,23.00781571592184,72.57293690655848,12,6.310988806669057,3,1.4629836874914637,1,2,60,1,43.1,High
SEG102184,23.028955304984926,72.5428973550395,9,6.236301312596525,2,1.731834248897195,1,1,40,0,56.8,Medium
SEG102185,23.009348818665767,72.5773222256896,3,3.900036197131751,1,1.536341087785169,0,0,40,1,51.6,Medium
SEG102186,23.0450025043945,72.57676480941159,22,0.12483749571496672,6,7.561744738911372,0,1,60,0,14.7,High
SEG102187,23.032128918205082,72.54706504901719,5,1.739375988235733,0,1.6075393928376014,0,1,30,1,38.0,High
SEG102188,23.01448971228963,72.5704868526957,2,1.4743835459023447,2,0.6458147177160745,1,3,50,1,24.3,High
SEG102189,23.051127943460394,72.56971168715293,5,1.1588200281303673,3,3.9033212468778067,0,2,40,0,16.0,High
SEG102190,23.006335232932283,72.58458619555066,19,6.540473160533953,1,9.668894231586055,1,1,40,1,68.3,Medium
SEG102191,23.031012432190924,72.53884470026918,14,1.3634895237379763,3,3.082598723574368,1,1,60,0,43.1,High
SEG102192,23.03965723050667,72.54266450279324,19,0.8563395253671924,1,7.242360428136924,0,0,30,1,65.3,Medium
SEG102193,23.003236669553285,72.56158801774491,11,3.825815065618582,1,1.43961078333109,1,0,20,1,68.1,Medium
SEG102194,23.03288208182634,72.532869434678,2,2.4902266296789852,1,6.21145871333021,0,1,30,1,48.2,Medium
SEG102195,23.04487456685047,72.55701362284411,9,1.4586054563588224,3,5.811659424370939,0,1,60,1,42.7,High
SEG102196,23.003714002292995,72.58123423772999,4,1.4612787555856799,2,9.041731726202222,0,3,30,1,35.8,High
SEG102197,23.028173363410865,72.53966643560896,13,2.5620570678276575,1,7.165571967809649,1,1,50,0,58.0,Medium
SEG102198,23.01422064479818,72.55989666790087,6,5.3684976337604144,2,1.2078478812183269,0,2,30,0,39.5,High
SEG102199,23.03646084483453,72.59433500016986,23,7.580956000912513,0,4.047999288079339,1,1,40,1,67.5,Medium
SEG102200,23.006527255189337,72.56288480087261,9,8.527766432521394,2,0.005563657678340217,1,3,40,0,43.7,High
SEG102201,23.05153782868688,72.56239104856793,7,7.514178497388501,1,2.40996870023141,0,1,30,1,61.1,Medium
SEG102202,23.04921007199431,72.56632158294207,23,6.2821325970417075,4,9.713260954146154,0,1,30,1,55.1,Medium
SEG102203,23.010228593093164,72.54209028407163,12,9.076245775194833,4,4.557414566856495,1,0,30,0,74.2,Low
SEG102204,23.01777962364008,72.53956565237459,4,5.197368027342506,1,8.675776382445212,1,1,20,1,65.7,Medium
SEG102205,23.032319923605918,72.57402805089248,11,6.333568408536914,3,0.23729029710513494,1,1,40,0,45.4,Medium
SEG102206,23.039493428514884,72.55572484264387,6,4.1162055033186835,0,8.800578400597763,0,0,40,1,70.2,Low
SEG102207,23.024346080833816,72.54884393083401,17,3.2738420088074607,0,8.893960609265731,0,2,20,1,62.8,Medium
SEG102208,23.008596022707852,72.53204045529479,13,3.317117794612534,4,6.534326088092274,1,0,30,1,54.9,Medium
SEG102209,23.00572833215916,72.5849932823166,17,1.4831728171229275,2,1.162509051180467,0,0,40,1,49.9,Medium
SEG102210,23.05498709353029,72.53210137627991,22,7.965976506738514,2,8.760160788968959,0,3,60,1,40.0,High
SEG102211,23.025044366679392,72.57874890306542,17,0.5536808433354379,0,8.998638977792531,0,0,40,1,70.8,Low
SEG102212,23.047989246203166,72.55482925633491,8,6.7468524376452,2,2.010466959723404,0,0,60,1,57.3,Medium
SEG102213,23.026530680254602,72.56891470768281,4,8.644601928370358,3,9.40163667979247,0,0,40,1,71.1,Low
SEG102214,23.05072967012003,72.54609907004486,12,4.974283469853672,1,8.810415122486017,0,2,50,1,69.6,Medium
SEG102215,23.004826766052435,72.54010097830509,10,0.7020078184155021,2,2.0487644376282144,1,2,20,0,38.5,High
SEG102216,23.0062710555234,72.56467022005427,7,4.284174616368909,2,3.9382072200689477,1,2,40,0,55.2,Medium
SEG102217,23.05112977032483,72.57521515017201,19,3.4322660288234985,1,3.3667879523476065,0,1,30,0,59.5,Medium
SEG102218,23.052112117477463,72.54270706417144,21,9.855393192994308,1,4.98226392123734,0,0,50,0,70.8,Low
SEG102219,23.017309459610594,72.55836333158312,9,6.912652016189443,2,8.890002820395546,0,3,60,0,49.4,Medium
SEG102220,23.01953406878466,72.55890257306893,16,7.2135980482891995,2,8.743473563827973,0,0,50,0,62.0,Medium
SEG102221,23.02488476291591,72.54403864469016,23,5.15826918962231,1,1.7567272628918151,1,1,20,0,48.7,Medium
SEG102222,23.0228888924037,72.56672821400639,0,7.094142544420965,2,5.511328322855325,1,0,40,1,66.3,Medium
SEG102223,23.010452486877778,72.53948581964082,8,7.225709767221682,4,5.340341813698625,1,0,50,1,56.7,Medium
SEG102224,23.049410646116666,72.56313369626571,17,0.6635888074610485,2,4.503982852085963,0,1,20,1,48.7,Medium
SEG102225,23.01393191803881,72.53737304823879,11,2.2260652447727036,3,7.147097973899385,1,2,30,0,35.0,High
SEG102226,23.03878998252127,72.56156025657559,19,0.12967555428886057,0,6.459697189782173,1,2,50,1,62.3,Medium
SEG102227,23.003693562275423,72.55025393856691,11,5.098074059285719,2,2.7510752383006842,1,0,30,0,64.7,Medium
SEG102228,23.002131323234064,72.5593960089853,1,8.757998548360264,2,3.4817141981981603,0,0,20,1,59.8,Medium
SEG102229,23.03595517599173,72.5581937083638,10,6.095545346953283,1,8.883682797153057,1,1,60,1,77.5,Low
SEG102230,23.01864587216653,72.5890156529832,9,5.002075278077093,2,3.257718971745444,1,1,80,0,48.9,Medium
SEG102231,23.0360502665996,72.56184581399717,20,9.259658476106399,2,4.440853167561548,1,4,30,1,64.0,Medium
SEG102232,23.005171166119286,72.583202428752,3,1.722185110217539,3,9.728966619921255,1,0,80,1,46.4,Medium
SEG102233,23.052241825895372,72.54466740553926,3,0.7460430815768571,1,8.57280852453709,0,2,60,0,36.3,High
SEG102234,23.04116829567912,72.55288538165122,3,9.173057364097177,3,6.989629389688471,0,2,40,1,47.1,Medium
SEG102235,23.04819469781642,72.53488080974115,13,9.027817549188132,2,3.0402272121450435,0,2,50,0,53.1,Medium
SEG102236,23.007505880472447,72.5573486066634,23,6.829724862129495,1,6.287499910022866,1,1,60,0,65.3,Medium
SEG102237,23.017608853289108,72.57346549265986,14,2.4597916209605195,2,6.420202279583219,0,2,50,0,39.7,High
SEG102238,23.02025892903135,72.58448085721712,19,9.697640247043708,3,4.115621416645339,0,3,30,1,58.4,Medium
SEG102239,23.029544495657976,72.56678446926695,20,7.653463518038267,0,0.361184936115827,0,0,30,1,67.8,Medium
SEG102240,23.016327766702908,72.57160472352355,14,6.738945835846692,3,3.665284759653953,1,1,40,1,73.1,Low
SEG102241,23.003334690820417,72.54152236004511,14,2.2291132401544775,2,5.081334726024616,0,0,30,1,59.3,Medium
SEG102242,23.02028831094056,72.53241839248517,5,5.130891716331156,4,9.50142175409224,0,0,20,0,46.0,Medium
SEG102243,23.014000212304502,72.58145972943653,23,8.225762412969997,3,7.274959949912837,0,1,40,1,62.1,Medium
SEG102244,23.021225671030475,72.54085748348369,18,8.60260224732286,3,1.079266523584279,0,0,30,0,53.3,Medium
SEG102245,23.0108327748441,72.53592601980964,20,5.61430115801268,3,3.014223036568373,0,1,20,0,53.9,Medium
SEG102246,23.01440430060106,72.59094155085893,23,5.227938437192642,5,5.216838821607692,0,0,60,1,40.8,High
SEG102247,23.034482378723773,72.59262888866384,8,6.976838283076406,4,4.511152755319073,1,0,30,1,78.0,Low
SEG102248,23.021348460901795,72.57005672395417,3,5.282488443124729,2,0.051226938147534984,0,0,40,0,38.1,High
SEG102249,23.018996086624323,72.55461142272468,20,4.176810380656609,7,9.351000021083623,0,0,40,0,43.8,High
SEG102250,23.02936480979973,72.58416057016267,11,0.8541901142438868,3,9.040397882686667,1,0,80,1,43.8,High
SEG102251,23.042452329746414,72.5433067973568,23,1.2604967571558012,4,9.237445704391959,0,1,30,1,35.3,High
SEG102252,23.020837737599138,72.55791050128293,16,7.602754682006674,1,4.285548497218471,1,0,30,1,79.2,Low
SEG102253,23.032313572090573,72.55320612443504,6,0.24664064624268067,3,8.333755069284413,1,2,40,0,41.7,High
SEG102254,23.053141144395248,72.58932549939821,8,0.5230502579760865,0,7.085372708675331,1,3,40,0,46.1,Medium
SEG102255,23.028708906276492,72.58978553199854,14,9.046435780864176,2,5.117449426979662,0,0,50,0,73.3,Low
SEG102256,23.050038866708466,72.57230758521104,9,7.039971134546849,0,0.7713217875947476,1,1,30,0,64.5,Medium
SEG102257,23.043651994334102,72.53719810911772,6,0.042127219141461225,2,1.6785199531466244,0,2,30,0,30.2,High
SEG102258,23.00322952749076,72.5613425313278,5,3.1204337435487273,4,2.382331070592846,1,4,20,0,14.0,High
SEG102259,23.02360043793081,72.54594634380456,15,7.633184605955448,4,8.959106844563033,0,2,50,1,55.5,Medium
SEG102260,23.038407512432773,72.58751951810699,0,4.1760079997725565,1,6.653682391243735,0,3,30,0,34.6,High
SEG102261,23.054269155184652,72.53899618193606,2,4.687978228581117,2,9.830309923541927,1,1,30,0,60.4,Medium
SEG102262,23.025210696013882,72.53353016793095,1,4.587990610460554,4,5.664319810610908,1,2,40,1,45.1,Medium
SEG102263,23.005103199976972,72.57578788718075,17,2.0213440325904064,1,0.8470470896089244,1,2,30,0,38.8,High
SEG102264,23.030910504609206,72.55946359487292,0,7.213914378982609,4,4.777631716562736,0,1,20,0,42.9,High
SEG102265,23.00696100856682,72.5844937176942,10,1.0300633052136965,2,1.1178445308400498,0,2,30,1,37.0,High
SEG102266,23.041333575815365,72.53485092602601,2,5.072511055466711,1,9.013632747600614,1,1,60,0,56.9,Medium
SEG102267,23.027922234860398,72.5820699486195,14,1.6995582745936177,1,2.784343250314186,1,0,40,0,45.9,Medium
SEG102268,23.03978872526075,72.53242675893488,0,0.46532809577156,2,1.97269889617396,0,2,40,1,23.1,High
SEG102269,23.04781490047832,72.5318245507744,0,1.432438844471683,3,5.116316049980242,1,1,40,0,25.0,High
SEG102270,23.034592140943953,72.55998552386252,9,8.693349363117417,0,8.070868250080443,1,1,80,0,70.9,Low
SEG102271,23.033684163108926,72.54438393382924,16,1.7614766478046118,0,5.103480311335376,1,0,20,0,62.0,Medium
SEG102272,23.04150136624918,72.56859171595542,2,2.7836920901235054,3,0.38216594679741367,0,0,30,1,31.9,High
SEG102273,23.046335025079898,72.53167810462375,11,1.3809478822040622,6,7.429555255751136,1,1,60,0,27.2,High
SEG102274,23.047797958245233,72.5323003202536,19,7.355451016577587,5,0.34071335956449955,0,1,40,0,29.6,High
SEG102275,23.002003660762558,72.57726465225117,15,4.454491672565015,3,6.043783881926242,1,1,80,1,54.6,Medium
SEG102276,23.03059046632388,72.543660735562,18,9.436350386450709,2,6.169334709274117,0,1,50,0,67.2,Medium
SEG102277,23.011894812038864,72.57266711303795,7,6.643245822479024,2,2.085193936039691,0,2,50,0,48.3,Medium
SEG102278,23.047319023992998,72.57874494049754,22,5.3138922048677175,1,4.4657533595549115,1,1,40,0,48.1,Medium
SEG102279,23.035661872686184,72.53385652577212,3,6.566309316281679,2,0.06191888566888237,0,0,20,0,44.5,High
SEG102280,23.023112236346783,72.58003400704017,14,0.40425383209664156,2,2.836793541084326,0,2,60,1,34.5,High
SEG102281,23.010345732546675,72.54744737916748,10,9.506602601286904,1,6.193512317113385,0,1,40,1,72.6,Low
SEG102282,23.01864629942559,72.55532048728298,0,9.564296104172481,3,2.841693733870023,1,1,20,1,57.6,Medium
SEG102283,23.03870777319971,72.5356315474992,22,2.7613986855552963,3,0.47630977719275713,0,0,30,0,32.8,High
SEG102284,23.01123977498664,72.58451094891872,16,6.282954827431336,0,6.7426410016304885,0,1,30,1,77.3,Low
SEG102285,23.00514706199361,72.56644737111118,5,2.019152441398746,7,7.423951886134058,1,1,30,1,27.6,High
SEG102286,23.048841581702515,72.56280324306006,1,5.474717946004589,0,8.629862761990557,1,2,20,0,64.2,Medium
SEG102287,23.042031569226907,72.59295606270868,16,7.707892391243933,3,8.755459620675097,0,2,30,1,73.0,Low
SEG102288,23.010988721186198,72.55174287439614,13,9.398217248053921,4,4.96316820219131,0,0,60,0,59.0,Medium
SEG102289,23.01607713488865,72.58790065362099,1,3.3921692326567188,3,4.073590831731389,1,1,40,0,36.4,High
SEG102290,23.053463859742198,72.5767797122692,23,6.935052630427615,1,5.858651855186972,1,0,30,1,72.1,Low
SEG102291,23.03895014677175,72.5903543288304,17,7.164271143471794,1,7.926690899941252,1,2,20,1,72.4,Low
SEG102292,23.03357871023176,72.58900713342956,11,2.211488011647412,1,4.753321768619117,1,1,50,1,60.6,Medium
SEG102293,23.016919566698327,72.5944169373267,5,6.290321314933922,3,9.951667853874367,0,3,50,1,39.7,High
SEG102294,23.016451882929157,72.53855898888241,6,6.554212891877766,4,6.375156130061245,0,0,20,0,55.4,Medium
SEG102295,23.00217379902796,72.58174106548596,10,7.640761063460343,2,3.0810656340858977,0,1,80,0,40.5,High
SEG102296,23.040066502679608,72.58229213307159,1,9.999472574545337,3,7.937091133990731,0,0,30,1,63.3,Medium
SEG102297,23.00237463737813,72.5718842793316,8,0.40232369426480563,3,1.5076629703282596,0,0,30,0,23.7,High
SEG102298,23.00026715357775,72.54812596228548,5,2.0230504367755806,1,9.357871534686058,0,3,30,1,37.5,High
SEG102299,23.040122229832352,72.59273463765584,2,1.4507843191974068,3,3.40351927461247,0,2,80,0,7.2,High
SEG102300,23.052188056643203,72.54328743896286,3,1.5443405242070252,5,6.8504766216475135,0,2,60,1,22.5,High
SEG102301,23.041607667625,72.5624723995933,8,4.54248660621965,3,6.253081889647982,0,2,40,0,45.2,Medium
SEG102302,23.02594021048434,72.56389666233325,9,8.785365566129373,6,0.9587308781114423,1,3,40,1,39.2,High
SEG102303,23.026732488725848,72.54051890741434,8,4.48723269067755,6,7.2161970815608365,0,3,30,0,36.2,High
SEG102304,23.0239875032457,72.57696437345166,16,6.684803978344132,3,3.118186752025541,0,3,30,1,31.7,High
SEG102305,23.01785540169107,72.53577636567172,12,3.764991425302191,2,3.811808893438479,1,1,30,0,57.1,Medium
SEG102306,23.028694281780222,72.57505135562504,4,3.1966331531111516,1,0.9652446208773513,0,1,60,1,34.3,High
SEG102307,23.02371330264276,72.58516000725889,23,8.342351848290422,0,8.100843395034236,0,5,50,1,52.5,Medium
SEG102308,23.032899233402244,72.55271076763036,17,6.5554751011841965,2,8.602720975598855,1,0,40,1,73.6,Low
SEG102309,23.04939660442756,72.57611235255895,11,3.50895288082536,0,1.3426731946501613,1,1,80,0,45.1,Medium
SEG102310,23.05472551795281,72.54019031052961,1,9.14160261247165,1,8.1261229022332,0,1,30,0,62.6,Medium
SEG102311,23.00433088094356,72.58498668509444,21,4.985115651176447,4,8.979996048905454,0,1,20,1,43.8,High
SEG102312,23.021157590996374,72.59188206040596,17,1.882747472992885,2,0.9729426895047466,0,2,30,0,43.4,High
SEG102313,23.009938840767173,72.53992509007749,11,4.832218624676812,1,9.974279106353233,0,0,80,0,63.1,Medium
SEG102314,23.019366626065903,72.5749708658082,3,6.746994379334757,1,0.0455034186988168,1,1,20,1,60.0,Medium
SEG102315,23.015811016020162,72.56287902127617,2,3.671125892561623,2,8.424056860952467,0,3,20,1,46.6,Medium
SEG102316,23.009599542239474,72.5645474565691,6,8.437847362753935,1,5.582907053461259,0,2,30,0,58.9,Medium
SEG102317,23.04202418293817,72.57592183170904,5,5.3314398060610095,3,9.572835950518193,1,1,80,1,48.4,Medium
SEG102318,23.027295880855608,72.56176813245686,5,4.677647799344663,4,3.3809991823675256,1,1,30,0,36.3,High
SEG102319,23.050558507021947,72.56902121548116,9,8.587114232637186,3,3.60847958575493,1,0,50,0,68.2,Medium
SEG102320,23.001792584378585,72.54500856626174,1,4.62917806466153,3,8.403778552620922,0,0,60,1,51.5,Medium
SEG102321,23.00368379072226,72.55460292877176,7,4.144101418508165,4,7.106859987905235,0,2,50,0,47.8,Medium
SEG102322,23.02218004706117,72.58624062275464,20,1.0371639533349597,2,6.005184179734751,1,0,20,1,68.9,Medium
SEG102323,23.004415252622223,72.53714366325714,20,3.6249187885696523,3,6.443846056750427,1,1,30,0,59.3,Medium
SEG102324,23.014450127802817,72.56884239196069,0,3.9704830056308174,0,6.826381183697534,0,2,30,0,52.8,Medium
SEG102325,23.054231635869215,72.54197865904527,16,1.806223192244898,2,0.4784164602902141,0,2,50,0,33.2,High
SEG102326,23.011492778411654,72.58502507386501,23,5.878232017131677,4,1.1778336215644891,0,1,50,0,21.6,High
SEG102327,23.010896475777663,72.56763785700048,13,1.438420705503477,3,1.8125681945372885,1,1,30,0,31.4,High
SEG102328,23.031550236783765,72.55619817087357,9,2.2368978860389097,4,1.7678693414188718,0,3,30,1,22.1,High
SEG102329,23.027389905993623,72.54623860378737,11,5.610919857251407,0,8.429066820353853,1,3,30,1,67.0,Medium
SEG102330,23.031924106346157,72.55839490544733,5,2.689835647247371,1,3.945098139815122,0,1,40,1,36.8,High
SEG102331,23.02072044030147,72.59224480118492,9,6.396683101283534,1,4.894240682344277,0,1,30,1,69.5,Medium
SEG102332,23.04547192979422,72.56309860383334,22,6.905131329207045,1,0.8939670232222341,0,0,80,1,42.4,High
SEG102333,23.007621930329336,72.56051681956049,14,3.012904106066503,2,8.705930729464571,0,0,30,0,66.4,Medium
SEG102334,23.02356159552128,72.57850779787752,10,0.8738768149671994,2,0.1026353500661803,0,1,20,0,35.9,High
SEG102335,23.037936901664423,72.55463805960407,2,4.894518338289183,5,0.8329610310830193,0,0,40,1,30.8,High
SEG102336,23.047753004215558,72.55778255674225,21,0.9289842009181715,1,8.121093724157546,1,2,60,1,35.8,High
SEG102337,23.02032643834962,72.55190160255215,3,5.152356815238681,1,1.3059705423466594,1,2,30,1,41.4,High
SEG102338,23.031226007950156,72.5398097840964,17,7.262178421289601,2,7.933577388750694,0,0,50,1,65.7,Medium
SEG102339,23.0038026969754,72.57639759892317,7,6.203297914708034,1,3.5041756424851576,0,1,40,0,61.2,Medium
SEG102340,23.00936754984615,72.58674700940243,6,4.482676412120176,3,7.7609790036064075,0,2,40,1,62.6,Medium
SEG102341,23.003802598935636,72.58886352220078,4,9.458585478975476,2,0.5035534245901152,1,3,40,1,45.9,Medium
SEG102342,23.04003344905992,72.58725219097245,9,1.0174723308217049,2,3.4126201856570537,0,0,60,1,45.9,Medium
SEG102343,23.01584329827972,72.55936594715847,16,8.800015069119313,4,4.812738868123852,1,1,40,0,58.8,Medium
SEG102344,23.039805990960552,72.5484643024932,9,8.00128872641203,2,6.257045109059723,0,2,30,1,65.7,Medium
SEG102345,23.00365190534738,72.57146504372405,0,4.197385803645846,1,8.362200640425328,0,0,50,1,65.9,Medium
SEG102346,23.04744012902246,72.5920558192739,6,1.5286717190071442,5,2.444686699448334,1,0,20,0,39.9,High
SEG102347,23.04595416089611,72.57725829213096,3,1.5586678577764124,1,6.588884410122999,1,1,30,1,55.4,Medium
SEG102348,23.004891080867765,72.56216515650335,9,9.218057607427973,2,1.517704364489717,1,2,30,0,67.5,Medium
SEG102349,23.001306607855145,72.57477255734338,21,2.337046642782601,2,7.9516797094806915,0,1,40,0,45.5,Medium
SEG102350,23.00309588471401,72.58021496430953,23,8.741157079878286,1,9.332212052837942,0,1,60,0,62.9,Medium
SEG102351,23.04694965952307,72.58975250198633,23,5.032952199302889,3,0.4727946415734263,1,0,40,0,39.2,High
SEG102352,23.012908691897856,72.57960902400819,2,4.617346367273666,0,0.7985807639986531,1,0,40,0,49.7,Medium
SEG102353,23.0301550324822,72.55815738611633,11,6.195112675838207,3,7.875408190639126,1,3,20,1,65.4,Medium
SEG102354,23.023443431174904,72.54778442370025,1,2.1503908289323292,1,8.802300326942568,0,2,80,0,30.2,High
SEG102355,23.043753903942573,72.56249230820742,11,4.28370674059694,5,6.482177596804094,0,1,30,0,44.9,High
SEG102356,23.026889406580885,72.55133156639936,13,9.384844388049299,5,4.611871460997784,1,2,30,0,60.0,Medium
SEG102357,23.02753634623637,72.5912796985247,18,2.382569289787498,2,7.6906695946116,0,1,60,1,44.1,High
SEG102358,23.054400056672495,72.56301777982425,8,9.215835588797518,2,2.9970931257835143,1,2,60,1,54.0,Medium
SEG102359,23.00825712562121,72.56068366183766,0,9.942096966091787,1,9.917542296049737,1,0,30,1,89.9,Low
SEG102360,23.045688716631027,72.55263275418007,10,0.5190718807549677,3,8.479933571521636,1,2,40,0,47.1,Medium
SEG102361,23.002846236008214,72.57156145436895,10,5.313791225913715,4,8.871330153399391,1,1,50,0,59.4,Medium
SEG102362,23.026270682326512,72.56380333311036,14,1.7181929969368859,2,8.548827185041727,0,0,20,1,59.9,Medium
SEG102363,23.048748415316314,72.53838817998839,2,6.217142559566772,2,9.328860499311208,0,3,80,0,40.2,High
SEG102364,23.036586768108226,72.58649850770398,14,9.895426432148756,2,0.6449469075396752,0,1,30,1,75.1,Low
SEG102365,23.03768680406514,72.55333583408935,9,8.968808954182059,2,9.086277635883057,1,0,40,1,86.6,Low
SEG102366,23.014482450524106,72.55811759794727,17,9.248484616063536,5,2.4860276475156673,1,0,20,0,59.1,Medium
SEG102367,23.02302161352488,72.54336835868314,23,2.1334981331209937,1,3.5917295039844124,1,1,20,1,49.4,Medium
SEG102368,23.020161958492448,72.56597088349517,5,5.423195988893015,2,3.7057031030745504,0,0,20,0,48.8,Medium
SEG102369,23.02867937655869,72.57563357905785,18,2.348310163949506,0,2.3243385954240106,1,2,30,1,62.2,Medium
SEG102370,23.0254225361579,72.58727574584069,3,8.994247075776512,0,4.384258477151618,1,1,60,0,64.5,Medium
SEG102371,23.017979409353234,72.5333544982232,23,1.9115399307424652,3,5.055199663656041,0,1,40,0,26.4,High
SEG102372,23.016801433680413,72.59326657413045,11,1.5395891240919979,5,1.4866414544821394,1,2,30,1,26.4,High
SEG102373,23.01379690904103,72.57574815323132,17,0.12162631714018768,4,3.5951883514508367,0,1,40,1,24.1,High
SEG102374,23.020077598578663,72.54847941448675,18,1.8194786008662167,5,3.4814645953642276,0,2,30,0,30.5,High
SEG102375,23.008246781286374,72.54329085907591,14,1.8976284685453282,2,6.746703884186606,0,2,40,0,45.7,Medium
SEG102376,23.047965736610195,72.54924571471255,9,0.7749018752561165,0,5.8078381488845405,1,0,40,1,67.6,Medium
SEG102377,23.033116566550838,72.58692217385831,18,8.67741103413159,3,7.161091867175343,0,0,30,0,72.8,Low
SEG102378,23.007358253407663,72.54894036125773,11,7.79997808696124,4,7.839435227425647,1,2,50,1,62.1,Medium
SEG102379,23.038162263381494,72.56008337374622,15,2.544814973472568,1,6.670061017465834,0,0,30,0,53.0,Medium
SEG102380,23.046621655739887,72.57587297352575,14,7.832577033112026,0,2.4124432671349947,0,0,50,1,66.7,Medium
SEG102381,23.013064461962873,72.58667934114206,11,4.221645467967983,0,5.021195771361919,0,1,40,1,64.2,Medium
SEG102382,23.00828303268855,72.5728071255525,2,7.755203093481845,3,4.665748893206568,0,0,30,1,55.9,Medium
SEG102383,23.000473949142357,72.57895209777473,7,3.2300765183517353,5,0.7405019413171587,1,0,30,1,43.8,High
SEG102384,23.002598768637107,72.54126624175923,22,5.6465422648787715,4,8.944816048407382,1,2,30,0,54.1,Medium
SEG102385,23.041923824156694,72.58703150879992,12,3.8161054195416853,3,0.9143535663262148,0,1,60,1,36.0,High
SEG102386,23.054295248262292,72.54792174693517,15,1.8767581702346914,2,9.76442588765872,0,2,50,1,48.3,Medium
SEG102387,23.002468417736196,72.53834458066368,6,5.856328840020008,3,0.317458565587424,0,1,80,1,38.5,High
SEG102388,23.041143902749393,72.59345587887215,16,7.508307999778511,1,7.296788497500709,1,0,50,1,78.1,Low
SEG102389,23.00395241912125,72.54310659515453,11,7.531071245941488,1,2.8757450255369497,1,2,60,0,58.2,Medium
SEG102390,23.032567305369703,72.53888237805506,5,3.5628941831924354,2,9.04716836916282,0,0,30,1,55.0,Medium
SEG102391,23.04158414053355,72.57069135850662,3,5.18711768405828,1,8.240319182863795,1,0,40,1,71.3,Low
SEG102392,23.019756241849727,72.55072610471724,9,7.637785985850863,4,0.25010902982738337,0,0,30,1,53.6,Medium
SEG102393,23.000601409661087,72.53866769833674,13,0.5449759452259084,3,0.2195067247159843,1,0,60,1,36.9,High
SEG102394,23.032735414366897,72.56907287261903,6,0.7188833330086031,1,6.031910324399721,0,0,80,1,53.1,Medium
SEG102395,23.0545184545477,72.57933403976945,5,3.762227399720773,1,1.495915861664785,1,3,50,1,36.2,High
SEG102396,23.014168958256118,72.58155789432347,6,2.234716010289668,1,0.1415863482391333,0,0,50,0,52.7,Medium
SEG102397,23.010422020245297,72.5401083190658,7,3.7464601955022037,0,9.677620586651221,0,1,60,1,73.5,Low
SEG102398,23.006815924101442,72.5661963594161,17,0.9375307985962356,2,6.328625278347594,1,1,20,1,58.0,Medium
SEG102399,23.030539059094504,72.5828890940943,11,5.920080306752875,3,0.10832673025785611,1,2,40,0,38.3,High
SEG102400,23.032804480464815,72.54047065574257,11,6.717405059943545,5,4.90519778721512,0,1,50,0,44.7,High
SEG102401,23.043574896044372,72.5434993463651,3,7.918405078939062,5,1.5753682928938617,1,0,40,0,48.0,Medium
SEG102402,23.041419030049127,72.53015674083306,13,6.505229380753269,1,8.051821253798714,1,2,40,1,79.0,Low
SEG102403,23.04908978221373,72.5641012201657,23,3.963813950060758,3,0.2868210185044273,0,0,30,1,32.5,High
SEG102404,23.044317498408827,72.54265431029603,17,9.349282248178577,1,3.7091601813825923,1,0,30,1,89.0,Low
SEG102405,23.013599689569368,72.57707576742224,10,7.263320160279905,3,2.3802832252368358,0,4,60,0,30.6,High
SEG102406,23.030573257268166,72.59254390061514,7,5.276812458267756,4,9.808730371338358,1,3,50,1,59.2,Medium
SEG102407,23.016357657750145,72.54356910678494,8,2.068504083355922,1,0.7811161299265845,1,1,40,0,47.4,Medium
SEG102408,23.018138195875334,72.57219130576463,0,6.489749867362157,3,7.1988913180703165,0,0,20,1,62.1,Medium
SEG102409,23.05125694030765,72.5437692399948,0,5.917205250859561,4,4.7802789864799236,0,0,20,1,43.4,High
SEG102410,23.037504274778687,72.53117044583368,18,6.833299989375465,2,8.164898799006625,0,0,40,0,75.4,Low
SEG102411,23.053602472728812,72.57930602262395,20,7.811247653083012,4,2.1424455739857375,0,1,30,1,46.7,Medium
SEG102412,23.02293018951953,72.5582103039823,23,9.15049618978224,2,8.552951179479047,1,0,30,1,80.7,Low
SEG102413,23.029559066534468,72.59154114599845,15,9.490565913581458,4,9.50367248108196,0,1,20,0,69.1,Medium
SEG102414,23.026791348095404,72.56472858233933,22,6.301855021255962,2,2.131075250794293,0,0,30,1,48.5,Medium
SEG102415,23.005900788163807,72.54023638648341,9,9.659560357533433,6,2.427448316571036,1,0,20,0,62.2,Medium
SEG102416,23.013018609698964,72.55923533871682,6,9.114223990005675,3,9.636675760751219,1,2,50,1,75.0,Low
SEG102417,23.029019999833245,72.54318796666239,5,0.026143570152210582,1,4.341273702892766,1,0,40,0,29.2,High
SEG102418,23.003705586782317,72.58707190272463,5,6.376174662460078,2,8.352431090868885,1,2,40,1,57.5,Medium
SEG102419,23.051230406111987,72.57490870675768,17,1.7846940983406356,4,8.42429525778521,1,1,80,0,38.4,High
SEG102420,23.006811402506884,72.55218052230255,0,2.951926544584984,0,3.1085255789066704,1,0,40,1,63.0,Medium
SEG102421,23.01088894105293,72.56430832098246,22,2.9750019973558883,2,1.7878506778968972,1,1,60,0,24.1,High
SEG102422,23.042092667316624,72.57351621223384,18,4.831296396371075,2,3.665302645421545,0,1,30,1,66.6,Medium
SEG102423,23.00533139979841,72.58088575158195,9,0.10866177993366422,3,5.919028310395791,1,0,30,0,54.1,Medium
SEG102424,23.049515295478848,72.53520956864159,16,2.357964080246565,1,4.970857476445593,1,2,30,1,56.1,Medium
SEG102425,23.039913553389738,72.53146372472969,3,0.2912095695983663,3,7.367969134783503,0,3,80,1,12.0,High
SEG102426,23.003774147140987,72.53743942531604,10,6.505585657192379,2,5.488089993025741,0,3,60,1,45.9,Medium
SEG102427,23.03805158837071,72.55567476016121,2,8.892875786928332,1,8.055148031130226,0,0,40,0,71.5,Low
SEG102428,23.034739569819422,72.56033592965534,2,9.977886598319321,1,1.0393786239539304,1,3,60,0,39.3,High
SEG102429,23.041654218800694,72.5388700059639,0,4.4855689178209746,3,4.3909447292939285,1,1,30,0,41.5,High
SEG102430,23.045550881886914,72.55672495396348,19,2.601411102941528,1,0.16062756315096016,1,3,40,0,29.7,High
SEG102431,23.039509280974524,72.55870548111352,17,8.531035967306924,5,1.20807110129582,1,1,30,1,58.8,Medium
SEG102432,23.032239696239902,72.53709084763904,21,1.131585175404728,2,3.31507286831234,0,2,40,0,21.5,High
SEG102433,23.017735482522,72.58958289741273,23,9.742389810561408,1,9.015130176720183,1,1,30,0,74.7,Low
SEG102434,23.038350051400645,72.5689444852932,23,7.148374547182023,2,3.8015527049317654,1,2,40,1,49.6,Medium
SEG102435,23.052633437154693,72.55525480947966,23,5.039346653674142,3,2.7346678136573987,1,2,40,1,34.2,High
SEG102436,23.032313697929087,72.56294896692569,0,0.9665053732423334,0,6.707885892435078,0,0,40,0,49.2,Medium
SEG102437,23.036538967763885,72.55042283662047,18,0.18195935709771405,2,7.034710071574506,1,0,30,0,50.7,Medium
SEG102438,23.02404204232099,72.58553151705689,17,5.445321974819391,1,4.813286203599657,0,1,40,0,63.4,Medium
SEG102439,23.04158664453587,72.56737597770196,3,4.138505074400214,1,2.885187490169403,0,1,30,0,41.6,High
SEG102440,23.054871706578624,72.56216822793559,3,8.426644943620367,1,3.0181046120552324,1,6,30,0,30.2,High
SEG102441,23.008821412823725,72.58920755120121,23,6.423054796934369,3,1.8554608494933111,1,2,40,0,37.8,High
SEG102442,23.011132290372707,72.58446868038521,21,4.318963464956951,0,3.625893497124981,1,1,30,0,55.4,Medium
SEG102443,23.02966907672654,72.58283212294268,7,2.2600706010119387,0,1.6825349711043003,0,0,40,0,47.3,Medium
SEG102444,23.02647564684939,72.54466459827508,1,4.804222088120062,1,6.429227669535257,0,2,30,1,56.6,Medium
SEG102445,23.03143633814787,72.53995300224544,8,1.6299427878615658,3,8.946897619799122,0,0,40,0,40.6,High
SEG102446,23.002699072624836,72.57485627378132,0,6.670126624731854,1,2.54253060788757,1,1,40,1,62.1,Medium
SEG102447,23.022235205098173,72.56046174666218,16,6.0572907246576,1,2.4221515616610145,0,2,30,1,56.2,Medium
SEG102448,23.032063804413607,72.5744413263422,9,8.100713681262029,0,8.981526762949244,0,0,30,0,93.0,Low
SEG102449,23.032185524321772,72.57944077008722,1,4.495292722422763,0,5.680331407902409,0,0,40,1,68.2,Medium
SEG102450,23.03615336789726,72.54919537797741,23,2.78648533027529,1,7.297752351671395,1,1,60,1,49.3,Medium
SEG102451,23.039611881595146,72.54850227815298,19,8.363953592357555,0,8.89134412740201,0,3,20,1,77.3,Low
SEG102452,23.035285096183745,72.56190405180678,21,6.9099708145988465,3,6.649728041512909,1,1,20,1,62.9,Medium
SEG102453,23.04346337354642,72.54778070537922,23,7.0670916405935005,2,7.424588565899431,0,1,50,1,50.4,Medium
SEG102454,23.034361834907653,72.57337419294105,0,5.280845714063456,1,3.86946971406696,1,2,30,1,50.2,Medium
SEG102455,23.029562921439545,72.57853747898224,18,8.75978614886873,0,9.381682568730177,1,1,30,0,89.3,Low
SEG102456,23.03334080358883,72.56068253149346,18,2.277835074715359,5,7.038999619217837,0,1,30,0,32.4,High
SEG102457,23.005565635171433,72.57704698476391,18,4.0169202535292055,3,0.7169460411194406,1,1,80,1,37.3,High
SEG102458,23.015023609739902,72.5631784419896,6,7.962325716648237,2,5.95216579879133,0,3,40,1,62.2,Medium
SEG102459,23.029006987936196,72.57633666192785,9,1.3296090196868116,2,0.946567147817291,1,2,30,1,44.5,High
SEG102460,23.048014296847093,72.54462293610672,22,8.081094930162147,0,5.221190461138337,0,1,40,0,59.3,Medium
SEG102461,23.03734783559584,72.57802479798565,1,3.5259522073084026,0,0.8848744462051306,1,2,30,0,39.8,High
SEG102462,23.004972444315953,72.57648306152471,15,1.2550369903036696,3,6.272410838712659,0,0,30,0,46.5,Medium
SEG102463,23.03257512227444,72.5473293709582,19,0.7914948553522905,2,4.56365827341243,0,3,80,1,17.1,High
SEG102464,23.01219558932004,72.56613811441761,19,8.430287187537342,4,5.530791452508418,1,0,40,0,62.4,Medium
SEG102465,23.04037091078838,72.58559525841183,14,7.786155456256356,3,6.489505578252055,0,1,50,1,68.4,Medium
SEG102466,23.04550924688798,72.54621897205321,18,2.880413453895164,3,2.503480674495254,0,1,60,1,44.1,High
SEG102467,23.03264009499245,72.57783868596096,21,1.163621892374782,1,3.1952109438161083,1,1,30,1,39.2,High
SEG102468,23.032524943536345,72.59200783661454,18,2.472344260377181,1,4.820680222553736,1,0,30,0,69.1,Medium
SEG102469,23.018622529376593,72.58630572478424,2,2.1298763569367574,1,5.663114627846912,0,1,30,1,39.8,High
SEG102470,23.024543751163872,72.55609880537422,5,7.330556516921982,4,9.236462234156793,0,0,50,0,49.7,Medium
SEG102471,23.047525959459843,72.56946850264423,7,2.155630843569175,2,3.5190307549360478,1,1,30,1,54.1,Medium
SEG102472,23.039782618203194,72.59446505872643,8,2.1609852176762514,5,5.917303060745712,0,1,40,0,32.1,High
SEG102473,23.02858645128327,72.56694843173942,8,0.32268132498855406,1,9.225451901418042,1,1,20,1,64.8,Medium
SEG102474,23.02025278124366,72.53747679415797,5,5.968596883095181,4,7.178266933413661,0,3,20,0,33.8,High
SEG102475,23.00277088560587,72.53295299906063,16,6.889795482561073,1,3.2834184607604233,0,2,40,1,63.3,Medium
SEG102476,23.007865407072952,72.58137044313337,2,6.53490468948084,1,4.1470614760263125,1,0,30,0,55.0,Medium
SEG102477,23.010616385424665,72.55753584115112,18,5.685991561560785,6,8.78784126921918,1,1,50,1,55.5,Medium
SEG102478,23.020536094879226,72.5460428378909,15,9.660749488408353,1,4.3768657635108665,0,1,80,1,72.4,Low
SEG102479,23.051927900589195,72.55259868199296,23,4.727385121770881,2,2.5204373886455023,0,0,60,0,34.7,High
SEG102480,23.027783436717232,72.57922923632552,0,8.601365081212348,2,5.230705949240254,1,3,40,1,50.1,Medium
SEG102481,23.01291620897926,72.5602410768162,7,6.460099103773388,2,1.8599819698606301,1,1,30,1,59.7,Medium
SEG102482,23.005816257560383,72.58645246701418,21,0.84161940687836,5,5.820452179823066,0,2,40,1,26.8,High
SEG102483,23.018606803853164,72.57777016327054,11,8.100884609760893,2,9.915016819259163,1,3,20,1,85.1,Low
SEG102484,23.04486518495531,72.59331091977896,13,5.843885416898182,1,9.692798458644726,0,2,60,1,64.9,Medium
SEG102485,23.021083853637577,72.58775274484134,0,6.535256593254346,2,6.137994606951615,1,2,50,0,53.0,Medium
SEG102486,23.04248781933123,72.54654556876609,18,1.802274356238519,2,8.86279479222161,1,0,30,0,63.3,Medium
SEG102487,23.044148773686977,72.57283885013217,6,4.374900941423574,4,8.151527975296073,1,3,50,1,46.8,Medium
SEG102488,23.00609514233343,72.53133529724433,23,8.805824743742841,2,9.506689939243499,1,1,30,0,65.5,Medium
SEG102489,23.033476286394475,72.59442193708793,8,2.154311930863153,5,8.730961753589053,1,0,50,0,40.0,High
SEG102490,23.052750283485413,72.54696539707217,4,0.0012490653719365863,1,8.9983238055726,1,1,40,1,47.9,Medium
SEG102491,23.022117594119695,72.57321168108554,14,2.5750871211747506,1,2.2954744907862166,0,3,60,0,27.7,High
SEG102492,23.002801924895167,72.58519498537797,11,4.87542449176412,0,1.5801872875272593,0,1,80,1,53.7,Medium
SEG102493,23.050781647964182,72.54043020307732,11,8.212780433019214,4,0.4397181639786918,1,1,30,1,60.4,Medium
SEG102494,23.048601645486485,72.58511215728268,22,6.432909005733509,1,6.593059046539728,1,2,40,1,58.7,Medium
SEG102495,23.028717779596494,72.53079596827641,8,9.190634689571759,1,9.335057783742648,1,1,30,1,88.2,Low
SEG102496,23.03037392161892,72.55872851397555,9,4.555644316278935,2,9.93849984323699,0,1,50,0,57.7,Medium
SEG102497,23.011645760652687,72.56068244546452,14,3.908152229570373,4,8.52342552645994,0,2,40,0,51.4,Medium
SEG102498,23.045069791554955,72.55431589636181,4,2.3141821659571327,3,8.310104759350805,0,3,80,1,25.4,High
SEG102499,23.02742300211157,72.56811500850954,19,2.1806248453910415,4,5.188827948669607,0,0,60,1,50.1,Medium
SEG102500,23.00186327873284,72.58946475266568,5,7.361098970080604,2,4.51958137311502,0,0,30,1,68.9,Medium
SEG102501,23.037565822604694,72.55125429242952,5,0.8035912304530912,0,6.40316491854919,1,0,20,0,53.2,Medium
SEG102502,23.052277294839147,72.56765189266582,0,2.4271358483300864,1,0.22707479350470905,1,1,40,0,37.9,High
SEG102503,23.045603276969015,72.58703506417332,8,8.858952595401297,1,7.943235837610551,0,2,30,1,73.0,Low
SEG102504,23.01524589771158,72.58024470068159,13,5.769208180996529,1,6.57483673091611,0,0,30,0,76.4,Low
SEG102505,23.002932879671334,72.53264766221236,16,0.4658760906833226,2,1.7004903104780522,1,1,40,1,47.8,Medium
SEG102506,23.0517193276896,72.59128139966829,21,7.0425504832978545,7,6.356968571752501,0,1,40,0,17.5,High
SEG102507,23.051538449868385,72.53303204877682,18,5.066823677531164,0,5.994694515126376,0,0,40,1,77.4,Low
SEG102508,23.02928284258421,72.56826930083433,7,8.545217274980155,0,7.879999482620334,0,1,30,1,82.2,Low
SEG102509,23.035327457641934,72.56739798532048,19,6.8243387254126295,2,8.374775005566915,0,0,30,0,72.2,Low
SEG102510,23.025443003339095,72.58111536499565,4,0.0444658797778863,4,2.534194605480283,1,0,30,0,22.4,High
SEG102511,23.02308709519043,72.53964879837018,5,2.057390871749206,1,8.144775957162116,1,1,50,1,57.6,Medium
SEG102512,23.00656966397608,72.54165907548408,8,2.5796370056494498,2,1.8209582761315168,1,0,40,1,52.3,Medium
SEG102513,23.00532140940986,72.57888695062799,12,7.022322891616501,2,3.942127772862092,1,0,40,1,67.3,Medium
SEG102514,23.012800268067192,72.53971780890676,4,5.093141776700943,0,4.926466880321938,0,1,80,0,38.6,High
SEG102515,23.04601524105236,72.56051393325927,21,7.474474970911631,0,8.049312687704088,0,0,60,0,65.1,Medium
SEG102516,23.008020776540462,72.5775571258637,6,5.128671987834625,0,9.01080804937584,1,0,20,0,89.3,Low
SEG102517,23.01246842585531,72.57233072537088,9,3.2738461069660096,2,0.17216633181512897,0,2,50,0,36.2,High
SEG102518,23.03017377326272,72.54368927209735,14,1.0366064670868935,0,7.372445000455273,1,1,30,0,66.4,Medium
SEG102519,23.011832216994303,72.5497574168146,10,2.0262209866873624,3,8.775211240526584,0,4,50,1,37.8,High
SEG102520,23.00897636765948,72.59298336871066,9,4.007800803456817,1,9.543053258456633,0,1,30,1,75.7,Low
SEG102521,23.03098239329339,72.55916359031006,23,5.514543081817786,3,2.6788919137617553,1,0,30,0,51.0,Medium
SEG102522,23.020245129904815,72.53288973596837,10,9.386374031906225,3,1.729603869741807,0,0,60,1,66.6,Medium
SEG102523,23.034438760721226,72.54427301846532,2,2.3972017706650117,1,4.989448589463019,0,0,40,1,61.2,Medium
SEG102524,23.050171293722478,72.55225828082801,17,6.660849394466838,3,9.01003308798955,0,0,30,0,74.3,Low
SEG102525,23.008304622228927,72.59496681127915,16,1.5254591149330166,1,3.156135646435154,1,1,60,0,47.0,Medium
SEG102526,23.05023885128972,72.549674950586,5,7.137531219223341,1,5.050607041995936,0,1,30,1,57.2,Medium
SEG102527,23.04963694820826,72.53171573017087,20,0.11340877143979022,0,9.955549706669288,0,1,20,1,69.3,Medium
SEG102528,23.045599817083474,72.5633399025411,9,6.559199499296157,1,4.560322823975592,1,0,30,0,81.0,Low
SEG102529,23.034720725451834,72.53543435002331,3,1.6321765671452437,2,6.282505988068479,0,1,50,0,26.1,High
SEG102530,23.034108066160606,72.54781439391522,4,1.8032444638082334,5,9.95595704974374,1,1,50,0,39.6,High
SEG102531,23.035156696296507,72.5945049064461,17,5.589076333145773,2,3.672585565173627,0,2,40,0,44.7,High
SEG102532,23.037977255316978,72.57580150373046,5,3.754115459087124,1,2.7292999269279328,1,1,40,0,42.1,High
SEG102533,23.00090652103279,72.53329333090339,11,4.713051505508362,2,2.8273954827816103,0,1,40,0,50.5,Medium
SEG102534,23.052695091853835,72.55916463670847,17,3.088888825562579,2,6.170132857086831,1,2,30,1,55.2,Medium
SEG102535,23.032208206880608,72.54115643832088,20,9.534670495283251,0,1.6270381322494476,1,0,20,1,91.5,Low
SEG102536,23.042980621167132,72.53799140266614,11,2.906561000818888,4,1.6452008300576682,0,3,30,0,16.1,High
SEG102537,23.020750501148374,72.56815925186767,21,5.420474247354999,5,2.601333365103602,1,2,50,1,31.9,High
SEG102538,23.000681846765367,72.56286763282661,7,8.543555555408451,0,5.409353893548859,1,1,50,1,84.0,Low
SEG102539,23.028035406293203,72.5782863279805,20,6.641808122608212,0,8.441758137843635,0,1,30,0,77.0,Low
SEG102540,23.027895456562376,72.58799990483507,6,3.227769469817207,7,5.292707439663755,1,1,30,0,35.7,High
SEG102541,23.02403441085713,72.54603432073306,1,5.524366833668194,2,7.826414528334647,0,0,40,1,59.7,Medium
SEG102542,23.018684437978916,72.5899944791326,17,0.8299112623272742,1,9.575570982874424,1,0,20,0,73.3,Low
SEG102543,23.013740434829536,72.56366946521602,18,5.4568640270769215,1,7.400015156698494,1,0,40,0,75.1,Low
SEG102544,23.029014968097346,72.54682426968203,22,4.31389088353542,3,6.427885364961268,0,1,40,0,36.6,High
SEG102545,23.02064029768314,72.58497607947668,22,7.579337070734441,5,0.08194406798036957,0,0,40,0,21.6,High
SEG102546,23.05334625356774,72.53230944467188,2,8.47902843134117,2,4.484113645147707,1,1,20,1,72.6,Low
SEG102547,23.00951100192718,72.56636810953574,14,1.9961652164743904,0,2.6804948676203,0,1,60,1,43.6,High
SEG102548,23.01758160621949,72.57690539977695,16,0.8153590546076306,1,5.124227985787211,1,2,30,1,61.3,Medium
SEG102549,23.01616782590085,72.54819854966514,14,3.9055698124483564,2,9.51084466808257,1,1,20,0,68.9,Medium
SEG102550,23.02988200469298,72.5861269746416,0,5.34150408200547,3,3.204474439461389,0,1,30,0,42.2,High
SEG102551,23.02746041413358,72.54561849661827,1,3.7680194831502254,1,1.6078207600904082,0,1,50,0,38.1,High
SEG102552,23.035405725598334,72.58459182837757,16,6.285611709980801,1,8.258961945700174,1,0,50,0,83.3,Low
SEG102553,23.05225009738158,72.53510542264911,20,5.05651279719075,1,9.90582985862436,0,1,40,1,74.2,Low
SEG102554,23.015687159702164,72.54039529347145,4,9.366260346650897,2,7.800710218561072,0,1,40,0,54.8,Medium
SEG102555,23.038102436309025,72.55476399795363,1,4.09391123319593,7,1.383919930779861,1,1,40,1,18.4,High
SEG102556,23.001377211165284,72.58551360833188,9,0.8249417294858241,3,5.50694852255461,1,2,20,1,45.5,Medium
SEG102557,23.01443136600035,72.53939804873325,7,3.019350211414771,3,4.051902516461679,1,3,30,0,37.5,High
SEG102558,23.025504585039812,72.58690348558663,23,6.058938623632445,0,6.334327418939202,0,0,30,0,58.0,Medium
SEG102559,23.00170471336646,72.54493254922983,22,2.5602509860708613,6,6.686120478323164,1,1,40,0,24.5,High
SEG102560,23.03397182033045,72.55941304590864,13,2.689884518056338,2,8.070902089431538,0,1,50,1,41.7,High
SEG102561,23.037307083462093,72.55292773627693,22,3.3957248402235085,2,2.400865169469598,0,1,80,1,26.5,High
SEG102562,23.041070244316092,72.53767820472994,5,7.461417799090552,1,9.646785315545563,1,2,40,0,64.7,Medium
SEG102563,23.028411597766365,72.59138013306874,23,9.401332342939615,1,2.1468911918780087,0,1,50,1,52.0,Medium
SEG102564,23.033216956573824,72.5584815888989,10,3.5037663384777993,1,1.2409801164216705,1,2,80,1,41.4,High
SEG102565,23.021783588820316,72.57487153198815,11,1.954880397604919,5,8.288712438275587,1,0,30,0,52.4,Medium
SEG102566,23.002268916787862,72.56739239898316,1,4.20636952167103,1,4.632491764619963,0,1,40,0,47.9,Medium
SEG102567,23.005497352067596,72.56261153459539,4,3.5183969297962614,4,4.9023027070004,1,4,50,1,25.6,High
SEG102568,23.03602477583108,72.57007754553119,4,9.90024914123176,3,3.187354636635651,1,0,40,1,65.7,Medium
SEG102569,23.054755541477217,72.58839224990315,11,4.638682585179925,2,0.46413231961846213,1,0,60,1,54.8,Medium
SEG102570,23.00086917815398,72.57545530442012,4,6.79283352811864,3,1.936010842964322,0,0,40,0,42.9,High
SEG102571,23.03066709232545,72.5646112051646,2,9.137880666448533,0,7.616343127658677,0,0,60,0,79.2,Low
SEG102572,23.04130548140854,72.57193708744329,14,6.290615773638835,2,2.244063107305477,1,2,30,1,61.3,Medium
SEG102573,23.045472615540763,72.56941562823309,20,2.4937847491985385,1,9.926659170696396,1,1,50,0,66.6,Medium
SEG102574,23.029986269567246,72.55815287848661,1,6.0741009533328025,1,7.86226770056089,0,1,30,1,67.9,Medium
SEG102575,23.034095378910127,72.57060966065848,13,4.01876336065116,3,8.485901476583518,0,2,20,1,57.5,Medium
SEG102576,23.0383198719901,72.55883203701067,23,4.22349869438807,2,8.732806900893808,1,2,20,0,47.6,Medium
SEG102577,23.047243143733137,72.57924493456167,9,9.79324581370405,3,7.189044712030991,1,0,40,0,82.0,Low
SEG102578,23.006725924546156,72.59297931142895,4,2.785910135948526,2,4.661828037881982,1,0,30,0,48.5,Medium
SEG102579,23.050940020795117,72.59239124823732,1,4.689351464783108,3,9.170123291909592,1,3,30,0,41.1,High
SEG102580,23.001430957195335,72.58334782611762,22,1.598670456992003,2,4.265267751448275,1,0,40,0,43.9,High
SEG102581,23.045990986302677,72.56911432830887,9,1.7854419868548876,3,0.9581907899260833,0,1,40,1,26.4,High
SEG102582,23.004220723460783,72.5787065792246,2,6.034844240858339,3,5.964428971628753,1,1,30,1,52.5,Medium
SEG102583,23.01070455163827,72.54157313919174,20,7.510157081527147,4,1.055647862740181,0,0,40,1,49.5,Medium
SEG102584,23.000214178050964,72.56113619972541,19,6.3645987361684515,5,6.5538839912589575,0,1,60,0,39.6,High
SEG102585,23.024489118804482,72.54672480972444,16,3.292839979029708,2,9.975267576497334,1,2,50,1,62.1,Medium
SEG102586,23.018389757469457,72.5302271737721,2,0.5961817256501978,0,6.752079828434349,0,3,40,1,30.6,High
SEG102587,23.009129610131787,72.59283794235368,1,4.702638621486921,0,2.1055210068651267,1,1,50,1,60.6,Medium
SEG102588,23.024809958844216,72.58615015652038,5,5.04269653093964,2,1.378595122386469,0,1,60,0,31.9,High
SEG102589,23.02213039857447,72.56339041020054,3,7.7065160795981855,7,3.5638619007547256,0,1,30,1,27.0,High
SEG102590,23.042221356798432,72.54651989872774,12,6.402895622919548,4,1.457651660920598,1,2,30,0,34.7,High
SEG102591,23.04912216683385,72.57504338866295,9,8.71258627600987,1,5.696933032134284,0,2,20,1,71.3,Low
SEG102592,23.03589119884719,72.55826207049574,18,7.829828786950916,0,7.830984436454847,1,1,40,0,81.6,Low
SEG102593,23.00684257137996,72.58221771967247,2,3.658777838109468,1,6.581383466424418,1,4,60,1,32.8,High
SEG102594,23.01624649370904,72.59496867716176,17,6.322214235246983,4,6.171985406308872,0,1,20,1,72.8,Low
SEG102595,23.050232506325774,72.55269036948684,22,7.472865294551267,2,4.356064829376115,0,0,40,1,49.7,Medium
SEG102596,23.004880397115436,72.54588619782608,3,9.56880369172745,2,1.7272921643675387,0,1,30,1,55.3,Medium
SEG102597,23.022377071166495,72.54737986177166,15,4.223521626222459,0,6.377796528704241,0,2,40,0,57.1,Medium
SEG102598,23.051837754057843,72.53606750596924,12,6.482819923111361,1,4.193477662375523,1,3,60,1,55.4,Medium
SEG102599,23.05228656628082,72.5556130027725,2,3.926638352816342,1,3.054614770511347,0,1,50,1,31.8,High
SEG102600,23.02261617473769,72.5311326284266,7,7.37828178869787,1,6.592862720641881,0,2,80,1,59.9,Medium
SEG102601,23.036706828845432,72.53743571123108,18,9.119931713105572,5,3.785360474839173,0,0,40,1,61.1,Medium
SEG102602,23.02512100790947,72.54766022357272,20,9.19226015719575,2,1.6833035514254957,1,2,50,1,65.8,Medium
SEG102603,23.041440329668998,72.54039108043412,8,1.5708751738751003,1,4.835135726751098,0,0,60,0,51.3,Medium
SEG102604,23.001736973188116,72.57759034146754,2,2.0409659762087884,0,2.891827415607909,0,2,50,0,35.6,High
SEG102605,23.007928643190674,72.53686431140642,5,7.5492945078979865,2,7.334887278469845,1,1,80,0,42.1,High
SEG102606,23.033780934194898,72.58628961682659,20,6.310098859424019,3,0.47067142026986364,0,1,30,1,48.8,Medium
SEG102607,23.012790374434367,72.5443724427412,13,9.051072868549548,3,8.528439490791177,1,1,30,0,89.4,Low
SEG102608,23.0366328764598,72.53705839010316,10,3.138005594155354,3,4.6134626489335515,0,1,30,0,49.9,Medium
SEG102609,23.01931726101037,72.53065693188803,0,8.480208111462629,1,0.1594383029588975,1,1,60,0,40.5,High
SEG102610,23.04876550569703,72.57648832528093,18,6.8377585698385985,3,1.3336246614307479,0,0,20,0,56.4,Medium
SEG102611,23.0450592662058,72.546680088486,11,1.9545631015659948,5,9.454404872165282,0,0,50,0,38.9,High
SEG102612,23.027106079003783,72.56311740933396,13,1.2649436899563926,3,5.370066673845142,1,0,40,0,48.0,Medium
SEG102613,23.042509229790216,72.5372550430337,20,7.027236020086076,0,7.68545335529428,1,2,50,0,83.0,Low
SEG102614,23.01491258374293,72.59404423501036,13,1.58461512724268,3,8.827772139312652,1,1,50,0,56.0,Medium
SEG102615,23.02718428772465,72.53815000803955,22,7.943290397431482,5,3.2030537010763394,0,1,40,0,25.3,High
SEG102616,23.01086151285248,72.55677518523173,13,5.570950401273173,2,5.469170205130082,0,0,30,1,64.9,Medium
SEG102617,23.047348739268653,72.58535721765173,8,4.768670624627898,2,6.503239618804885,1,1,40,0,62.1,Medium
SEG102618,23.045268718911263,72.54591765165122,22,2.7552903592141966,1,8.415850985980077,0,1,80,0,37.5,High
SEG102619,23.049618231762494,72.5473531660475,15,9.838455949248598,2,4.200893863654864,0,2,20,1,71.3,Low
SEG102620,23.048261233967335,72.5825524685329,18,7.221671109105264,4,9.517527795055013,1,1,30,1,70.2,Low
SEG102621,23.052777794413274,72.54776707771748,5,7.780636471648769,3,6.071206831209011,1,1,60,1,52.9,Medium
SEG102622,23.012558492739757,72.53018663522117,16,7.687109276653382,0,8.738723096747442,1,0,20,0,90.4,Low
SEG102623,23.051250335993743,72.55781439183184,13,5.840155771765966,3,0.8335803367151062,0,1,20,1,49.5,Medium
SEG102624,23.03141672552436,72.5308147886291,2,9.396988419588778,4,4.63342336844827,0,2,60,1,43.9,High
SEG102625,23.0232372296155,72.58913649844891,6,5.838215033826768,1,1.7916946447588533,1,1,50,1,63.9,Medium
SEG102626,23.030820564278233,72.57171785957165,21,5.200455851041495,2,9.118831287409629,1,2,30,0,50.2,Medium
SEG102627,23.018843129615764,72.56789592730438,13,2.737104424228672,5,2.349873193534081,1,0,80,0,36.5,High
SEG102628,23.015870415382853,72.54310331820605,18,2.8173591984167343,0,7.129801337144411,1,3,50,1,64.0,Medium
SEG102629,23.013272288588762,72.57549650205286,4,7.368839059820436,3,0.6286938445587809,0,0,20,1,49.0,Medium
SEG102630,23.00453353942014,72.5740215518391,5,3.347674216396055,4,2.008446408894926,0,2,40,0,14.2,High
SEG102631,23.027311069343096,72.53393013230514,22,7.287107451466779,1,3.1985248051104143,1,2,60,1,59.2,Medium
SEG102632,23.048826892164264,72.58725502450268,10,9.52706758814825,1,7.818733228364572,0,2,50,1,83.3,Low
SEG102633,23.03465835831009,72.56766186859043,21,4.393074367787588,3,2.5116677508367626,0,0,40,1,32.6,High
SEG102634,23.028653659801567,72.58151034726751,19,0.9732564287964196,1,8.168843929582152,1,1,40,1,69.9,Medium
SEG102635,23.023572610503802,72.54708941468837,8,6.665464813294362,4,7.886107640696763,0,0,30,1,77.0,Low
SEG102636,23.025542089447445,72.53793310698397,22,0.09523031695485629,1,9.922033456510803,0,1,40,1,50.4,Medium
SEG102637,23.01151025411646,72.57565922225714,18,7.870035212722968,3,6.7714048962274145,1,2,30,0,61.7,Medium
SEG102638,23.04526147324562,72.58160237460659,3,5.256531170387184,3,6.374376255622595,0,1,50,0,37.1,High
SEG102639,23.010911062980483,72.55509217968526,2,4.897322040086549,1,6.015359189566184,1,0,30,1,75.0,Low
SEG102640,23.039414251620002,72.53153999789556,3,5.694421605776872,1,1.0961913819727986,0,0,30,1,56.2,Medium
SEG102641,23.04179917563229,72.5831865116025,17,5.16408543934716,2,5.132221406002868,0,1,20,1,66.0,Medium
SEG102642,23.031617797311526,72.54339610391148,3,3.237772717960227,0,8.514828861336198,1,0,50,0,74.1,Low
SEG102643,23.047460950622515,72.55203707622334,6,2.815089096792419,5,0.20856800474586046,0,1,40,0,17.9,High
SEG102644,23.016007769384785,72.57083501550551,10,4.152974606238952,2,1.2665511903358362,1,1,30,0,50.3,Medium
SEG102645,23.04848894716836,72.53649705674873,3,8.949092819155668,2,6.0054926258540515,0,4,40,0,40.0,High
SEG102646,23.04011757527796,72.534679724799,7,1.3537045978784301,2,8.470158537946455,1,0,40,0,60.6,Medium
SEG102647,23.043931240526895,72.5316707451524,16,3.247645966865833,4,3.0733176188323466,0,0,60,0,27.3,High
SEG102648,23.036551884024004,72.58958159091556,23,1.9230042794940438,1,8.714782415395696,1,3,30,1,52.0,Medium
SEG102649,23.046548865934447,72.55023987837747,11,4.27136976737382,2,3.3752662228628747,0,1,30,0,46.0,Medium
SEG102650,23.05462043744947,72.57294282298261,17,1.3349841912317117,1,4.654583775761383,0,1,60,0,38.4,High
SEG102651,23.023108956998854,72.59430029118616,12,7.607956139022321,1,9.530306671347786,0,0,40,1,84.5,Low
SEG102652,23.044765362604025,72.57351430158153,11,1.0346739258457471,2,4.175920873290195,1,0,40,1,55.1,Medium
SEG102653,23.04095188677349,72.56413116173066,12,6.652620936172707,1,5.99481256039293,1,0,30,1,83.0,Low
SEG102654,23.024907859114162,72.56385979567862,23,2.6771032486902344,2,9.354657043658854,0,4,60,1,33.4,High
SEG102655,23.050982194985288,72.55449961464961,1,4.721899968576627,2,2.643821741076354,1,0,60,0,48.8,Medium
SEG102656,23.021693426126493,72.56898567763709,12,1.999879617175414,4,0.9193593006670397,1,0,40,1,41.7,High
SEG102657,23.031100625395194,72.59232144032048,1,7.3022367947571905,5,9.580298718370802,1,0,20,0,57.5,Medium
SEG102658,23.005826829634504,72.58122286219039,21,9.482759892683244,1,5.598296029228762,1,1,20,1,75.1,Low
SEG102659,23.012417635673646,72.55757473010716,14,2.2174528739299593,3,9.658405376432016,1,2,30,1,53.9,Medium
SEG102660,23.046238289379357,72.55160891388711,1,9.531532077128283,2,8.667446230440902,0,3,40,0,52.0,Medium
SEG102661,23.021810399755587,72.58742954942551,14,3.25273801011434,3,5.946265058060779,0,1,40,1,46.1,Medium
SEG102662,23.02167462491784,72.53882607866574,10,5.578471670519017,3,4.713406738293764,0,1,40,1,65.7,Medium
SEG102663,23.013528956000485,72.58522304170268,1,7.0158995108557605,4,4.802502276242122,0,1,30,1,45.8,Medium
SEG102664,23.02703856838636,72.54657998948726,23,1.9926861606519364,2,1.6601649552148212,0,1,30,1,29.4,High
SEG102665,23.044319932874284,72.57651590032543,9,4.447639374326276,2,4.535620177823398,0,1,80,0,46.4,Medium
SEG102666,23.049234026477556,72.58240433775036,0,0.6782748066405009,2,8.217319490404172,1,2,30,1,37.0,High
SEG102667,23.00385629376243,72.56100477362213,14,6.9705377602802,3,9.887882154081938,0,0,60,1,68.6,Medium
SEG102668,23.031615140218207,72.54249845844924,9,4.166161197244785,1,9.6034206389126,0,3,40,0,56.7,Medium
SEG102669,23.025700035234077,72.58490990332506,15,8.916445326395909,3,9.621785904982477,1,0,20,0,87.1,Low
SEG102670,23.033785501775938,72.55388804242847,3,2.739918885731379,4,0.19010888004228121,0,1,40,1,25.4,High
SEG102671,23.024600162779954,72.55084421693137,19,9.23601324323927,3,5.1577205742370955,0,0,80,0,45.9,Medium
SEG102672,23.02192546514694,72.56315105185297,10,1.4103984468284503,2,2.0013111559974064,1,0,60,0,47.7,Medium
SEG102673,23.02595343918362,72.55828060567175,10,6.069664660138833,1,6.152842264658873,1,4,30,0,52.5,Medium
SEG102674,23.0320099520816,72.57439839410752,19,3.078081798721789,4,9.4583690845028,1,0,20,0,58.2,Medium
SEG102675,23.027554076606748,72.53891785754422,13,1.8178161095328738,0,8.766510604703004,1,2,40,1,58.1,Medium
SEG102676,23.025967944806137,72.55831982751312,0,0.9393717171916549,3,8.665824767771618,1,0,20,1,50.6,Medium
SEG102677,23.044980942047694,72.58796061772964,13,6.556425588286899,3,3.657184077579889,0,1,30,1,65.7,Medium
SEG102678,23.04101063951808,72.53234407611359,15,2.3316793325924543,2,5.011713040456312,1,0,60,0,57.9,Medium
SEG102679,23.018775817179964,72.55972699165497,7,5.728144120710477,2,2.8194430932079184,0,0,50,0,62.6,Medium
SEG102680,23.044031741463343,72.57293457781503,4,9.79418722835278,3,5.538543308897793,0,1,50,1,55.0,Medium
SEG102681,23.046950786795247,72.58770122065773,1,3.1596182027953157,3,3.0338785867209825,1,2,40,1,33.2,High
SEG102682,23.00844207129558,72.56859610475065,20,0.3494427771672881,2,8.08731284491386,1,4,30,0,29.9,High
SEG102683,23.03204753539519,72.58359147763055,0,1.4282261439642052,3,4.644193240462648,1,2,30,1,25.1,High
SEG102684,23.01569215964796,72.54447491623236,14,1.1932200941117077,0,7.003987893346143,1,3,50,1,52.8,Medium
SEG102685,23.04065447770597,72.55293261335481,20,4.632835272052358,2,8.726672066825916,0,0,40,0,59.2,Medium
SEG102686,23.013133193114726,72.59123859780532,8,7.446505696606272,5,2.997490910323214,1,1,40,1,49.6,Medium
SEG102687,23.036927193829516,72.58758838235103,4,2.964443857818584,1,6.220915125832774,1,1,30,0,50.8,Medium
SEG102688,23.014031856083168,72.56626694387477,17,1.4584277084384323,3,8.458131920319158,0,1,30,1,59.3,Medium
SEG102689,23.028112906988646,72.56090674195667,15,6.407667663289269,2,9.507325982953423,0,2,30,0,64.2,Medium
SEG102690,23.052175555735392,72.55931938044453,0,3.0118020884924244,5,1.6306662605794309,0,0,30,0,15.3,High
SEG102691,23.020971914615103,72.53382132800186,13,5.751703493122326,3,6.81420223821716,1,2,60,0,42.6,High
SEG102692,23.048165616727974,72.58800451175718,0,9.33786559672752,3,4.352188102727926,1,1,50,0,53.2,Medium
SEG102693,23.054281951966214,72.58317971804699,9,2.913469549265262,0,2.8552309660316952,1,1,60,1,55.4,Medium
SEG102694,23.048116796684283,72.55965632440731,7,5.124916144862686,1,1.5772950815231945,1,1,60,0,53.4,Medium
SEG102695,23.009122631634785,72.54816359822676,20,8.068119136312163,3,5.853806345695451,0,1,40,0,59.1,Medium
SEG102696,23.045081202074435,72.55228983941772,23,6.917181124976281,2,3.3408782433560336,0,4,30,0,28.7,High
SEG102697,23.001768216730532,72.53800543808174,16,7.514781747791858,0,6.679436875374184,0,0,40,0,85.2,Low
SEG102698,23.021631603603463,72.57691633318487,17,7.725693748561002,1,2.8099682254193037,1,0,20,0,82.1,Low
SEG102699,23.047890335532482,72.56618354067606,0,5.399160203340431,2,0.005915181714019058,1,3,50,0,26.6,High
SEG102700,23.037881371701797,72.54521672248362,1,5.360621079022651,3,7.672277833605255,1,0,50,0,49.0,Medium
SEG102701,23.02930072350358,72.57049536218506,18,7.188895804484474,1,1.6132717995801749,1,3,40,0,49.4,Medium
SEG102702,23.021332521379545,72.59364996392657,10,6.976482701135557,2,2.5250336010177743,0,2,30,1,59.3,Medium
SEG102703,23.044676332055865,72.53795568380595,12,6.700576640296852,3,2.3535420679020334,1,1,30,0,62.8,Medium
SEG102704,23.039025712217153,72.55980152569065,16,3.821346921426636,2,3.4224101596496603,1,0,20,0,55.6,Medium
SEG102705,23.02576229257886,72.56212032335993,8,8.285426456048768,2,4.853419211555176,1,2,30,1,78.2,Low
SEG102706,23.04908663854653,72.54084181889854,16,2.362028893708893,4,8.124522029971162,1,1,60,1,46.6,Medium
SEG102707,23.012647140980025,72.56455271371483,17,1.5573196635271225,5,6.502199724762416,1,0,20,0,51.8,Medium
SEG102708,23.009371533003723,72.56938852180562,5,3.4516221911570155,3,1.4599829675852316,0,1,60,0,34.6,High
SEG102709,23.035354207038345,72.54022739502321,16,2.5383124040495595,3,1.8367605002148646,1,0,40,0,38.2,High
SEG102710,23.053459688848598,72.54005705343558,4,6.631825122031564,2,8.470626492496828,1,0,40,0,68.1,Medium
SEG102711,23.01359911153187,72.5856626665162,7,2.3101785114996085,1,2.498554581503545,1,2,30,0,45.4,Medium
SEG102712,23.01373187084136,72.55024018338355,18,6.564898383508689,2,2.186831121862065,0,1,20,1,63.2,Medium
SEG102713,23.00767243663792,72.5709716701601,23,5.132227948407885,4,0.03570120973591551,0,1,40,1,23.9,High
SEG102714,23.04733099554005,72.57074024991888,1,1.5245006807525963,0,7.740757290553823,0,3,40,1,27.7,High
SEG102715,23.012451864722625,72.58454610691287,15,2.583962641210229,3,7.384518252696543,0,3,40,1,37.2,High
SEG102716,23.027674818969867,72.57809315103005,13,5.217267843032229,6,3.476141492180762,0,0,30,0,42.0,High
SEG102717,23.05449798629012,72.58463746817348,14,7.331053039236981,2,0.07314849296909398,1,1,20,1,71.4,Low
SEG102718,23.00066774955071,72.57063896132729,18,3.9825164417467596,2,7.855753379129845,1,1,30,1,71.8,Low
SEG102719,23.030606734978093,72.55921471543341,1,2.3283264217804,1,0.993652122978782,0,1,50,0,34.5,High
SEG102720,23.02817589734877,72.55558182388535,17,2.9507820909378877,5,4.604679356383715,0,1,40,1,35.5,High
SEG102721,23.04440960570256,72.554636934833,6,0.9511718927339685,3,8.401476169872188,0,1,30,1,48.5,Medium
SEG102722,23.019540484675403,72.55719555136409,3,0.2514950109023306,6,2.4428211573132605,0,1,50,1,8.3,High
SEG102723,23.022568774739447,72.53840510139,10,9.73129311996854,1,3.796686971528247,0,0,30,1,80.2,Low
SEG102724,23.009236588932936,72.5575572941152,0,0.9640993436591538,2,6.608562562592995,1,1,50,1,47.5,Medium
SEG102725,23.040744837739968,72.55531391896817,15,1.2488734511065003,3,6.731627540016955,1,1,40,0,40.5,High
SEG102726,23.04315899000535,72.53224715811568,13,8.709640850796426,0,4.627063768986863,1,3,50,1,75.1,Low
SEG102727,23.007516482642835,72.54788349909622,12,6.63505235719258,1,4.337526095832624,1,1,20,1,82.5,Low
SEG102728,23.02164013906936,72.57887395335811,0,4.360725312453263,0,4.195092058965177,0,2,50,1,46.1,Medium
SEG102729,23.04910977474495,72.56756646214163,18,6.490234057258495,3,4.86032705193919,1,0,50,1,72.2,Low
SEG102730,23.000148900052167,72.58240088728914,0,9.349848235304103,3,3.466450175209488,1,2,30,0,45.9,Medium
SEG102731,23.016431748884244,72.56527472288475,6,0.9937731143570594,1,2.564144511986438,1,1,30,1,49.5,Medium
SEG102732,23.03052732567789,72.58551544475588,9,2.437110271753322,1,3.1605138312004435,0,1,50,0,46.0,Medium
SEG102733,23.0183751622813,72.58174436147411,16,8.603004034707409,1,4.777672827293667,1,2,40,0,65.2,Medium
SEG102734,23.014962485404773,72.53638849705925,9,7.80639345301107,2,3.8214087492130098,0,1,40,1,65.8,Medium
SEG102735,23.025302061669677,72.59350541392104,19,9.942567215571907,3,5.855380120413186,1,2,20,0,71.7,Low
SEG102736,23.009983770946032,72.53095858404859,22,3.139088150721925,2,6.3114119960836925,0,1,30,0,40.5,High
SEG102737,23.029129388252773,72.56879447246543,18,9.448863971385451,2,9.96143713461215,0,2,50,1,76.7,Low
SEG102738,23.03886827567223,72.5815132481056,0,3.4368883129500416,0,6.151694670516873,0,3,30,0,42.5,High
SEG102739,23.03164122239457,72.5515731190903,18,7.150931911854932,2,7.346331792515946,1,0,20,0,80.1,Low
SEG102740,23.00512101319722,72.56890703649931,4,8.827429476215865,2,0.980317896601538,1,4,30,0,33.3,High
SEG102741,23.046442473779106,72.55353796450508,21,1.7078209525836174,3,7.604488108142661,1,0,60,0,44.5,High
SEG102742,23.009623781061812,72.53393997337548,23,2.056386550352003,0,5.089034848852182,0,1,30,1,50.2,Medium
SEG102743,23.042064660033613,72.53054999874081,2,5.809586480323467,3,8.665580882250678,1,1,40,1,60.7,Medium
SEG102744,23.019831081092672,72.53616603195722,2,8.438247700355141,4,9.709087595759406,1,2,40,1,61.6,Medium
SEG102745,23.043051874143085,72.5363966236178,16,0.7894953522211168,1,2.3036560965688313,0,1,30,0,42.2,High
SEG102746,23.011345009687293,72.5697078355306,3,8.508808097559035,1,9.286751119163796,1,0,20,1,84.7,Low
SEG102747,23.01026641570325,72.56418124001256,23,3.4312052954509653,0,6.71640876923481,1,1,30,0,54.5,Medium
SEG102748,23.02733642154196,72.55960511451126,12,4.062266139725018,0,7.391136519303584,0,0,30,1,77.0,Low
SEG102749,23.00181148080841,72.57497489591415,13,3.3986109568755607,2,4.723610665139755,0,0,60,0,52.0,Medium
SEG102750,23.012391353633028,72.5310936989058,20,9.114799046076875,2,3.547935820418444,0,0,50,1,73.8,Low
SEG102751,23.03982067387014,72.54761392629203,5,1.3079432658283907,7,8.000340269816462,0,0,50,0,18.7,High
SEG102752,23.0460560913068,72.5805305275337,13,5.7427448117634325,2,0.21971793253519944,0,2,50,0,39.5,High
SEG102753,23.00444319501658,72.58914851192361,23,1.4810808062579173,2,5.405957282041111,0,0,20,0,35.8,High
SEG102754,23.048514274019094,72.55849187875545,0,9.285946300948414,1,0.7382977437921001,0,0,50,0,50.7,Medium
SEG102755,23.043863446222925,72.535296458709,4,7.979313135356194,2,2.5463483275157817,0,0,40,1,58.9,Medium
SEG102756,23.047832636263884,72.58191736804986,3,2.3381927426107785,1,7.251991180058772,0,1,50,0,36.8,High
SEG102757,23.038413570501834,72.58753607816273,8,2.9777826808815355,1,7.547386119638835,0,4,80,1,38.7,High
SEG102758,23.037078418701167,72.55688791759509,3,3.815153279626775,2,8.890433337986078,0,0,30,0,54.3,Medium
SEG102759,23.02888012783397,72.54581809150481,4,4.054176752954365,3,7.154372344555181,1,1,40,0,44.3,High
SEG102760,23.035903297347023,72.5328581584345,20,8.17342858632055,0,6.747459760952066,1,1,30,1,92.3,Low
SEG102761,23.050551031551162,72.56842038342316,11,5.645333553091904,0,9.45117297392915,0,4,60,1,59.9,Medium
SEG102762,23.005528710077918,72.58914151688656,8,4.279493148917281,6,5.374096027310879,1,0,30,1,46.7,Medium
SEG102763,23.017367046281535,72.57406272165882,10,7.194446569363528,1,6.5388164894826755,1,0,30,0,84.0,Low
SEG102764,23.003985023547774,72.55062115886315,23,4.578648763438066,2,8.680628541751318,1,1,60,0,47.8,Medium
SEG102765,23.051964284456922,72.57178774107885,11,1.2824001688479048,1,7.636951461829251,0,1,20,0,49.8,Medium
SEG102766,23.024489600629966,72.58408444648413,11,1.0748918426952836,2,7.699255489708143,1,0,40,1,67.9,Medium
SEG102767,23.03714394588719,72.56092895385771,22,3.2595667979517176,4,5.367557968719341,0,3,40,1,16.2,High
SEG102768,23.046261603547737,72.58328365184985,0,6.028702376151721,1,5.278448068866231,1,0,40,1,64.4,Medium
SEG102769,23.054505013644206,72.55547412898332,11,1.3484132764823442,0,6.487066906063781,0,0,30,1,68.8,Medium
SEG102770,23.008898035178575,72.55265286910873,17,5.501341706974073,5,7.005463903973217,1,0,20,0,61.0,Medium
SEG102771,23.043973193314503,72.56789426068211,12,2.696096448087335,0,5.46101841026667,0,1,40,0,53.5,Medium
SEG102772,23.04880825939752,72.56020461715015,20,6.954134156082917,2,1.8546694221503668,1,2,40,1,53.0,Medium
SEG102773,23.002688145726797,72.59351227482998,21,0.2826270117637064,1,2.4841163743845582,0,1,60,1,23.5,High
SEG102774,23.041474980810207,72.56356531252933,8,4.69023431480573,2,4.930751119025948,1,1,50,0,51.0,Medium
SEG102775,23.01950989266581,72.55503618187954,19,0.522641490142326,4,2.0406486343399157,0,1,40,0,23.9,High
SEG102776,23.035672823530874,72.55567068030335,5,3.305077752753205,1,4.234873811625493,0,2,30,0,33.0,High
SEG102777,23.02827265078214,72.56561609678985,5,0.15575144286879117,4,1.4714102119290606,1,2,60,1,4.8,High
SEG102778,23.014285823864764,72.55306928247053,23,4.690987605779313,1,1.4623243313240741,1,0,30,0,49.3,Medium
SEG102779,23.00743717491022,72.57698892912772,0,7.670158684780116,1,8.432151730121479,0,2,60,1,53.8,Medium
SEG102780,23.006432097819907,72.5547430903006,8,1.0022003774594457,2,5.422499952614902,0,3,60,0,28.8,High
SEG102781,23.005682757173968,72.55496938512414,15,7.352226919940271,1,7.804348872725512,1,0,80,1,81.5,Low
SEG102782,23.0350784522074,72.5701032612095,9,5.841952670923312,2,0.11539374689921056,0,3,30,1,48.0,Medium
SEG102783,23.019327596826976,72.53395504672524,20,5.046052731360201,3,2.856309668305461,0,1,30,1,54.7,Medium
SEG102784,23.011914839101323,72.57259806967748,6,5.9948326228024165,4,0.17680638198120935,0,0,40,1,41.9,High
SEG102785,23.038053680098823,72.56282319411531,13,3.3589713172919557,3,0.0338214545638138,0,0,40,1,32.8,High
SEG102786,23.037776726117155,72.55944669742863,3,7.103395537682894,1,0.32016404427808953,0,0,30,0,41.9,High
SEG102787,23.029654256079635,72.57675144439601,5,7.796658419207723,5,5.215242577869233,0,1,40,1,39.4,High
SEG102788,23.051422679927622,72.57928662583032,4,7.782238655868774,2,0.9082205531855758,1,3,50,1,30.8,High
SEG102789,23.021197782729278,72.5850069561218,17,2.6945978939368844,0,7.983739891585299,0,1,30,0,61.1,Medium
SEG102790,23.04597246341981,72.55436220285313,4,6.539070096898525,4,5.161876269357375,0,1,30,1,44.6,High
SEG102791,23.00413266743627,72.55125744999647,16,1.480957257452764,4,2.4535306134952983,1,1,40,1,36.5,High
SEG102792,23.040690710172118,72.57643223659714,8,4.954196135962671,2,8.38657143992037,0,6,20,0,38.7,High
SEG102793,23.054364607760757,72.56781731584412,13,0.026292600595175797,1,5.096376643035992,0,1,50,1,43.2,High
SEG102794,23.04656290189583,72.57106710051286,20,1.935867590083411,0,3.5079903826822587,1,1,50,0,50.2,Medium
SEG102795,23.031881559562052,72.56610898896187,20,6.317341158326056,4,5.679506468454286,1,1,60,0,60.5,Medium
SEG102796,23.034472133537992,72.58022504650825,0,8.743615052031293,2,6.726087331306331,0,2,50,1,53.9,Medium
SEG102797,23.019430925219034,72.54235265775199,18,0.4902829858602431,1,5.588036984958827,1,0,40,1,62.8,Medium
SEG102798,23.037371687004196,72.5661212886282,22,5.585527921743301,4,9.327852853683918,0,2,60,1,43.5,High
SEG102799,23.042371746074974,72.54027661628133,16,6.367750201050305,1,3.539737294800708,0,1,40,1,68.3,Medium
SEG102800,23.054902566461482,72.55647137605392,4,9.323909811827463,2,4.099494104951159,1,0,50,1,65.2,Medium
SEG102801,23.027085460435025,72.57315959852204,15,6.551437946449566,1,8.588544520764875,1,2,20,1,85.3,Low
SEG102802,23.00337172361754,72.56204965454042,15,1.0303270247073837,0,6.37487548116816,1,1,50,0,55.4,Medium
SEG102803,23.032772187290202,72.5546734498837,15,1.4674424254448049,0,9.66266749318774,1,1,20,0,77.2,Low
SEG102804,23.00654632824902,72.58752305009202,10,6.357641288869978,0,7.921646580202154,0,3,20,0,59.8,Medium
SEG102805,23.013462077395587,72.58023367144233,12,2.156196767632327,2,5.129282787794592,1,1,40,0,49.7,Medium
SEG102806,23.018082895121815,72.56420890102503,15,9.283054748772882,1,6.347183167001348,0,4,20,1,67.4,Medium
SEG102807,23.04020664302316,72.5917534551189,11,9.20687200785886,2,4.060844092164096,1,2,30,0,68.4,Medium
SEG102808,23.010109446813317,72.55758374381327,18,9.486558601572133,1,1.2764561923988083,0,0,50,0,62.5,Medium
SEG102809,23.00911641207633,72.58122474029322,17,2.9295260781219334,2,4.071105414016493,0,1,40,0,37.0,High
SEG102810,23.002473033337434,72.54091585558709,7,7.169499079603164,3,2.814857803760388,1,1,50,0,57.0,Medium
SEG102811,23.048028196499462,72.54857651101219,14,6.630139069348495,2,6.780798611452568,1,1,50,0,65.3,Medium
SEG102812,23.03814279833958,72.55197556278671,18,0.3560378133777209,5,6.691972207438594,0,3,40,0,16.8,High
SEG102813,23.00219705560897,72.5368783489258,11,2.6556507634627966,1,9.37367893540281,0,1,80,1,65.9,Medium
SEG102814,23.001556076810097,72.56261731297994,17,2.067667296794684,1,0.7945744048285752,1,1,30,1,51.5,Medium
SEG102815,23.03072708630613,72.54249690871822,3,3.7080860173833994,3,4.675684554529566,1,0,20,0,45.3,Medium
SEG102816,23.015539392070767,72.57122208281423,9,9.53053716545225,1,3.9863918427062717,1,1,30,1,73.4,Low
SEG102817,23.032819949273755,72.54235600337225,16,8.456016389583382,3,5.274383829867388,0,1,50,0,52.6,Medium
SEG102818,23.02390322966245,72.53802790672705,21,2.934245913682769,2,1.195630796751398,1,1,20,0,41.3,High
SEG102819,23.050782190927062,72.59299063729392,15,5.300315310993231,3,4.91426540060755,0,0,40,0,51.6,Medium
SEG102820,23.015829495822874,72.57278561987772,15,1.922661215866619,2,6.570110036964695,0,3,40,1,44.9,High
SEG102821,23.03735299526414,72.59086930945605,8,2.774339922959382,1,3.1378630379620356,1,2,50,0,39.3,High
SEG102822,23.002972987139024,72.56184270647957,16,0.6500324901488452,2,6.504421613267243,0,0,60,0,40.9,High
SEG102823,23.05257232938039,72.53217116009913,8,6.426065009168366,1,2.65671686444384,0,0,30,1,65.1,Medium
SEG102824,23.05394166073496,72.56733412607804,1,6.569207744963289,1,3.693054075321797,0,0,30,0,57.7,Medium
SEG102825,23.040649104595904,72.56629137764432,5,8.385016208034434,4,9.07288300317923,0,3,50,0,37.6,High
SEG102826,23.025586685935995,72.53097341438588,14,8.715518134272541,2,0.2505839065485205,0,1,60,0,44.6,High
SEG102827,23.012099639163,72.58598073288611,23,1.600593991937228,4,2.7282343391549047,0,2,30,1,22.4,High
SEG102828,23.04468839871364,72.57029809424007,11,7.430409461629872,3,9.357256181583061,1,0,50,0,77.8,Low
SEG102829,23.040499475343086,72.57840492600945,20,1.3470763282733234,1,1.47042818475986,1,0,30,1,59.5,Medium
SEG102830,23.012207472175852,72.56210487190023,18,3.7371501174581088,3,3.9740781407095827,1,1,30,1,57.4,Medium
SEG102831,23.024816841178648,72.57019615846404,13,5.155365715592212,2,4.54095667501604,0,0,30,1,61.2,Medium
SEG102832,23.025453941579922,72.54673554305985,19,0.49469914087076017,0,6.526473373171763,1,1,50,0,62.6,Medium
SEG102833,23.045452580248497,72.59329425490496,9,1.5676371154545432,1,6.117732904909876,0,2,50,0,42.2,High
SEG102834,23.037611457638373,72.55604680049059,10,2.7111609999003816,2,6.267623437551363,0,2,40,1,50.3,Medium
SEG102835,23.035374214894702,72.54055123038695,17,1.2754232963418932,1,9.404107513724751,1,2,50,1,61.9,Medium
SEG102836,23.03574050824098,72.53363450219435,15,9.340962722063331,4,3.9278493879718255,0,0,40,1,60.9,Medium
SEG102837,23.014875854366036,72.57135117565055,12,2.883191880871163,4,4.898128335963449,0,0,30,1,59.9,Medium
SEG102838,23.020444119290623,72.59391969032647,10,5.0117166450891375,2,9.639741639079046,1,1,60,0,65.6,Medium
SEG102839,23.00251142569902,72.58822664229501,23,9.965342379256862,3,1.281524998061987,0,0,20,1,58.4,Medium
SEG102840,23.043281762469668,72.57563679688661,1,5.666426769312439,2,9.482117239159948,0,3,60,1,41.3,High
SEG102841,23.02381490183434,72.59438886538453,1,4.114957749920847,1,9.482804119030929,1,2,50,1,62.5,Medium
SEG102842,23.024103109639817,72.57698383703274,11,9.29792405924285,1,9.53474956557802,1,0,50,0,96.3,Low
SEG102843,23.01349459457135,72.55205132302109,0,2.2249775536660854,2,0.6702907266187697,0,2,40,1,23.9,High
SEG102844,23.011518500480268,72.5690791786489,8,1.7950074083870793,3,5.775663314924923,1,3,50,1,31.8,High
SEG102845,23.032330206126296,72.53518483176157,13,5.353643690407836,1,8.381718489686236,0,1,20,1,74.7,Low
SEG102846,23.012790415836204,72.54440936186447,9,4.273017378313901,6,3.1370151686523142,1,1,40,0,34.9,High
SEG102847,23.0035314868361,72.55714011533536,4,7.96986077315465,5,5.905615289073692,1,2,30,1,44.1,High
SEG102848,23.042212907878948,72.5431182020816,6,0.4201004130436725,3,2.5644519731437976,0,1,40,0,25.0,High
SEG102849,23.02070581889235,72.59197756596383,14,6.177258244112199,1,1.2961344787822981,1,1,50,1,54.6,Medium
SEG102850,23.02091295711446,72.5947138392384,22,7.106791428978765,4,8.522563748691509,1,0,30,1,72.4,Low
SEG102851,23.02372250548337,72.55411083480791,18,9.719167608239669,3,9.812203766039463,0,0,30,0,85.0,Low
SEG102852,23.044827465287444,72.57609988409502,13,1.4576320023983547,1,0.69746410686083,1,3,40,1,38.1,High
SEG102853,23.01764602927669,72.55650509749312,3,2.4624321870946764,4,1.2132089310810423,1,0,60,1,25.8,High
SEG102854,23.04169199161918,72.5390680982851,5,9.324432315692423,4,5.886069038698406,0,1,50,0,47.2,Medium
SEG102855,23.051674966242874,72.55190024510064,10,6.306288454833005,4,0.8631127400877281,1,1,40,1,51.3,Medium
SEG102856,23.036347750775864,72.54516916041652,5,0.38049032735511634,3,6.311653616475672,0,0,60,0,25.5,High
SEG102857,23.023742459464735,72.55132508432648,16,0.7734400225577898,1,7.194857437550591,1,3,50,1,50.1,Medium
SEG102858,23.041128434773068,72.54397640974585,8,7.854405606276683,1,4.1462943577016755,0,1,50,1,70.2,Low
SEG102859,23.025184355336325,72.53730243273878,20,5.674744984564157,0,7.562431667624613,1,0,40,1,90.1,Low
SEG102860,23.022793499910946,72.54413284790856,6,5.654154816188739,3,1.136290211287806,1,2,40,0,38.5,High
SEG102861,23.0288905739965,72.58887420706894,11,8.798656433112853,0,3.0123641276450797,1,1,30,0,79.7,Low
SEG102862,23.017474728414513,72.53553940892547,17,2.410979193712283,2,8.076388976022331,1,0,50,1,72.9,Low
SEG102863,23.0057337618954,72.5511091818441,4,1.6043098182201998,4,0.88347937197784,0,2,30,1,16.2,High
SEG102864,23.02281686030394,72.56434924314267,18,6.138059476220805,0,2.8508550330050175,1,0,50,0,81.7,Low
SEG102865,23.006812128462112,72.55304332265159,14,8.824230976538834,2,6.211628061700002,1,2,60,0,63.2,Medium
SEG102866,23.02257428104555,72.56364446117622,15,2.6525064466761816,3,2.4739197337860954,0,1,40,0,27.8,High
SEG102867,23.03063135466674,72.53282230391524,10,6.81294364791352,2,4.808760753524543,0,0,30,1,66.8,Medium
SEG102868,23.05118911496631,72.57215702616868,22,1.5237903185827417,3,8.371915316249002,0,1,20,1,39.6,High
SEG102869,23.00199222820749,72.56662612210114,18,1.7190869582914892,1,2.6966638175593216,0,0,50,0,49.4,Medium
SEG102870,23.034180212357608,72.57426280728056,4,9.015100578627374,2,4.35850846359291,0,1,30,1,63.3,Medium
SEG102871,23.025175435265755,72.56687175802877,13,1.1796499490637535,2,0.18252361224961766,1,1,20,0,42.1,High
SEG102872,23.00111436205123,72.55846373285767,21,0.24345536655194677,2,7.083694771711668,1,2,30,1,40.8,High
SEG102873,23.01372514967663,72.55275920024911,6,7.749404481107842,2,3.5505920842449976,0,1,40,0,68.1,Medium
SEG102874,23.006516688879515,72.54471828735649,12,3.6250954852518036,2,8.600536017578793,0,2,40,0,47.6,Medium
SEG102875,23.01192367801523,72.56250440224242,18,3.9665855220213087,2,0.8856155088258788,0,0,30,0,48.5,Medium
SEG102876,23.01510136339035,72.53169340940454,6,7.9985754490819545,3,7.822303514243765,0,2,40,1,61.4,Medium
SEG102877,23.02207184844602,72.55133565382646,12,1.7993579157734818,2,8.13794935670791,0,1,40,0,44.9,High
SEG102878,23.02909716664189,72.5740616990817,13,6.503269415210356,3,7.760688787110549,0,1,40,1,54.5,Medium
SEG102879,23.000054449665953,72.53706660757962,4,3.135283288376345,2,7.34379468142933,1,1,60,1,54.5,Medium
SEG102880,23.00890281483458,72.53408793075077,4,1.0426846064684414,1,2.3778929920668923,1,3,20,0,23.5,High
SEG102881,23.005146151208486,72.57239160934394,13,6.874960489700879,1,4.167324898024411,1,2,40,0,61.0,Medium
SEG102882,23.03023203695945,72.55585535687425,4,3.1866413455093614,3,3.859523483573657,1,1,30,1,44.2,High
SEG102883,23.01809911787207,72.5821186273757,22,8.666041042800707,7,2.4103808226317893,0,1,30,1,25.4,High
SEG102884,23.03016187548191,72.59092523475813,12,9.190356502319009,1,4.91690446128533,1,0,40,0,77.7,Low
SEG102885,23.012200281619606,72.59220762949262,16,8.490517619209527,0,6.975330359699107,1,2,50,0,75.7,Low
SEG102886,23.001332614474816,72.55766353550312,9,3.223517474354619,2,4.78726776000101,0,3,40,0,34.5,High
SEG102887,23.051775179569862,72.54718126957788,7,2.365826243596562,3,9.744643899553774,0,0,60,0,46.7,Medium
SEG102888,23.005956946665396,72.56955989301827,11,8.928006424077997,4,7.087584418421753,1,1,50,1,72.9,Low
SEG102889,23.006977231137896,72.57083254018534,17,4.529469838764612,0,4.426991026969712,1,1,30,0,65.5,Medium
SEG102890,23.008060075458058,72.57045242084493,9,7.0773972355801575,1,4.039575391080304,1,3,40,0,57.8,Medium
SEG102891,23.05397020881963,72.55091560989173,6,8.271642014106343,2,5.836066244731155,1,1,40,0,71.4,Low
SEG102892,23.03397131320935,72.53414386286713,3,2.776866548678225,2,4.317640034647734,1,2,40,1,43.7,High
SEG102893,23.03356594734371,72.54365031452366,13,1.1909742793479017,1,2.2193829985770606,0,0,40,1,52.7,Medium
SEG102894,23.05426840108352,72.54003726282144,16,6.248275633432858,2,5.210459693907529,0,1,60,1,54.4,Medium
SEG102895,23.004864132310107,72.53805352247592,12,5.9019225576322505,2,6.727146050704571,1,1,40,1,76.8,Low
SEG102896,23.053597549089826,72.59020841586965,6,2.702000726585758,2,3.5844494539814065,0,1,50,0,39.1,High
SEG102897,23.01122072306047,72.5309000969883,5,5.847067213853422,3,2.8332372116336724,0,2,40,1,30.2,High
SEG102898,23.034268932695912,72.56912075305036,9,7.9035725447834295,4,2.1739260172318184,0,0,50,0,45.7,Medium
SEG102899,23.023104596091652,72.59158579672311,8,3.5001098234412744,3,3.6282179656487257,0,0,30,1,42.3,High
SEG102900,23.021117349741246,72.55340345328712,4,2.423177189255722,0,2.4436755612605356,1,0,20,1,54.6,Medium
SEG102901,23.05121838306637,72.5642613757962,22,7.250012136095561,2,7.630987230690964,0,1,40,1,61.0,Medium
SEG102902,23.008207525064215,72.57522593812588,7,7.858720166817948,0,6.387142393637784,0,1,40,1,72.3,Low
SEG102903,23.054838795609193,72.55061603015278,6,9.542894378689203,0,2.8693223134476744,0,1,20,1,89.0,Low
SEG102904,23.020851878360034,72.56104737920097,14,1.4758582291747113,3,9.91831276854795,0,4,50,1,24.5,High
SEG102905,23.03568261971387,72.58311168527163,19,8.892641018881948,1,6.456721346153488,1,0,60,1,81.5,Low
SEG102906,23.053234870231584,72.57844811824322,11,7.650988111899024,1,1.4247293197290833,0,2,60,0,41.1,High
SEG102907,23.003168057770843,72.58254921174704,16,7.018999079308879,1,8.293372946682616,1,0,30,0,89.4,Low
SEG102908,23.050757539960884,72.5941771106358,2,3.1305362919037814,3,7.537020948301125,0,0,40,0,45.7,Medium
SEG102909,23.031229626194488,72.55407128587085,12,0.2219295118815412,0,5.000286455656764,1,2,60,1,48.3,Medium
SEG102910,23.03874182834376,72.57856093209082,1,5.075504941194423,2,2.334635243649106,0,2,80,0,15.3,High
SEG102911,23.008205130113748,72.56918099686163,3,2.857693764857162,1,8.108762535435893,1,1,20,0,50.4,Medium
SEG102912,23.029336308695708,72.57332930986938,14,2.898210189266912,2,1.2451821736932667,1,0,20,0,55.7,Medium
SEG102913,23.03704325430989,72.57809180381415,4,9.271385771926536,1,4.180352617913493,0,1,20,1,62.6,Medium
SEG102914,23.025093601906324,72.5787325356015,0,1.5296889205320918,3,8.173225945479922,0,1,40,0,30.8,High
SEG102915,23.00852418479583,72.58757343470417,4,9.34232379590554,1,8.014407971183445,0,3,50,1,57.3,Medium
SEG102916,23.013426549129708,72.55270590889035,18,5.0380671001073996,2,6.298922368952905,1,1,20,1,69.4,Medium
SEG102917,23.046991603504644,72.57247628814727,14,8.382792760609368,2,0.07742252500385183,1,1,50,0,48.1,Medium
SEG102918,23.001895904605803,72.5482188780538,9,2.835875714419104,3,3.331223098073285,0,2,30,1,33.7,High
SEG102919,23.038987414314246,72.5686469658326,23,6.339206640847351,3,8.531979193322082,0,0,20,1,56.8,Medium
SEG102920,23.054966452008298,72.57882638411118,9,5.565883957234168,3,7.213658418452596,0,0,40,0,57.4,Medium
SEG102921,23.00041156478587,72.5814150706005,21,9.241660894178338,3,8.10595309769129,1,0,40,0,68.5,Medium
SEG102922,23.008857512555096,72.5573080926943,8,1.7929842684242103,1,0.6298125111841235,1,2,30,0,41.5,High
SEG102923,23.03707793654912,72.56306681450809,0,2.0456988974247956,1,9.407694456674523,0,0,30,1,65.3,Medium
SEG102924,23.003299495902194,72.55170024032606,2,9.489643994535445,1,2.290498892851928,1,1,30,1,59.5,Medium
SEG102925,23.03243844911207,72.54098736252507,6,0.9796462078610502,3,3.322930093845702,0,0,60,1,41.3,High
SEG102926,23.037620005695857,72.54693363133751,4,6.346824690439964,1,8.405830236823743,0,2,60,0,44.1,High
SEG102927,23.032348049146275,72.58928890531848,3,0.6056411321525312,2,4.062191632018828,0,0,40,1,46.6,Medium
SEG102928,23.02008515866616,72.55008302025661,9,0.7699080812060333,2,6.430767000758738,1,1,80,0,41.4,High
SEG102929,23.038350526279267,72.59335935668047,23,5.971487429017218,1,5.523635733932903,0,0,40,0,52.8,Medium
SEG102930,23.03268619354076,72.545696075539,4,5.513679621540587,0,8.660763034260965,1,1,20,0,71.5,Low
SEG102931,23.011420044465165,72.57699962068627,5,5.730261987535927,1,1.561235356675903,0,3,40,0,30.6,High
SEG102932,23.03097245489718,72.56730371408217,23,4.7365209654994285,2,0.9779117386989611,0,0,60,1,36.5,High
SEG102933,23.048504896942642,72.57529655321912,4,7.423593405816048,1,6.323537484481017,0,0,50,0,62.7,Medium
SEG102934,23.036675830712973,72.57185726652959,19,9.921885363648986,4,8.446417063933268,0,0,80,0,71.9,Low
SEG102935,23.02594853290666,72.57593865793385,14,2.757812463903556,5,9.231016226885044,0,0,40,0,52.7,Medium
SEG102936,23.01768712565782,72.5888605581483,22,3.2343966731494844,1,3.9992564184118775,1,0,60,1,50.3,Medium
SEG102937,23.004723741519065,72.56662551724406,13,3.230495423432147,1,7.348566011862875,1,3,50,0,59.7,Medium
SEG102938,23.013454492301747,72.53441017088876,14,7.632689463058524,3,3.907865002682799,1,2,50,1,60.4,Medium
SEG102939,23.00061527141978,72.54760365323905,5,3.480155011237281,3,3.188753371098568,0,0,80,0,20.5,High
SEG102940,23.054264425463874,72.57603423372657,13,6.767370675826506,3,0.24212251742724122,0,1,30,0,46.1,Medium
SEG102941,23.01223652386708,72.56211485081842,16,4.458875570119289,6,2.501105356203528,0,0,40,1,37.8,High
SEG102942,23.044818176847695,72.56565587887027,23,6.078046670230125,0,1.701722658349475,0,1,30,0,45.8,Medium
SEG102943,23.009275468499276,72.56877772959972,2,8.290153728048992,6,2.686126184501866,0,4,60,1,14.4,High
SEG102944,23.015598063228307,72.554870902744,3,5.140586875542057,1,2.8872712705511083,1,2,40,1,37.9,High
SEG102945,23.02300525255756,72.5803032091307,0,4.751732008467055,3,8.589094709383204,0,0,30,0,59.7,Medium
SEG102946,23.017842311527787,72.57702976745327,18,2.66974583605303,2,2.0337610943008744,1,1,40,0,49.0,Medium
SEG102947,23.04390929470179,72.57642946179256,1,5.159045818197838,4,8.192987445857963,0,1,30,0,32.8,High
SEG102948,23.05267313744085,72.57649516131227,21,2.624122729096039,1,8.593423836049162,0,2,40,0,44.3,High
SEG102949,23.048141196600795,72.58787327010752,8,8.435702057179586,2,4.637762501838281,0,2,20,1,68.7,Medium
SEG102950,23.008446782682128,72.56870053066382,6,3.8886402686158386,1,7.245155664464582,0,1,80,0,58.9,Medium
SEG102951,23.042717877199212,72.5928596929673,23,1.2910763183495388,0,3.1860762627977457,0,1,40,1,49.0,Medium
SEG102952,23.00813708023176,72.5377475244854,17,2.3996752792636,1,0.17770931753899877,0,1,80,0,41.1,High
SEG102953,23.050235960860917,72.5710773334786,13,5.345814674672562,4,7.096515228635915,1,0,30,0,62.3,Medium
SEG102954,23.02848332166177,72.57660022548582,21,9.162875158297524,0,6.064128100963871,0,2,30,0,64.5,Medium
SEG102955,23.01850095984312,72.56101932671203,18,3.0056149857477967,2,4.613636355848185,0,1,60,0,40.3,High
SEG102956,23.008636402353382,72.5487335451197,15,2.643862040993116,2,8.986900288979845,0,0,50,1,68.6,Medium
SEG102957,23.000649499849846,72.56575243442622,7,4.065598348101354,1,7.272578393390537,0,1,20,0,53.4,Medium
SEG102958,23.013637084541347,72.5537085992189,23,9.677544782921464,1,4.255812146681299,1,0,60,0,59.5,Medium
SEG102959,23.050271103480473,72.5890930646194,17,8.45219674461354,2,0.5337884116528746,1,3,30,0,48.9,Medium
SEG102960,23.043849420574972,72.55319150681466,22,1.4966795107469155,1,8.760857350384171,1,0,30,1,62.0,Medium
SEG102961,23.05333865392629,72.54142095452563,23,6.137532871002641,2,9.846428068082055,0,3,50,1,48.4,Medium
SEG102962,23.005541883661675,72.56746529411076,13,7.918642033440346,2,6.345210390918565,1,2,50,0,70.1,Low
SEG102963,23.03256983089281,72.55573951843972,8,7.680103413702376,3,7.682006058929555,0,0,50,0,63.2,Medium
SEG102964,23.014143276071692,72.53623337941205,22,4.888454917546158,3,5.060248395635348,0,0,20,1,44.8,High
SEG102965,23.02986179381748,72.56671475281486,23,7.318313856740422,1,2.3664283470822287,0,1,30,0,47.2,Medium
SEG102966,23.01762501870599,72.56496001672578,2,5.835866105929837,2,9.120674909765896,0,0,30,1,62.5,Medium
SEG102967,23.015590605263384,72.54125781063115,15,2.014449828522027,5,6.8835062803785565,1,2,40,1,43.5,High
SEG102968,23.031561491611352,72.56884648098239,14,0.5605364063650864,3,5.485630602117738,0,1,20,1,53.4,Medium
SEG102969,23.010082498902825,72.56687833330074,17,3.6949968005033718,2,6.820843527958647,1,1,50,1,69.8,Medium
SEG102970,23.025802339033465,72.58028482049771,23,0.6193900194753987,2,5.118613958022991,0,2,60,1,29.6,High
SEG102971,23.03579467457742,72.55350204543977,6,3.9501340392089213,1,0.5838449414117142,0,4,80,0,17.8,High
SEG102972,23.007050014025054,72.54616936903814,23,8.2887900157076,0,6.60441144008915,1,1,50,0,67.1,Medium
SEG102973,23.05118268489823,72.5918292926531,15,8.442941484035813,1,0.052168851449523324,1,1,30,1,72.6,Low
SEG102974,23.027814858469977,72.56647913898088,1,0.34073921340017854,3,2.2034579123490303,1,2,40,1,18.5,High
SEG102975,23.045074038453638,72.53176409732747,12,0.6953546750949413,2,1.5597926729327416,1,0,60,1,42.1,High
SEG102976,23.03596479868416,72.58334625946726,3,6.6986708759124465,3,3.401222554129717,0,1,20,1,49.5,Medium
SEG102977,23.03905005176724,72.54278927395973,22,4.999986949421999,2,9.083156396019179,1,1,30,1,56.7,Medium
SEG102978,23.039387201754607,72.58109236064698,18,1.4935839273039087,2,0.7970162314788276,1,2,30,0,41.7,High
SEG102979,23.04813049433838,72.57583555776513,21,8.055296177320932,2,3.5740625441285623,0,0,40,0,51.0,Medium
SEG102980,23.03374829892758,72.5929728920771,14,2.164961627064219,0,7.595619509948321,0,2,80,1,53.9,Medium
SEG102981,23.015301943344678,72.59276265460365,9,0.7814925469571077,4,8.630916188979564,1,0,40,0,52.4,Medium
SEG102982,23.0054730303576,72.54783669060262,10,7.495071381000086,3,7.361291370313284,1,1,40,1,79.0,Low
SEG102983,23.033343784069757,72.57981922277952,22,6.08125974631964,4,9.65211631257398,0,1,40,1,40.3,High
SEG102984,23.003649404207383,72.5505955805757,3,3.9444273873132363,4,6.959174256099484,1,3,60,0,30.9,High
SEG102985,23.013271139842924,72.57089786602393,21,6.927262037835345,1,7.448008743169945,0,0,30,1,75.9,Low
SEG102986,23.003338895153107,72.56885349552205,10,9.113806886912029,5,4.220677354017517,1,1,40,0,58.0,Medium
SEG102987,23.03018881739536,72.53354532851537,14,0.34182442766647725,1,3.0205327857215014,1,3,60,1,38.3,High
SEG102988,23.00881859687186,72.5303368137393,16,6.2767943767533545,1,4.618753271819713,0,0,60,0,65.5,Medium
SEG102989,23.03357240256884,72.53375466094866,1,2.1816729701555984,3,7.679169834759826,1,1,30,1,42.9,High
SEG102990,23.043497582197478,72.53831623308956,3,4.7413775994138385,4,6.502630574758479,0,0,20,1,49.8,Medium
SEG102991,23.045203439642453,72.5467474119376,3,4.239811288833696,2,7.718989799505121,0,1,60,1,50.7,Medium
SEG102992,23.01702489294757,72.58895208951077,18,3.8997966783452975,5,6.275865856268602,1,0,60,0,38.1,High
SEG102993,23.0301924992982,72.56371112389753,1,1.9035610024746197,1,7.331013477366896,0,3,20,0,37.2,High
SEG102994,23.03096559180475,72.58179796302466,14,8.026499364449823,2,1.5566907322197254,0,3,20,1,53.4,Medium
SEG102995,23.02600879501848,72.58449026388696,2,3.7952058492770027,2,3.236585332734351,1,2,30,0,39.6,High
SEG102996,23.036031264028363,72.57777130140839,18,8.871962609364799,4,5.61191767034815,0,0,40,1,61.6,Medium
SEG102997,23.011554791810294,72.55544003308734,23,3.5466827294649086,2,0.165474135183602,1,0,30,1,41.3,High
SEG102998,23.053858378177274,72.58615086059966,9,8.397133446791534,2,9.122972269856637,0,3,30,0,56.8,Medium
SEG102999,23.00539439049,72.57823323396586,5,5.444663315246878,3,2.3948982793160334,1,0,50,0,35.1,High
SEG103000,23.04560716276617,72.57830484382133,10,3.8562523485979217,2,0.8850219784518365,0,1,30,1,52.2,Medium
SEG103001,23.032675279282316,72.58860233126576,16,7.04032214597996,1,6.6425021291794,0,1,80,1,61.8,Medium
SEG103002,23.013467011095653,72.56891312570976,17,7.866546246034223,1,1.9373904709522194,0,3,40,1,50.6,Medium
SEG103003,23.041012125036318,72.56435733794754,15,4.826907902744818,1,5.619347132023299,0,0,40,0,69.8,Medium
SEG103004,23.00464644926224,72.5878605662438,13,4.254204283835367,3,2.489766734067844,0,0,60,1,46.0,Medium
SEG103005,23.042592980894682,72.55954001233067,15,5.774189703723222,2,1.659415177987973,1,0,30,0,66.8,Medium
SEG103006,23.032449187223367,72.58275209524187,5,5.851633785057182,0,7.3499608393254325,1,1,20,0,63.0,Medium
SEG103007,23.006091267511803,72.53350001342892,4,4.2547921585468735,3,3.8837279602065875,0,0,40,1,41.1,High
SEG103008,23.004372805970082,72.53008384638966,22,7.576628784426377,3,5.744382135421812,0,2,40,1,41.3,High
SEG103009,23.041295998339006,72.56433901182429,13,3.997214477538079,3,2.161244676455154,1,1,40,0,48.5,Medium
SEG103010,23.016111474857713,72.53478477309807,20,4.529983428824927,5,5.52414553406946,0,1,80,0,30.7,High
SEG103011,23.048911601792195,72.59347529587444,15,6.053182242795124,3,4.212304348811168,1,0,80,1,62.6,Medium
SEG103012,23.04191401615666,72.53035757631258,10,9.868489019306647,2,0.512244450546423,1,2,20,1,68.5,Medium
SEG103013,23.038400463459475,72.57667972637242,13,2.60686111014103,2,7.266918162980436,1,4,30,0,33.1,High
SEG103014,23.01532333289484,72.5458200052261,16,2.319527999115248,2,5.52364336393527,1,0,40,0,56.8,Medium
SEG103015,23.03899194854619,72.59289088034268,4,1.768872665129827,1,9.273398540017284,1,4,80,1,24.5,High
SEG103016,23.052148122648315,72.55480020729081,11,6.894442143081335,0,8.079499660296948,1,0,30,1,95.2,Low
SEG103017,23.005035790890382,72.53177342270715,17,4.490946374184077,0,5.711192120176916,0,3,30,0,56.3,Medium
SEG103018,23.017938945310195,72.53175082475157,2,3.8860634007427475,0,0.43059601450399,1,1,30,1,53.4,Medium
SEG103019,23.012906974600387,72.56596926916211,1,2.0409037414886866,1,7.5191860539919,1,1,80,0,40.1,High
SEG103020,23.021628757392037,72.59413627863704,3,8.911383774033384,1,5.4904420048233495,0,1,30,0,52.7,Medium
SEG103021,23.04082829601697,72.59368527977797,14,4.431730352223858,1,8.350315217288465,1,0,40,0,76.2,Low
SEG103022,23.026083341978396,72.5519227431988,5,6.07693311486329,3,5.777450191210315,0,0,20,1,58.5,Medium
SEG103023,23.03139018333661,72.56137573719728,10,1.125295782925284,2,0.020274794806225405,1,1,40,0,36.0,High
SEG103024,23.017278518844307,72.53652962737686,3,1.079722166849011,0,8.149121113391221,0,1,30,1,53.1,Medium
SEG103025,23.00777090968979,72.56394149563947,6,0.6735454166399579,1,7.9927385202747026,0,0,40,1,52.7,Medium
SEG103026,23.014681350691575,72.56898060393814,0,3.6734608083829356,1,0.9940265823563077,0,3,20,0,26.5,High
SEG103027,23.047282416568308,72.54631900826473,19,4.728866021919115,3,6.838234656247824,0,1,20,0,55.7,Medium
SEG103028,23.033132932918438,72.56978743833449,11,2.445781494492368,1,5.261006518371428,0,1,20,0,48.8,Medium
SEG103029,23.02078937702585,72.58848002886026,4,3.496775058773096,1,5.899170939658976,1,4,60,0,31.6,High
SEG103030,23.043444828995458,72.53006209667252,12,0.06260034023769734,2,8.893532611742494,0,1,50,0,42.8,High
SEG103031,23.00354515878502,72.54488069533002,22,3.510884652613948,2,2.495685306081872,1,2,30,1,40.2,High
SEG103032,23.013964009835732,72.54364477161606,19,1.1917133483084752,0,0.13159893493029262,0,2,30,1,44.3,High
SEG103033,23.012655673473155,72.5380526031972,21,1.2838447837388955,2,2.085621165937196,0,3,40,1,19.6,High
SEG103034,23.05419505091925,72.54079657882791,9,0.04506097560003308,0,9.151260352398507,0,0,20,0,59.6,Medium
SEG103035,23.038835422031603,72.57068431544874,8,6.963805660651069,2,2.114231549115174,0,1,60,1,52.1,Medium
SEG103036,23.03397822650137,72.53667513535979,7,9.31283774049384,2,6.745105980433998,0,0,30,0,88.4,Low
SEG103037,23.000274173091196,72.57800455458634,7,6.215455608521571,3,7.896856848214125,0,0,50,1,74.5,Low
SEG103038,23.010137050114942,72.5876564683863,22,0.9620205192790965,0,8.132102734522608,0,1,40,0,49.4,Medium
SEG103039,23.03495477111352,72.5902282020716,3,9.89649449392504,4,0.10437063304376548,0,0,60,1,44.3,High
SEG103040,23.020884562956493,72.57291142793078,20,9.755851708765134,0,0.0940241120304286,0,1,50,0,59.0,Medium
SEG103041,23.05083542110235,72.54283076669118,21,4.682345356574888,1,9.890101065035216,0,1,20,0,59.0,Medium
SEG103042,23.042059832052797,72.5355442774101,20,1.0786921840629593,1,5.274268002608454,0,1,30,1,51.7,Medium
SEG103043,23.024606124004226,72.54508162199745,15,7.207393096472044,2,0.6370335359514578,1,1,40,1,61.1,Medium
SEG103044,23.041223323764605,72.59252721707603,20,9.614682044834371,2,0.2680888042730989,1,0,20,0,65.2,Medium
SEG103045,23.05364723781044,72.5925524381138,0,7.786996041386926,4,8.107712285183476,1,1,30,0,60.5,Medium
SEG103046,23.02535394535858,72.55482472745469,19,6.24202854570981,2,9.049551215214183,1,2,80,0,45.2,Medium
SEG103047,23.03533892383387,72.55117645017134,12,6.108319023710771,2,5.24492498392763,0,2,30,1,63.1,Medium
SEG103048,23.05052655382837,72.56315068784684,23,9.779181142056288,2,3.717140686719693,0,2,50,1,54.9,Medium
SEG103049,23.01367710641199,72.54895972594538,2,0.7311933681976945,0,7.0235659024327965,1,2,30,0,56.3,Medium
SEG103050,23.048760685251644,72.59367805935761,22,1.4955601959062614,2,0.22388346867203368,1,0,20,0,34.7,High
SEG103051,23.005364958872516,72.5443793903516,13,8.308114447396811,2,8.989157691419846,0,2,20,0,68.1,Medium
SEG103052,23.03566464938232,72.55399427434187,2,1.45113080319759,5,2.560905009723602,0,1,20,1,21.6,High
SEG103053,23.04305609852807,72.5579091069205,12,3.8329648692902962,0,1.909087563933719,1,2,30,1,62.5,Medium
SEG103054,23.033803342058885,72.53812916150028,0,2.8149925605475037,2,3.107923580941491,0,1,80,1,27.3,High
SEG103055,23.02725441422839,72.55488361374006,1,2.4344471644039323,3,0.6372763572670614,1,2,40,0,14.3,High
SEG103056,23.03395409049591,72.58568749680663,12,0.25721951108426677,6,3.8956040770036635,0,1,30,0,23.6,High
SEG103057,23.00834150398287,72.53912346509469,19,5.6625126353481114,1,7.147478460578519,0,0,20,0,74.2,Low
SEG103058,23.01185638906816,72.5679614268037,2,4.01239520833461,3,4.982063612784536,0,0,80,0,26.5,High
SEG103059,23.014844463917598,72.5564314139739,6,5.515902126370112,1,6.679790329889732,1,3,30,1,57.1,Medium
SEG103060,23.03287786373465,72.54108488719764,9,3.0450820649750368,1,2.1377195643117264,0,1,30,1,65.2,Medium
SEG103061,23.024304559055977,72.5308018506892,12,9.414608550542626,3,3.9789044605461763,0,1,60,1,65.2,Medium
SEG103062,23.01344617133672,72.54776731472684,0,5.913471922415274,3,5.194813824939327,0,0,40,1,53.5,Medium
SEG103063,23.048554513267952,72.53401888244537,15,9.612070465322669,0,5.72558471714541,1,3,30,1,79.4,Low
SEG103064,23.020565701216128,72.55448995063429,11,3.5000595425865866,1,1.8639648396220032,0,0,50,0,53.6,Medium
SEG103065,23.024531744557645,72.58266364062045,23,0.022895373463220903,5,8.07669135146919,1,0,30,1,33.1,High
SEG103066,23.022533559210196,72.57677954195704,7,7.812655649624406,5,0.9021622089778203,1,1,40,0,46.4,Medium
SEG103067,23.010006862540223,72.59157994126062,11,8.273788545606422,3,0.9828725082923373,1,1,20,0,61.2,Medium
SEG103068,23.040239485848662,72.55775600212691,1,0.5870339720033602,1,2.4970072392873934,1,0,60,0,29.6,High
SEG103069,23.02466520442479,72.57600709090848,22,6.25369228462319,3,6.54273963708304,0,1,40,1,48.6,Medium
SEG103070,23.0008941410441,72.57324721193663,20,6.610178670401202,6,0.7708716281578543,1,1,20,0,39.0,High
SEG103071,23.053020753629788,72.54410800970528,8,1.457338670475653,3,0.07725597115764371,0,2,40,0,18.2,High
SEG103072,23.044866998637747,72.54973286284012,11,5.5252455285258115,3,4.721815755880822,0,2,30,0,43.8,High
SEG103073,23.03979576447505,72.56443891967085,20,2.4319888067994366,2,3.4665706362442616,0,0,60,0,35.4,High
SEG103074,23.047800052878518,72.58178272573538,7,0.16451703204516166,2,1.5674631421231178,0,2,30,1,38.3,High
SEG103075,23.049874398948305,72.5600178277401,5,8.669110903761178,2,6.559238707255362,0,1,30,1,70.7,Low
SEG103076,23.018561933851146,72.54480319985142,5,4.916951712264641,1,6.4143141463226785,1,1,50,0,48.2,Medium
SEG103077,23.033602727312918,72.59457526986823,16,7.816991009107111,1,1.2189286248064835,0,0,30,1,76.2,Low
SEG103078,23.03348442950631,72.53751262241299,5,7.228930322291087,3,2.298013381051983,1,0,30,1,56.1,Medium
SEG103079,23.014701481784584,72.59213277898694,2,9.93705261014529,2,3.6497931858036328,0,1,50,0,51.3,Medium
SEG103080,23.01220737382959,72.58258800874798,3,4.379534039011932,1,9.900399037621717,1,4,50,0,35.9,High
SEG103081,23.006264899015047,72.58452807875501,23,4.275506067571776,4,7.685905639884057,1,3,30,0,30.4,High
SEG103082,23.036262280775404,72.58166964290095,20,2.817555670511702,2,3.3716533680797123,1,1,40,0,52.0,Medium
SEG103083,23.04295054450669,72.5435311111848,22,6.251472134032147,3,9.654378220855813,0,0,40,1,56.6,Medium
SEG103084,23.041852413873436,72.57111785453068,6,4.861125005552842,1,4.549321093266137,1,0,60,1,65.4,Medium
SEG103085,23.017395145745173,72.5791887378093,10,7.287611221416688,2,3.803319411186189,0,1,50,0,53.2,Medium
SEG103086,23.011289291775586,72.57846957648661,11,3.5651169844142725,3,9.442857859054278,0,0,40,1,47.9,Medium
SEG103087,23.024948779815006,72.54765174908536,12,1.308447416093259,4,7.3617548170699765,1,0,50,0,49.8,Medium
SEG103088,23.03007474031323,72.54177276020464,0,8.624354521194542,5,5.47844262653223,1,0,30,0,56.6,Medium
SEG103089,23.05054979203827,72.55132799395444,14,8.280469419646847,2,6.006965578790155,0,2,40,0,61.9,Medium
SEG103090,23.048115273485074,72.56118989122453,0,3.510001871157442,2,9.728105171627746,0,4,50,0,33.6,High
SEG103091,23.0503832082216,72.56729574855913,6,6.903517175119992,2,1.529015499645131,1,0,40,0,60.9,Medium
SEG103092,23.046764431182478,72.58440177355074,7,4.924029062756118,1,3.471254736857703,0,2,40,0,58.0,Medium
SEG103093,23.053051966244,72.5799872248008,16,7.609720971311002,1,4.210163710448123,1,1,30,0,67.9,Medium
SEG103094,23.025602499844297,72.57394978416832,21,3.901323686645124,4,9.846993829516348,1,1,40,1,49.7,Medium
SEG103095,23.00261104235882,72.54712680404128,16,5.356392353912296,4,0.8419409026345293,1,0,40,1,51.3,Medium
SEG103096,23.004595911768167,72.56112723243078,10,0.5781610406474724,1,1.1165112708258496,0,1,60,1,38.1,High
SEG103097,23.021465187797478,72.55180333181832,12,1.7490998158808135,2,4.353703413140745,0,0,20,0,50.6,Medium
SEG103098,23.014172790020016,72.54527033167078,12,7.81765607775103,2,1.69243654684748,0,1,60,0,50.2,Medium
SEG103099,23.009346732524858,72.53066594842493,3,3.8156548217287742,2,6.848301606412988,1,1,20,0,48.6,Medium
SEG103100,23.052426207597975,72.5520650280871,22,0.35105424229590176,2,3.6067753231570254,1,1,50,1,31.3,High
SEG103101,23.010748077362585,72.54664755740146,22,1.6763628571194666,3,8.462074645612848,1,0,40,0,35.0,High
SEG103102,23.052765859977338,72.56717365125284,5,4.115980320856146,1,7.486105492831542,1,2,40,1,58.3,Medium
SEG103103,23.041846136217668,72.53404961506844,2,7.179131070167719,3,4.708067945986484,1,1,60,0,39.8,High
SEG103104,23.035252011966886,72.54758377378616,3,3.6348504180723094,2,8.449793915603385,0,0,40,1,53.0,Medium
SEG103105,23.037181042804917,72.53291001684924,15,7.45185754378869,1,1.0081884498155602,1,1,20,0,61.3,Medium
SEG103106,23.01823108780125,72.57169216379337,0,8.580605872950834,1,5.810990045952281,1,3,40,0,56.4,Medium
SEG103107,23.035553487093207,72.56693232130696,2,3.411366142057126,1,6.0513296680981306,1,3,40,0,35.8,High
SEG103108,23.01026806650547,72.55193620149984,15,8.003755708544254,3,2.460211138297973,1,1,50,1,49.2,Medium
SEG103109,23.05157379878948,72.53957674902831,3,1.2688066593018954,2,0.4962132649027873,0,0,30,0,29.3,High
SEG103110,23.016598633697832,72.59226478912997,1,4.1528352507165955,0,5.35198962463447,0,0,20,1,59.5,Medium
SEG103111,23.014035258176143,72.56798550908026,0,0.9756239628159258,2,5.136770495598508,0,0,30,0,37.1,High
SEG103112,23.039113953900678,72.57414236882718,16,0.5252798879477572,2,6.536117593504925,1,0,40,0,59.1,Medium
SEG103113,23.03610467949364,72.56453766896252,8,0.645273774854469,3,2.1292874092703453,1,0,40,1,41.2,High
SEG103114,23.02482144050888,72.58242466109701,6,1.0475202708163645,0,1.7964336175640183,0,1,60,1,44.3,High
SEG103115,23.034784542907992,72.58826470322063,15,8.357259234163987,3,9.779158893556854,1,2,30,0,68.2,Medium
SEG103116,23.008772118946847,72.55487618533385,4,5.4367712363369005,1,1.1368849528457503,1,0,40,1,60.2,Medium
SEG103117,23.037033056907106,72.57485164529498,12,9.473881877770108,2,9.994085860213124,1,0,80,1,86.8,Low
SEG103118,23.014883588235737,72.54494268649552,11,5.380003013125135,4,7.199767741524204,1,1,30,1,63.4,Medium
SEG103119,23.015005978717205,72.57237057806553,16,6.287113323103868,0,6.293222383102637,0,1,40,1,68.0,Medium
SEG103120,23.008919896421908,72.55594511594848,14,1.8448396114049304,2,3.397834954859773,0,1,80,0,36.3,High
SEG103121,23.018280742426988,72.53044080396108,16,5.405810206337084,2,8.678031028851876,0,2,30,0,63.7,Medium
SEG103122,23.018218808317123,72.59210931144747,5,3.853025488033268,3,9.100616122902087,1,0,40,0,50.2,Medium
SEG103123,23.024979845643625,72.58644870046001,3,9.314353421403702,3,7.218839999938028,1,4,30,0,47.1,Medium
SEG103124,23.01047307275665,72.5489043757725,12,9.33921215781792,3,7.09888579177671,0,1,20,1,78.6,Low
SEG103125,23.010615414488733,72.59485422542514,1,1.98498612502241,3,4.9315463284145284,1,2,50,0,37.4,High
SEG103126,23.029795621441476,72.55061329884617,10,6.201308639383659,1,0.7783486536056072,1,2,30,1,61.8,Medium
SEG103127,23.007088257256875,72.55982487211983,15,6.38175802970978,1,9.990290440445976,0,2,60,1,68.6,Medium
SEG103128,23.037889335439385,72.58533183670134,19,5.625350794580179,1,0.15555381228009368,1,0,40,0,59.9,Medium
SEG103129,23.051917091922444,72.54979876283632,15,1.243297079951493,1,4.9539739938567315,1,0,30,1,64.6,Medium
SEG103130,23.02347375919154,72.55928511848519,23,6.540153188408619,0,3.6713431268785977,0,0,30,1,68.5,Medium
SEG103131,23.049560792223286,72.57326316586301,13,7.9908528492420015,1,7.76132358690223,1,2,60,0,65.1,Medium
SEG103132,23.00540741251192,72.5384803910602,10,3.452260338531301,3,7.35780363808613,0,1,30,1,61.2,Medium
SEG103133,23.00236266950566,72.55745277396497,5,5.145517019441572,0,6.280497074703888,1,1,30,0,54.0,Medium
SEG103134,23.03967528826326,72.55011164592851,16,1.163279463492779,3,0.7473854262237289,1,1,30,1,44.5,High
SEG103135,23.041856186513982,72.57399032988121,19,9.306887114870277,1,2.3684944774097727,1,3,40,0,64.9,Medium
SEG103136,23.046368203253117,72.53883801035393,7,1.0953785317232,1,0.9415842983140399,1,2,30,0,43.9,High
SEG103137,23.003124972311998,72.54512754614156,1,2.0837710666824707,1,9.789763617159522,0,1,60,1,50.1,Medium
SEG103138,23.042729888022624,72.57623945324391,0,2.9847847580003495,1,1.2778289578864277,1,1,20,1,48.7,Medium
SEG103139,23.020709630303813,72.54015458403207,15,8.257902391820219,2,9.671927243174235,0,2,30,1,73.1,Low
SEG103140,23.01668356979752,72.55743125204559,15,7.0065592050235495,5,1.127121724430784,0,2,40,0,26.4,High
SEG103141,23.00951631567388,72.57633724693602,2,0.0701443800310253,1,8.6223034412311,0,2,30,0,36.9,High
SEG103142,23.05478086653064,72.57975544498795,0,1.8356154715941053,3,5.746301747778094,1,0,50,0,39.0,High
SEG103143,23.003501497412536,72.53616727661365,15,7.501511791919018,2,8.31725658603067,0,0,60,0,74.4,Low
SEG103144,23.04548544080344,72.58537971461226,9,4.0383449100081235,3,6.34033958232348,0,4,40,0,31.9,High
SEG103145,23.03517219395198,72.57705819957344,10,0.2621353246725999,2,7.688371671051085,0,2,60,1,41.5,High
SEG103146,23.040429424434404,72.55205414826507,6,9.639168783200248,2,7.308116004642437,0,0,50,1,82.4,Low
SEG103147,23.0391444415957,72.57964718540147,17,1.5123291294056207,0,2.6018697688922474,1,2,30,1,57.1,Medium
SEG103148,23.047213896679025,72.57733942624714,17,5.104666400468276,2,9.350482925037095,0,2,20,1,71.6,Low
SEG103149,23.010108563842085,72.56905792972304,1,2.483160976448434,3,6.4364610422465764,1,0,40,0,39.3,High
SEG103150,23.00004535392591,72.56630127627137,2,7.374693202253596,2,2.0208411857530173,1,1,80,0,43.6,High
SEG103151,23.032919066897378,72.57775572677848,13,7.767260990472881,0,3.060420302873389,0,0,60,1,72.1,Low
SEG103152,23.019462225162783,72.59495189361085,14,3.9722040352489305,1,5.330510071855157,1,3,40,1,58.9,Medium
SEG103153,23.006808303211443,72.56760589620554,3,6.5844962145903185,3,8.818267344941543,0,3,20,1,55.5,Medium
SEG103154,23.010237631475732,72.58256666166454,3,9.090735845464854,4,7.967531199960444,0,1,50,0,38.8,High
SEG103155,23.018246212185257,72.57837779162551,16,8.148091184926063,0,3.0204800671000087,1,0,50,0,83.2,Low
SEG103156,23.00386283539877,72.5856275461322,10,4.148977176449147,3,6.884863122740802,1,1,60,0,52.0,Medium
SEG103157,23.003130226117065,72.59204411598996,2,4.414760538966379,2,0.01656830075574267,1,0,50,0,34.0,High
SEG103158,23.050381444015784,72.54255040848496,14,8.868782740270206,5,3.326410474909488,1,1,20,1,60.7,Medium
SEG103159,23.01716565121445,72.54075487636568,1,0.3437280042634294,2,8.395952241668233,1,0,40,0,41.3,High
SEG103160,23.054022688361048,72.56811286884697,5,0.22811572313826356,1,1.512011979058151,0,3,40,0,15.5,High
SEG103161,23.053040185458173,72.55920417908763,17,2.0579534156502213,0,3.5339526382156206,0,2,40,0,39.8,High
SEG103162,23.007841420527992,72.56709697503975,5,8.276216446853436,3,0.01043317070859695,0,0,40,0,47.4,Medium
SEG103163,23.03932083665929,72.58187277774155,1,1.5321318761720082,3,0.23132726206297027,0,1,60,0,15.6,High
SEG103164,23.03304426890199,72.5905614412032,23,2.852792849483526,2,1.4601899100266524,1,0,50,1,42.9,High
SEG103165,23.037985589020785,72.55713202863791,5,6.290686901401758,2,1.0186305529855477,1,0,20,1,46.9,Medium
SEG103166,23.005290505000797,72.57666562196033,12,1.8424281006138077,1,4.897293437319945,0,1,30,1,48.7,Medium
SEG103167,23.0103708043249,72.5427919472097,19,3.0311634124357347,5,9.000043660908812,0,2,30,1,44.0,High
SEG103168,23.004215126379798,72.56474587670805,23,4.669127271231922,1,0.8464170640283919,1,1,50,0,39.7,High
SEG103169,23.033227381286938,72.53141731055574,19,2.2810928376793815,1,8.69836869516342,1,3,40,1,62.7,Medium
SEG103170,23.0542625091717,72.56274378686365,8,9.924136839779331,3,6.681578383234967,0,2,40,1,52.4,Medium
SEG103171,23.036959149571185,72.56544686984316,20,1.6344601732126784,4,1.6889487542835746,0,1,40,1,28.3,High
SEG103172,23.039091884426206,72.5778039468256,0,8.49937104920253,1,2.897364942035021,0,1,50,0,54.1,Medium
SEG103173,23.05415217728488,72.57221651136345,7,4.700998314987191,1,1.9418348255588735,0,3,20,1,46.7,Medium
SEG103174,23.037290635479447,72.55329578772988,4,1.2912367972018846,4,7.892984567555943,0,0,40,0,30.9,High
SEG103175,23.002209986494567,72.53037250854635,12,1.184861571625806,2,7.251003562718127,1,2,50,1,42.4,High
SEG103176,23.04768530804711,72.5375065817855,21,5.002960560508553,3,3.0440934632766705,0,0,30,0,45.5,Medium
SEG103177,23.020057305970834,72.59324894247864,18,3.535201714692102,2,0.5433432959455675,1,3,30,1,38.9,High
SEG103178,23.00023999918331,72.58995165529049,23,2.346022991129937,0,1.6874075997246774,1,0,50,1,55.2,Medium
SEG103179,23.027897879765845,72.55113105560028,3,9.589391371657488,5,6.298763613261843,0,1,30,1,59.0,Medium
SEG103180,23.051535825048195,72.54682544109505,18,4.633797406331909,2,0.9037280641180334,0,1,40,0,50.0,Medium
SEG103181,23.014153187795724,72.55836705908985,17,9.288109813723276,3,5.364655008424108,1,1,60,0,64.5,Medium
SEG103182,23.027033224517908,72.57484610192479,10,1.6399972606481883,4,6.129290121755426,0,2,20,0,33.0,High
SEG103183,23.00955772882803,72.55319379872277,2,1.8346606723001224,2,6.877536084678802,1,1,60,1,40.4,High
SEG103184,23.003173096941655,72.53437410010253,2,5.960276909424516,2,1.2535574501558233,0,3,30,1,42.0,High
SEG103185,23.00442997206922,72.55618168100888,21,2.6987564261682264,1,4.597058808597849,1,1,40,1,48.2,Medium
SEG103186,23.039985599827876,72.5469382846413,7,1.8493785561126042,3,4.6339662192297375,1,2,30,1,51.5,Medium
SEG103187,23.047524095890818,72.55112045072873,15,0.9468538541331106,1,8.352825969680435,1,0,50,0,65.1,Medium
SEG103188,23.007881436158886,72.54059222097618,22,0.7627067030716383,1,4.687170097023414,0,2,80,0,17.0,High
SEG103189,23.015857521229577,72.57282460451397,11,7.531683854134263,4,4.067957604099625,1,1,30,1,61.8,Medium
SEG103190,23.010726620720465,72.56423101066093,5,2.821631463698165,2,1.2346044905060405,1,0,60,1,45.1,Medium
SEG103191,23.001477067730953,72.5476061026242,11,9.78419153307635,1,6.944643511208031,1,0,50,0,86.3,Low
SEG103192,23.030438725343785,72.56600106128491,5,1.831211274791248,0,6.197894813465856,1,1,80,1,44.4,High
SEG103193,23.03849571935757,72.56202601006586,4,3.544466500238479,1,7.169498503808445,1,1,50,0,46.4,Medium
SEG103194,23.03563326144868,72.58173836567678,19,3.7490861948233345,6,6.562832549671817,0,0,50,1,45.3,Medium
SEG103195,23.021342945101622,72.59213897750712,8,5.001527927368299,3,8.752838277168612,1,1,60,1,61.7,Medium
SEG103196,23.030525563526695,72.5384935830836,16,8.706358689794534,2,8.77346106273028,1,5,50,1,62.9,Medium
SEG103197,23.005175461864994,72.58745437612902,17,8.347702099641873,2,3.076832576878654,1,0,60,0,79.5,Low
SEG103198,23.008486704529748,72.57581180098852,13,0.09956330863795326,2,1.8241205908695113,1,1,30,1,47.4,Medium
SEG103199,23.051248704075412,72.57501598044436,12,4.092550669582627,3,9.264775012975566,1,1,30,1,77.7,Low
SEG103200,23.041882926130093,72.55432955831427,4,8.279367310405819,3,7.130399055829379,1,3,40,0,43.0,High
SEG103201,23.050750650270384,72.55235403270522,12,0.001978078267101946,1,9.709774002148238,0,2,30,0,53.3,Medium
SEG103202,23.050417415647466,72.53036656651346,18,5.336395722182439,4,4.969557036007429,1,0,40,0,63.2,Medium
SEG103203,23.035716593940926,72.59384331685142,4,2.594756213332019,3,9.622433565929096,0,1,60,0,42.9,High
SEG103204,23.05105312564617,72.56942287910425,5,4.127685492421006,2,1.227187939033837,1,1,40,0,43.0,High
SEG103205,23.022918725669534,72.55615136055505,16,4.20304699878808,2,5.903645620131676,1,1,60,1,60.2,Medium
SEG103206,23.00019889346317,72.565344973423,23,3.917544407175144,3,4.967353054662283,0,2,30,1,39.6,High
SEG103207,23.00344141137154,72.53263425721626,9,8.91950122211263,3,0.026449214853327963,1,2,30,1,52.2,Medium
SEG103208,23.006021802913544,72.54128731209396,19,5.364636089695346,3,1.928987146789487,0,2,30,1,52.9,Medium
SEG103209,23.005244439925058,72.57051839512262,4,9.037467238279847,1,1.5347215122333457,0,2,80,0,32.2,High
SEG103210,23.019343631496763,72.56342701242943,13,7.26742407321351,1,0.6080928846155387,0,3,40,0,50.4,Medium
SEG103211,23.038569894391014,72.5811598634903,22,3.5112007097400566,2,9.481490755780426,1,1,60,0,54.1,Medium
SEG103212,23.043485684363027,72.57281827487894,10,4.935636815489549,1,9.653671847711582,1,3,30,1,75.2,Low
SEG103213,23.032461730088954,72.56909331893866,12,3.898585382052917,1,8.917499966067187,0,0,30,0,81.1,Low
SEG103214,23.008053989600633,72.58299227077984,3,8.285742782003215,1,9.88880871473918,1,2,50,1,75.4,Low
SEG103215,23.04113458811815,72.53443710186087,12,1.875978119709637,1,8.306642173676764,0,3,40,0,38.3,High
SEG103216,23.019514105552567,72.57490764176804,14,9.364122822615515,2,9.321810701016938,0,2,40,1,78.5,Low
SEG103217,23.000714634176948,72.57651339636378,23,5.804244942519161,3,1.9763112953357265,1,1,40,0,29.3,High
SEG103218,23.0154323741293,72.5478856307292,4,6.11757953968084,2,2.5688385934068036,0,1,40,1,44.0,High
SEG103219,23.018183030477754,72.54271722637168,8,5.168014002519713,1,8.620660991971365,1,0,60,0,71.9,Low
SEG103220,23.015083504436994,72.54390041090464,15,5.544964770449176,0,4.794637289626071,0,2,30,0,63.4,Medium
SEG103221,23.044652858425316,72.54287915612308,22,6.676754164228271,0,7.169724272834445,1,1,20,1,71.2,Low
SEG103222,23.041795951867673,72.56404584240873,5,6.550352551008597,3,5.619090919649235,1,3,20,0,38.0,High
SEG103223,23.038255361672697,72.53881571023878,16,2.1414708886996427,0,3.056387401023828,1,1,40,0,58.2,Medium
SEG103224,23.007645279318176,72.57285358099226,21,5.82440160873074,3,2.8483484779205726,1,0,50,1,55.1,Medium
SEG103225,23.044430865033846,72.53683008683167,15,3.546264406884425,1,7.4817960159409855,1,2,50,1,62.6,Medium
SEG103226,23.037244677891483,72.53174782662016,10,6.370303058028788,1,5.320951130292901,1,2,80,1,71.9,Low
SEG103227,23.010716072756477,72.55075386575898,5,5.478345802679188,1,3.5938568062279885,1,3,40,0,37.6,High
SEG103228,23.035645166165484,72.54247088204265,6,1.7967993371249258,5,6.170396985239664,1,1,40,0,42.4,High
SEG103229,23.0265931402552,72.59426303360165,1,7.347339175390361,4,4.1993758459039245,1,2,40,1,45.0,Medium
SEG103230,23.02416425340209,72.54969475954012,3,4.570134474794902,5,4.750748432474201,1,2,60,1,25.9,High
SEG103231,23.00616677399098,72.54443416559165,10,5.51441552286137,2,6.779097013480754,0,2,20,0,64.0,Medium
SEG103232,23.028506735171483,72.54279003852744,3,6.726428649248129,3,4.579652019706495,1,0,40,1,53.3,Medium
SEG103233,23.00549624949348,72.55430043881223,0,6.52871773917137,1,9.499406128577494,0,1,40,0,50.1,Medium
SEG103234,23.009033936298984,72.56938017819655,16,7.489288200900446,0,4.851926333121895,0,0,80,1,71.5,Low
SEG103235,23.00729004728511,72.580826442878,1,2.0675172864311744,2,9.618228205224455,0,0,30,0,49.1,Medium
SEG103236,23.05247595534885,72.5536974561033,3,1.1039123373735693,1,8.47688154677447,1,5,20,0,35.3,High
SEG103237,23.015667557974414,72.57068811370279,14,6.691795746743444,1,8.90927361817337,0,1,40,1,70.4,Low
SEG103238,23.01953623779778,72.56133389338817,22,2.3598494666568213,1,7.632753297704018,0,2,40,1,46.0,Medium
SEG103239,23.01771443334628,72.58502219750648,17,1.1460486854982666,8,6.045256409640548,0,1,30,1,26.3,High
SEG103240,23.049403774484798,72.5669877155153,0,1.31237492809408,2,5.326676608744666,0,0,40,0,38.3,High
SEG103241,23.030963125123417,72.54884295867214,4,3.1280012389951404,5,5.516551209349229,0,1,40,1,33.7,High
SEG103242,23.05055379444133,72.57573317171659,17,9.917870480492452,1,2.0145474127643004,0,2,30,1,67.6,Medium
SEG103243,23.016495869820535,72.5833041917215,17,1.57260326687085,0,2.1439487288964587,0,1,40,0,46.2,Medium
SEG103244,23.006315907093757,72.56025364268966,9,2.985365622984678,1,0.3416182824474967,1,1,30,1,57.0,Medium
SEG103245,23.03059201489983,72.59416782052735,22,9.20734151882143,3,7.455603024785848,1,1,50,1,63.5,Medium
SEG103246,23.01900453454845,72.58714129714744,21,9.633080631408026,4,1.2486350596333085,0,0,30,0,38.9,High
SEG103247,23.04410487584199,72.54280205352826,17,2.28843361151518,3,5.8214913132689405,0,1,40,0,40.6,High
SEG103248,23.048368287490142,72.58113913169015,17,8.804526970506576,2,1.3792309845655348,1,1,40,1,66.7,Medium
SEG103249,23.025991543099888,72.56906183088273,18,1.3891794452301365,2,0.6654673145358425,0,2,30,1,31.8,High
SEG103250,23.0534247463247,72.56476273435752,3,7.615364113005157,3,5.335943685477264,1,2,50,0,42.5,High
SEG103251,23.03041571534894,72.56340600812767,16,0.13008160647371536,1,8.73095892789202,0,1,40,0,52.5,Medium
SEG103252,23.014900621636247,72.58547172428085,22,4.0661962924096,3,3.560144351034059,1,2,30,0,32.2,High
SEG103253,23.026893653343937,72.56970673127873,5,2.473352067173882,1,9.192275088126552,0,1,60,1,52.9,Medium
SEG103254,23.00205206608216,72.5649508890285,0,7.040080141591227,1,0.10307138170548069,1,1,60,0,47.7,Medium
SEG103255,23.044220063814468,72.53317589393927,8,0.16056131355184688,4,4.657390083730679,1,1,50,1,26.3,High
SEG103256,23.005578927796993,72.55913968653431,6,4.64901706051533,2,1.4676444108525577,1,3,40,0,32.5,High
SEG103257,23.016981166867666,72.58902270153295,22,6.967290247449353,7,3.157804886681731,1,0,40,0,20.3,High
SEG103258,23.03109241008527,72.5762628874074,10,0.4670487325018291,4,0.23731728199730018,0,1,30,0,21.1,High
SEG103259,23.00236363191058,72.53331200857365,15,8.974001821299723,4,0.3534748720199754,1,2,30,0,47.0,Medium
SEG103260,23.00436242945498,72.58745949833981,23,3.6119740739644888,2,7.1281368701095005,1,0,40,0,54.3,Medium
SEG103261,23.038286399668717,72.5837333693895,18,1.6526583224224256,3,6.545400775318621,1,1,50,1,55.6,Medium
SEG103262,23.003947740118342,72.56553447375202,17,2.254644960304608,3,2.0833545131116784,1,1,40,1,45.1,Medium
SEG103263,23.026239557643606,72.53145635523686,23,3.389059287804632,2,9.01148977458017,1,2,60,1,44.0,High
SEG103264,23.01862825983814,72.56655792517219,16,1.9837510182229212,2,6.879769360319869,0,2,30,0,45.1,Medium
SEG103265,23.012544367437602,72.53354828824521,5,5.105787539152029,3,3.3617310023172053,1,1,30,1,44.2,High
SEG103266,23.0103828393825,72.55082463237643,17,6.3293173649935595,3,4.0765317871211515,0,0,40,1,54.1,Medium
SEG103267,23.041987621155293,72.57087912522867,7,4.3343010888332465,0,2.925557969315192,0,0,50,1,69.2,Medium
SEG103268,23.052334820623265,72.58933935045233,7,4.270321498951223,4,8.305982117038992,1,2,20,1,61.2,Medium
SEG103269,23.007709885821182,72.55325671642187,15,7.816995193687025,0,4.939599342979319,0,1,30,0,80.1,Low
SEG103270,23.052782467054577,72.58590154588742,7,3.0101671295788512,3,1.3530758805525323,0,0,50,0,32.3,High
SEG103271,23.03271193769113,72.58969346567604,0,6.2276883390724205,3,2.01713745617789,1,2,40,1,31.5,High
SEG103272,23.035291322294977,72.53136785222972,23,8.929215850434725,2,2.9657907338768927,1,0,30,0,57.6,Medium
SEG103273,23.039045950797842,72.54556280945391,13,2.2151436509601217,2,4.031531746276798,1,0,50,0,54.5,Medium
SEG103274,23.038726538969502,72.57614104944979,16,6.199007300244572,2,5.926399017592025,0,1,60,1,64.4,Medium
SEG103275,23.045089610950214,72.57919479780017,19,9.479717800547842,0,9.64164980157036,1,1,40,1,98.6,Low
SEG103276,23.026590775824122,72.5555070952641,15,5.2979525495545445,2,2.6192864377240466,0,3,50,0,36.9,High
SEG103277,23.02933472231331,72.57268904983023,14,9.768977236971303,2,3.28403565707577,0,0,30,0,75.8,Low
SEG103278,23.017810485135488,72.56979031012854,19,3.1004604418479644,4,0.23952000496322956,0,1,40,1,31.0,High
SEG103279,23.005789167658072,72.57808537250406,7,5.642938926661981,0,3.725519550486797,1,1,30,0,74.9,Low
SEG103280,23.036555210500943,72.57671279780344,19,3.1103575120095286,0,6.750774662346926,1,2,80,0,63.1,Medium
SEG103281,23.001848548305244,72.53558160186938,17,0.03719425067400639,2,9.630612112504998,1,0,30,1,62.0,Medium
SEG103282,23.015159927809584,72.54028626176111,4,9.973081004456583,6,7.401895288534429,1,1,60,0,44.4,High
SEG103283,23.005182642544536,72.53862726457186,3,2.400600680372765,2,1.1799651266278077,1,0,40,0,29.8,High
SEG103284,23.01048999365275,72.59061120453978,21,9.731019852367316,2,8.900386022676331,0,0,40,0,64.9,Medium
SEG103285,23.035130200209355,72.58938027214295,21,6.530328266471271,2,8.386791288805627,1,1,40,0,61.5,Medium
SEG103286,23.03456621466127,72.5818317975238,23,9.039336089485726,1,1.8902244395724155,1,0,30,0,56.3,Medium
SEG103287,23.023158020214765,72.53758670644393,2,9.67202747053633,2,9.343428764847157,0,0,30,1,73.7,Low
SEG103288,23.00495945870692,72.56732764554478,21,5.67829206341983,3,7.140990444752396,0,1,30,0,51.0,Medium
SEG103289,23.023835565405268,72.54216999069584,20,9.996913443012582,2,7.828173390829324,0,2,50,1,73.3,Low
SEG103290,23.019400967952205,72.55394495594132,18,7.673299092753699,1,4.591396641676112,1,2,50,1,72.5,Low
SEG103291,23.039625253407078,72.54736093298143,11,5.238145560935735,2,2.0068369109666904,0,1,80,1,38.2,High
SEG103292,23.031846463450947,72.58388051379669,12,6.5494328419088585,1,7.991052145387682,1,0,20,0,85.1,Low
SEG103293,23.027036117203536,72.53938934096875,10,1.9427135732659928,2,4.774427447746456,0,3,50,1,45.3,Medium
SEG103294,23.026784014526775,72.57200164595966,0,0.11032621440349888,4,9.674303460867035,1,1,30,0,32.8,High
SEG103295,23.053146328799322,72.59395315314545,12,2.567893476071421,0,1.5333451907836004,1,0,40,1,61.6,Medium
SEG103296,23.04159618219369,72.57465854791148,5,4.349708617199069,3,3.5540351392619707,0,1,30,0,36.8,High
SEG103297,23.027333875825306,72.53515017678545,4,2.28052586861754,2,7.355470488013235,0,0,60,0,35.5,High
SEG103298,23.026357243708894,72.58901021762756,1,5.14035897986198,3,5.722816165052852,1,2,40,1,48.1,Medium
SEG103299,23.00145635057177,72.57180017904982,10,6.579441422246664,5,4.332750737411629,0,3,40,0,23.3,High
SEG103300,23.05183800948259,72.55966021367433,1,6.557938491000376,5,7.016105371732275,1,2,30,0,27.5,High
SEG103301,23.017554568447203,72.57288001110517,20,8.937644305331284,1,7.333510618875119,0,1,40,0,76.5,Low
SEG103302,23.01407664950344,72.58713788148071,21,9.663190964832097,2,5.77299013160008,0,1,20,0,56.3,Medium
SEG103303,23.05496749089632,72.5610132698145,19,8.906950133598885,1,3.1910339841901902,1,0,50,0,72.4,Low
SEG103304,23.03952793193275,72.5645358963828,7,6.201749593469261,2,6.187594539620703,0,2,40,1,63.6,Medium
SEG103305,23.00260500753146,72.55940908094917,3,2.0576415459112907,1,5.452425005217921,0,5,20,0,23.3,High
SEG103306,23.003403701236408,72.53471844271104,12,9.434511591699268,4,7.976560012015012,0,1,20,1,67.2,Medium
SEG103307,23.00140258601781,72.58115955825028,16,1.7486039476730653,0,6.534578452941441,0,3,30,0,49.7,Medium
SEG103308,23.032979039473208,72.53821676333672,0,1.5142738251046517,2,4.967717474821157,0,0,40,0,35.0,High
SEG103309,23.00393604750341,72.55564705066874,20,3.17569327905435,4,0.18704705221263107,1,1,30,0,38.5,High
SEG103310,23.05133635962647,72.5551434849645,10,5.736055613382883,2,1.6694031886839755,0,2,30,1,49.8,Medium
SEG103311,23.051529859701247,72.54820265148564,19,6.814726319858043,4,3.365942922527255,0,0,20,0,48.3,Medium
SEG103312,23.030032973671144,72.55616296318314,1,0.13292677345635995,0,6.013786256000327,1,0,30,0,48.1,Medium
SEG103313,23.033915141226778,72.57017059217486,10,7.780222717197502,1,7.923587519466777,1,1,40,0,66.7,Medium
SEG103314,23.01605419208389,72.5502401752935,10,1.7501954908724215,2,9.599541179271593,0,2,50,0,47.3,Medium
SEG103315,23.003518489832455,72.54121327595038,1,2.9648485151302117,2,5.998053941540261,0,2,30,0,36.1,High
SEG103316,23.04056032448555,72.58650888818298,16,3.220867257956516,3,7.28843995381312,1,4,40,0,34.7,High
SEG103317,23.005598229381196,72.59310412224072,22,3.324459988987425,2,6.214412049633365,1,2,40,1,44.1,High
SEG103318,23.004705670256012,72.55980794855196,12,7.603676022094713,0,4.302777227200989,1,1,30,1,76.9,Low
SEG103319,23.01711727100623,72.5512562813024,9,0.40944362202179563,5,6.096766866778845,1,0,80,1,43.4,High
SEG103320,23.000685611291082,72.53308633505559,15,1.9651781839231952,3,4.006729743748662,1,0,50,1,45.8,Medium
SEG103321,23.023871958866597,72.53239535013965,8,0.2231923115244816,2,4.536393878301567,0,0,40,1,47.1,Medium
SEG103322,23.038922450054404,72.55553732971696,8,7.782994567117663,2,9.110038882574209,0,1,40,1,69.4,Medium
SEG103323,23.044074191228205,72.59046573118957,18,9.837223383651235,2,5.638596620282463,1,2,40,1,76.1,Low
SEG103324,23.03323690170894,72.5774960553211,14,6.595471592665643,3,1.0041094391261407,1,0,30,1,68.7,Medium
SEG103325,23.046578081171265,72.5527025122266,6,5.901391809188112,2,5.237656745267855,0,0,20,0,55.8,Medium
SEG103326,23.022357621207192,72.59292301763683,9,9.080662133885028,1,9.532602148983514,0,1,60,1,84.5,Low
SEG103327,23.046682464678327,72.55786926371162,20,2.549539863634828,2,1.0004286825919728,0,0,60,1,52.0,Medium
SEG103328,23.02785603207741,72.54799152835835,12,0.6646230513800522,0,9.711873081218005,0,0,80,1,63.0,Medium
SEG103329,23.012266987039908,72.55771296090708,1,5.099699049722157,2,9.876403503981413,1,0,40,0,60.7,Medium
SEG103330,23.051928010566325,72.54375030975395,20,2.6034870317382874,1,5.607131662641392,1,2,60,1,53.5,Medium
SEG103331,23.015123398061043,72.58756652006305,17,4.51081614680902,2,3.324387294612199,1,1,50,0,49.6,Medium
SEG103332,23.00144108163033,72.55347626517715,6,4.5629985058180935,1,0.08634673837892848,1,4,40,1,50.2,Medium
SEG103333,23.013347072362528,72.57276798269213,23,3.1883182406806942,2,0.15505009487129295,0,0,60,1,36.1,High
SEG103334,23.020167815869158,72.55528806792377,22,4.863245815830535,0,3.880954014612751,0,1,80,1,49.1,Medium
SEG103335,23.01932423258091,72.58861254216765,23,3.8015188054990166,2,7.830717939354036,1,1,40,1,65.9,Medium
SEG103336,23.028856713019398,72.57175474886152,9,1.1305933678187674,1,9.423735225320613,0,1,50,0,60.8,Medium
SEG103337,23.048571978511976,72.56173637286828,22,8.6672570740578,1,1.5477830512061974,0,1,50,0,46.8,Medium
SEG103338,23.016078602491035,72.53858929299679,19,7.01273714430226,2,4.877526053857767,1,0,40,1,75.9,Low
SEG103339,23.028642383437756,72.58862458308539,20,0.41308864999840544,3,5.017256346832102,0,1,40,0,47.1,Medium
SEG103340,23.018707642452867,72.56554309643766,13,1.1578642527130634,2,3.803033753956985,1,4,30,0,27.1,High
SEG103341,23.045197518265525,72.54852844324249,6,0.9651447071202401,0,5.3995606628347765,0,2,80,1,41.9,High
SEG103342,23.008668083230866,72.58706524796808,5,0.6174354700882767,2,9.250222318078986,0,1,20,1,41.6,High
SEG103343,23.005693064757054,72.53353862778064,23,0.5905677584054769,3,4.385291505173182,1,3,30,1,15.3,High
SEG103344,23.027664738928067,72.55041499962643,12,1.571123329362003,2,1.377797280913735,0,1,30,1,37.8,High
SEG103345,23.036953817217103,72.56489384607814,22,8.478694085299281,3,6.654495674566734,1,2,30,0,49.3,Medium
SEG103346,23.043753886059992,72.55208793184282,13,8.282332961981759,7,0.31374524533401615,1,0,30,0,40.9,High
SEG103347,23.032429366909792,72.56098772659962,12,7.831464752783852,2,9.40115264491655,1,0,20,0,90.2,Low
SEG103348,23.042561736872546,72.54718055640151,1,6.1470650653857275,0,9.398876560903238,0,2,60,1,59.1,Medium
SEG103349,23.02159905322085,72.53845540091064,9,7.234935532136345,1,0.9214260358293058,1,2,40,0,61.3,Medium
SEG103350,23.001807721864655,72.5323955190101,13,7.384812108403062,2,5.508868458403816,0,3,80,0,43.5,High
SEG103351,23.006385461934585,72.54024702671929,2,8.893128703076673,3,7.973903684125478,1,1,60,0,58.1,Medium
SEG103352,23.002129743067595,72.5919415234116,3,7.323430296357656,2,4.645784797460188,0,0,40,1,56.7,Medium
SEG103353,23.018091900776206,72.56740120366689,14,7.364593080209655,3,4.787716345509228,0,0,30,0,72.9,Low
SEG103354,23.027252023769776,72.56178240814306,5,8.040811727134837,2,9.702000035056308,1,0,30,0,72.3,Low
SEG103355,23.01959746160113,72.55498104955487,16,5.5635485592763185,4,2.30508092979775,0,2,80,0,31.3,High
SEG103356,23.03083297112865,72.57604730948891,11,2.130287900426092,2,5.263101888976166,1,2,40,1,45.1,Medium
SEG103357,23.0264335031671,72.5391818659339,9,0.845424775690583,1,1.1496816146754973,1,0,60,1,48.3,Medium
SEG103358,23.037286854102515,72.54794844139742,2,4.1904356038189885,2,3.0244015027883964,0,2,80,0,31.3,High
SEG103359,23.036682918995986,72.57263363777814,9,0.9168567168606256,2,8.509044274892407,0,2,30,1,53.9,Medium
SEG103360,23.017493528090977,72.56113918369805,13,1.6930403155433116,1,7.164486574775395,0,0,60,0,47.3,Medium
SEG103361,23.01904179504486,72.58005601503234,13,0.23840011762434998,3,6.120037868956673,0,1,50,0,30.0,High
SEG103362,23.032183130190273,72.58831213985718,6,3.0020629103650984,2,1.1388856494806043,1,0,40,0,58.5,Medium
SEG103363,23.032803785733996,72.5835192184391,0,9.699978224020184,3,8.506985495370184,0,2,60,0,49.8,Medium
SEG103364,23.01730849525004,72.54197350142695,22,3.7893127266441065,3,2.98109297217625,1,0,40,1,44.1,High
SEG103365,23.018167483717647,72.53594556530925,22,2.4089260605108134,0,5.349828439508179,0,0,30,1,52.1,Medium
SEG103366,23.038172475725236,72.54101363903543,21,4.034494771382315,4,2.3347469843014057,0,1,30,0,24.2,High
SEG103367,23.035607595258185,72.58092949495402,6,3.013385202066774,2,5.207365685692254,1,2,50,1,58.6,Medium
SEG103368,23.00742779425739,72.58939902081703,14,6.7387682292836075,3,5.6213953483906645,1,1,50,0,56.1,Medium
SEG103369,23.024257303382146,72.59015417640074,3,6.344667611590806,2,3.4046844175630486,1,2,30,1,46.5,Medium
SEG103370,23.049098834329083,72.54938402630908,21,0.27342907770496194,1,5.059216469595908,0,0,30,1,47.4,Medium
SEG103371,23.001996812185745,72.58462218957088,0,5.113231558067851,3,4.060523758480031,1,1,20,1,45.1,Medium
SEG103372,23.04703401705663,72.56485530977643,11,0.3619968767543713,2,6.974954101862525,1,1,40,0,45.3,Medium
SEG103373,23.008974798638526,72.58348147014263,20,6.773632664142749,2,5.4389133316146285,1,0,40,1,76.3,Low
SEG103374,23.027898674785394,72.5656437147547,17,9.358083306272585,5,8.78076100309228,0,1,60,0,57.5,Medium
SEG103375,23.023338503590765,72.53948305928564,20,9.07487878727419,3,0.4964195752039402,1,1,20,0,57.3,Medium
SEG103376,23.00055711355378,72.53514927081976,11,2.0571211209092652,2,0.26638658667017756,0,1,20,0,40.6,High
SEG103377,23.05034683153993,72.59221924469861,2,7.426451477213933,3,1.8854935269555206,0,1,20,0,42.5,High
SEG103378,23.025020887503388,72.55767716616805,0,7.930659710405652,3,1.1857657592768178,1,0,60,0,35.0,High
SEG103379,23.052484755221833,72.55278384191833,3,8.643675331093842,0,5.258957727962887,1,1,40,0,71.9,Low
SEG103380,23.01577091455386,72.55315970050994,1,2.59598670800521,0,2.001340515859847,0,2,30,0,30.3,High
SEG103381,23.04764516753788,72.5546307367459,10,4.508348459721601,2,0.16048624660417454,0,1,20,1,54.4,Medium
SEG103382,23.050731426569758,72.59142479381313,1,2.215044290365904,2,2.8262205542809102,1,1,20,1,53.8,Medium
SEG103383,23.030625782900394,72.5340757981812,4,0.24309457211191376,0,5.092030377406366,1,2,50,0,34.6,High
SEG103384,23.011147278332725,72.53773898367984,10,6.590126278649572,2,7.142551480526221,0,2,40,0,54.3,Medium
SEG103385,23.037688608765816,72.58132734850632,17,4.314636178931456,2,4.383948068849288,1,1,50,1,66.0,Medium
SEG103386,23.03019379365912,72.56571161693711,16,2.481168805635673,1,9.62714328376912,0,0,30,0,63.9,Medium
SEG103387,23.051949131621893,72.53835488926747,1,8.47103947299612,1,1.9945266227037373,0,0,40,0,64.8,Medium
SEG103388,23.024159963399576,72.53223990889059,21,4.956806399792029,0,5.140619843423949,1,2,40,1,53.9,Medium
SEG103389,23.01476825062019,72.54457523263815,13,9.946576772125905,0,2.5318372925503283,1,0,30,1,87.3,Low
SEG103390,23.007605785082177,72.54695269795117,8,7.93357826938967,1,8.06667908684503,0,0,30,0,92.9,Low
SEG103391,23.038424846277767,72.53092384692235,9,8.692111997359198,2,1.8775846107212646,0,1,30,1,66.5,Medium
SEG103392,23.05357602904393,72.54404588499192,20,7.733322487976717,1,9.616010875261424,0,1,50,0,82.5,Low
SEG103393,23.001558907381426,72.5779907309019,11,1.0592489895062163,0,7.166064956222718,1,0,40,1,71.8,Low
SEG103394,23.040724494512798,72.5856031898264,5,0.6502900065367068,2,5.568650811435551,1,1,40,0,35.2,High
SEG103395,23.05098116994078,72.58838532893503,10,9.150787726144635,6,5.323480706677093,0,0,40,0,39.5,High
SEG103396,23.004112984382505,72.55534441212183,1,1.3819718803980208,3,3.6247023589807057,1,0,30,0,41.7,High
SEG103397,23.006059352480836,72.55076189218373,3,3.9122615067426025,1,0.210260601660045,0,0,50,0,37.6,High
SEG103398,23.038057640414735,72.59499095513351,7,6.099110115559308,0,9.15123765919971,1,0,50,0,83.9,Low
SEG103399,23.035637985674267,72.5800071293099,5,2.118983499019956,2,7.949373361755413,1,2,30,0,44.8,High
SEG103400,23.003785507842395,72.564927885259,8,2.252850437077768,2,1.3485808239841401,0,1,60,0,33.4,High
SEG103401,23.045893251368312,72.54656014312481,1,4.662413422913765,3,1.220796061927556,0,0,30,1,35.5,High
SEG103402,23.02878831163147,72.55088485443753,14,3.6089509145992715,2,3.0810067184861554,1,1,40,1,57.9,Medium
SEG103403,23.049895855533514,72.56349868267391,2,6.765756670198043,1,7.631394040991135,0,3,40,0,45.1,Medium
SEG103404,23.048289498454597,72.5652353897864,5,0.750761955206275,4,5.031650301867744,0,0,50,0,27.0,High
SEG103405,23.04468792729776,72.53088911187778,23,4.8875866947781965,3,6.542098833633946,1,3,30,1,40.7,High
SEG103406,23.028374439293444,72.59236100554264,0,1.7425991771551697,2,0.061942799969988416,0,0,30,0,26.0,High
SEG103407,23.013844085296217,72.56741440607784,6,6.067250090007481,3,9.23704548176326,1,0,60,1,71.3,Low
SEG103408,23.02782865271511,72.56829528588659,12,1.1621329176034312,3,1.656858129544444,0,0,60,1,32.2,High
SEG103409,23.0055446257791,72.543745623694,7,1.9763186652941367,4,3.1890127532851196,0,2,50,0,21.3,High
SEG103410,23.036236538166037,72.57972416662209,7,8.038889828433135,1,9.471505651926527,0,2,30,1,80.6,Low
SEG103411,23.007368747057594,72.57792219380597,3,2.351669900380138,0,7.328935352402057,0,2,40,0,38.4,High
SEG103412,23.028114512937538,72.53618526827131,10,7.3706533879382565,3,5.110667054564781,0,1,40,0,50.5,Medium
SEG103413,23.002991008579176,72.5686746341969,18,2.7306269968819095,1,8.629160143034047,0,1,20,0,67.1,Medium
SEG103414,23.016473186965104,72.57278259344645,14,2.350275052338311,2,0.6126230671577015,0,1,20,1,44.2,High
SEG103415,23.012764425336837,72.5843119313473,22,2.9915478288126742,6,0.7629283294386646,0,0,60,1,18.5,High
SEG103416,23.03410173484914,72.54339592662966,16,8.809319844227485,2,1.5516091883403937,1,1,20,1,71.2,Low
SEG103417,23.043273269161237,72.58704626179241,18,3.97165659336728,2,2.645710331697555,0,2,30,0,38.9,High
SEG103418,23.00315166249973,72.559996269661,10,2.4376052988397365,2,7.090296679501309,0,1,30,1,48.7,Medium
SEG103419,23.046765602683546,72.53627403525486,14,5.366394736969131,2,5.324176291160967,0,0,40,1,60.2,Medium
SEG103420,23.047342223222504,72.53686537939821,13,3.8564141178513567,3,4.2604458331484,0,0,50,1,48.1,Medium
SEG103421,23.01882479908584,72.54285728948875,19,7.901975197716632,3,7.825884909340046,1,3,30,0,62.3,Medium
SEG103422,23.036245223628367,72.54837879588905,12,9.904456183130277,3,3.1716059836174573,0,0,50,1,67.6,Medium
SEG103423,23.022143716743688,72.56226637728989,9,5.265744426658337,1,0.8545745889630463,1,1,30,0,52.5,Medium
SEG103424,23.00848049852043,72.57866882785339,1,4.517488976528493,2,3.9676638331713243,0,0,30,1,36.4,High
SEG103425,23.029076433020972,72.54213718363127,20,3.4303539831388563,3,7.664112735561063,0,2,30,1,54.0,Medium
SEG103426,23.004749782097587,72.59452236664247,10,9.733387322701377,0,4.740857151715497,1,1,40,0,86.5,Low
SEG103427,23.048315968546778,72.54049892556507,19,4.83283276004682,1,9.77147932497035,0,0,80,0,70.3,Low
SEG103428,23.050835936767527,72.56895956790194,16,1.7799685993604941,2,8.561273035836269,1,0,50,1,61.4,Medium
SEG103429,23.045188722535627,72.59038112833164,0,9.69215905384676,1,7.909538584492458,0,2,30,1,73.1,Low
SEG103430,23.030939046641578,72.584112982487,15,9.608821259993569,3,7.731805997383453,0,0,80,0,69.2,Medium
SEG103431,23.0306679225119,72.57211279810811,11,4.357250523350765,2,5.811240695033141,0,0,50,0,59.7,Medium
SEG103432,23.054153405713052,72.57650704479141,5,3.4818601303295713,0,9.011497021105285,0,1,40,1,56.7,Medium
SEG103433,23.013634592940715,72.53872336573585,6,6.804374466886354,3,5.898721125502232,1,1,60,1,62.7,Medium
SEG103434,23.004177160124787,72.53062809849442,15,8.289241307856098,3,3.7253650678578962,0,1,50,0,63.2,Medium
SEG103435,23.030906750798064,72.55821967098342,2,4.985321322835274,2,1.9590137339271807,0,0,50,1,51.7,Medium
SEG103436,23.018083207879556,72.53581873021199,14,3.308129910530334,1,8.130949130016315,0,4,30,0,45.1,Medium
SEG103437,23.017728632504443,72.55325391652434,20,3.013940108630134,2,3.7113729989300848,1,2,30,0,48.2,Medium
SEG103438,23.00038969447935,72.54454328158204,2,3.265987272144181,1,7.909032343899805,1,0,60,1,48.7,Medium
SEG103439,23.032793167525135,72.58956253695474,0,1.1803294012241006,3,9.830028202072864,1,2,50,1,45.7,Medium
SEG103440,23.01452185362516,72.58720363993552,1,7.786204363552088,1,3.987065985080763,1,0,50,0,65.4,Medium
SEG103441,23.010332220150598,72.58323128515451,17,1.0495986351913644,2,3.4074127108012506,1,0,50,1,54.4,Medium
SEG103442,23.002223756226616,72.57640637939691,20,3.983144949338527,4,1.700927858051695,0,1,60,1,32.2,High
SEG103443,23.020039886706158,72.54001467539176,23,8.34943337140865,2,4.753516011377865,1,1,30,0,59.3,Medium
SEG103444,23.048343287981254,72.53314388270294,0,4.041058956918999,1,6.540184621162676,0,1,30,1,60.8,Medium
SEG103445,23.018516894417857,72.57250271076056,11,2.9476179792595234,1,3.127867371308164,1,3,30,1,51.5,Medium
SEG103446,23.037349081556577,72.57174677891638,1,9.482537238032672,4,4.856656089693637,1,2,20,1,68.3,Medium
SEG103447,23.041610082987106,72.55401257850905,8,1.2654375353301062,3,5.370727985015449,1,0,40,0,54.2,Medium
SEG103448,23.018045544505462,72.56072463331832,7,8.848539027844742,1,2.7523734143257017,1,1,40,1,71.0,Low
SEG103449,23.04519024042566,72.56179471023547,14,0.6207679873680461,5,0.23511440640559655,0,1,20,1,23.3,High
SEG103450,23.03805338128168,72.54559532862852,21,4.135294128525699,3,2.1562391753424217,0,2,40,0,19.1,High
SEG103451,23.030758322578553,72.550420829774,19,6.31721055497867,1,8.031496363123868,1,1,30,1,85.9,Low
SEG103452,23.000054585522786,72.55719532105313,1,3.7003838414168087,2,2.780623431319728,1,0,40,1,55.0,Medium
SEG103453,23.001929992125753,72.56920663694426,5,5.346064209614584,2,0.1382193273322596,0,0,40,0,45.9,Medium
SEG103454,23.054497621425835,72.59212824839113,6,2.040016665871822,2,4.249486566852003,0,1,30,1,48.3,Medium
SEG103455,23.043025615792697,72.56500149961873,6,5.6903451746683675,0,6.824712412886437,0,1,50,1,73.9,Low
SEG103456,23.051566089232512,72.57752565412031,8,1.3455871689923815,3,7.524094396386135,1,1,40,0,56.0,Medium
SEG103457,23.049626676270492,72.58245507165572,14,7.960963160895763,4,4.138983400186267,1,2,40,1,64.7,Medium
SEG103458,23.00112436407285,72.53737802788505,17,5.837899134421298,5,5.718583914867274,0,1,40,1,42.9,High
SEG103459,23.04355160093851,72.57245310339101,22,4.819321148188526,4,7.4550825152790665,1,0,20,0,56.0,Medium
SEG103460,23.024813015920614,72.56133719681654,16,0.5466679583308132,3,8.892415023506485,1,0,50,1,52.7,Medium
SEG103461,23.043425701220034,72.56720801124611,7,4.997743359167223,1,6.398992358925851,0,0,80,0,55.6,Medium
SEG103462,23.000369368128986,72.53249710082498,4,5.635694303612403,2,6.9086276781697045,1,1,30,1,54.1,Medium
SEG103463,23.01585096156603,72.58890402287558,9,2.6566751340716452,1,0.986751278287924,1,2,30,0,41.5,High
SEG103464,23.04132280766852,72.5919309697224,19,6.775903409082219,0,4.204502876844305,0,1,60,1,59.8,Medium
SEG103465,23.043616143373086,72.53022632503951,23,0.7676514871352058,4,8.889588498559174,0,1,50,1,25.5,High
SEG103466,23.034084303066805,72.5438314534827,9,2.086890814484957,4,1.6072005594491157,1,1,30,1,36.8,High
SEG103467,23.016569090419544,72.54171262129108,4,7.375485173242352,1,3.0995942113470933,1,1,40,0,56.5,Medium
SEG103468,23.017069942520834,72.5807847936232,0,1.4722221892602416,3,6.77963564409135,1,2,60,1,32.0,High
SEG103469,23.05317201800031,72.56887520384227,1,2.455488196226161,2,9.020739639824543,1,3,30,0,31.5,High
SEG103470,23.02415666985788,72.54152668811429,15,6.508553479043843,2,0.5904036663805989,1,2,50,0,60.5,Medium
SEG103471,23.02459190526341,72.58290811209572,14,7.288417038111124,1,8.704919764154813,0,5,50,0,46.6,Medium
SEG103472,23.030378301263237,72.55297586666737,15,0.5148925462343201,3,2.2032271388288116,0,2,20,1,26.2,High
SEG103473,23.02252262852754,72.55995569695905,0,1.2658941325221507,2,8.608558109001281,0,0,60,0,42.6,High
SEG103474,23.030396936052856,72.55517492934584,10,4.461180058432626,1,8.89235564956633,1,0,80,0,68.4,Medium
SEG103475,23.023778448252216,72.56388971341867,4,5.927949448321963,3,7.754824253405666,1,3,50,0,34.8,High
SEG103476,23.04546932057812,72.56120926047387,8,4.537812343456108,2,9.238165496022088,1,0,40,1,79.9,Low
SEG103477,23.049997806088907,72.54784796017306,14,6.470699928117579,1,9.611580889257445,0,0,40,0,74.7,Low
SEG103478,23.051266064289845,72.5575961424371,6,7.559929065219589,4,9.251861027480038,1,3,40,0,55.1,Medium
SEG103479,23.031036291320618,72.58904191474053,15,9.495438475079023,4,5.1312907029101575,1,4,30,0,57.1,Medium
SEG103480,23.024318170660546,72.56268811887115,6,3.4988071312944715,3,4.636767631574912,1,1,30,0,52.3,Medium
SEG103481,23.03878820323355,72.58956511667745,12,1.631047685044661,0,1.052062599805288,0,3,20,0,39.8,High
SEG103482,23.046107797521273,72.56575825810816,11,2.640840042882039,2,2.1609096896280033,0,1,30,1,44.6,High
SEG103483,23.03096402331365,72.57997312406216,9,1.4816444505179105,1,6.523653857962421,0,2,50,1,49.1,Medium
SEG103484,23.038498956200225,72.54908343512788,3,3.942456419729161,2,1.2734182264605376,0,3,60,1,16.3,High
SEG103485,23.04123511428967,72.58137687685289,13,8.725672659015656,5,9.423805295319296,1,3,30,1,58.8,Medium
SEG103486,23.03720165771945,72.54718090484403,23,3.4705989694435657,4,2.2704599534521974,1,1,40,0,25.8,High
SEG103487,23.041037345565112,72.5312707481568,15,1.4882270222259675,2,0.8793098970427471,0,1,40,1,35.4,High
SEG103488,23.01147549329058,72.54044738130655,17,5.226328820229693,4,2.35245311543957,0,0,40,1,55.0,Medium
SEG103489,23.0274106000862,72.53140743687709,19,9.9194381666014,1,0.4891158951707686,0,0,50,0,69.2,Medium
SEG103490,23.03235477050328,72.59155907172294,0,1.8818121866875948,3,1.6608962520040438,1,2,30,1,16.3,High
SEG103491,23.000136286197137,72.59499850632714,19,7.778749517567219,5,5.876840635733352,1,0,20,1,79.4,Low
SEG103492,23.047077937984753,72.57954496713526,5,8.233589435743026,1,2.891634385941736,0,1,30,0,56.3,Medium
SEG103493,23.03355134796447,72.53702833064385,15,4.013383435010018,0,8.011604254881464,0,1,80,0,63.9,Medium
SEG103494,23.007102498243402,72.58843145492162,23,6.1955143866452485,2,4.0473373512574105,0,1,80,0,34.1,High
SEG103495,23.04489963899167,72.5783454519123,21,4.323734507511886,1,7.139646102082096,0,2,40,1,40.7,High
SEG103496,23.03943813315423,72.55159589350113,9,2.6232693653997186,6,7.082938877287408,0,0,40,1,36.8,High
SEG103497,23.0417064748905,72.56264806426758,20,4.261188000723602,3,1.357782410084838,1,0,40,1,63.8,Medium
SEG103498,23.0215623354024,72.57301435718203,14,0.9529013663007158,2,0.5658138386491085,0,0,40,1,34.0,High
SEG103499,23.046981137868226,72.53156328091876,3,7.069561136608927,5,8.41993989979342,1,2,30,0,37.0,High
SEG103500,23.02277151701728,72.56260015928649,5,8.29193031629304,0,7.008510022945002,1,1,20,1,77.6,Low
SEG103501,23.03137800341201,72.57760570316157,22,3.073999333704828,4,1.749809091959229,1,1,20,0,22.6,High
SEG103502,23.000035326703493,72.54223464917327,21,5.664768243799825,4,6.799918967818686,0,1,80,0,33.1,High
SEG103503,23.03546802130728,72.55884638727616,21,2.3214853203943644,2,3.2946797967674613,1,0,50,1,47.3,Medium
SEG103504,23.039499668567036,72.56461445839702,9,1.2746045017281171,0,0.5675408358630973,1,0,50,1,58.1,Medium
SEG103505,23.031191015101882,72.57781174917734,7,6.636185651121598,1,2.2876272759744842,1,3,60,1,49.9,Medium
SEG103506,23.027310734937398,72.59268949120155,19,1.3410759650791237,3,7.558048525573527,1,0,40,1,61.6,Medium
SEG103507,23.044546506054143,72.58513791062028,0,7.819790692061673,1,3.907272482893107,0,2,50,1,58.5,Medium
SEG103508,23.03747549944409,72.57039869731494,21,2.717545487509241,6,5.448620195374464,0,0,50,0,14.0,High
SEG103509,23.015294072184602,72.56793664386426,14,8.185133930026607,0,1.3654217927013257,1,2,30,1,77.1,Low
SEG103510,23.0527490335944,72.56920713504972,15,3.6850457439042694,2,0.926604535362241,1,1,30,1,57.6,Medium
SEG103511,23.038899695680744,72.56543661177288,10,3.688425926429848,2,2.392522388414424,0,1,40,1,48.3,Medium
SEG103512,23.054336641090185,72.53385858721683,23,7.505727606724842,3,4.725376487842149,1,0,20,0,60.2,Medium
SEG103513,23.05341937239479,72.57538926564823,17,5.102657746354712,3,8.469911716937316,1,1,50,1,67.7,Medium
SEG103514,23.050540034754555,72.57656189200843,1,2.0097742640987395,1,7.633916163792912,1,1,60,1,44.9,High
SEG103515,23.041545434767393,72.56331122354736,12,8.50408548053435,6,1.6006441132354121,1,4,60,0,15.9,High
SEG103516,23.033518615267333,72.58657519435117,20,3.4015320923575953,4,0.7147160795158591,1,1,30,0,42.8,High
SEG103517,23.00946938650256,72.57370839217919,1,1.0277676083840148,0,2.255077454357358,1,1,30,1,39.3,High
SEG103518,23.029884327958307,72.5535732027607,17,4.160010449228776,1,8.523284847047107,1,0,80,0,61.3,Medium
SEG103519,23.042095708731686,72.53128013298391,5,5.73961763169679,0,5.158474934721706,0,1,60,1,51.5,Medium
SEG103520,23.028647143728808,72.53384550702235,12,6.098853339390975,2,8.069025813092125,1,0,30,1,83.5,Low
SEG103521,23.04775315206231,72.55286688700672,21,8.3560784530382,2,3.6958220093619145,0,1,60,0,42.2,High
SEG103522,23.006031074455542,72.56003684613792,11,5.414068237934746,4,5.904430946246406,1,3,60,0,35.1,High
SEG103523,23.020951719142676,72.54084662276804,0,2.237104830673501,2,5.94732842911864,0,1,30,1,47.1,Medium
SEG103524,23.02782804302265,72.54230633991747,0,2.6166633073590804,2,6.2672809511455565,1,1,30,0,43.5,High
SEG103525,23.0237778912728,72.54496373832066,17,1.0084058829440268,4,4.701512746363365,1,1,60,0,29.9,High
SEG103526,23.005972260130186,72.58073336707245,22,7.359242892362618,3,2.3923960124267496,0,1,50,0,38.3,High
SEG103527,23.008444056172454,72.58013370966187,7,1.0594154649975795,1,4.284848490939748,0,1,40,1,49.9,Medium
SEG103528,23.046068951107053,72.55489103405189,22,6.058126322747955,0,9.747584564445797,0,2,80,0,50.8,Medium
SEG103529,23.026641134256078,72.54120368480298,10,5.969473940466132,3,2.721122513604884,0,0,60,1,55.6,Medium
SEG103530,23.0026797334714,72.53720904502913,1,7.855035569753578,2,7.248283328516642,1,0,20,1,74.8,Low
SEG103531,23.00090701924377,72.53566340528307,12,0.746296996854211,0,9.447291533380021,1,2,40,0,64.2,Medium
SEG103532,23.026041147109687,72.55543315130846,23,2.0291134351117135,0,5.662556738127861,1,1,60,0,37.9,High
SEG103533,23.009040829925844,72.53296025816587,6,9.095623770231384,5,4.893359845007865,0,3,20,1,56.3,Medium
SEG103534,23.03878192702996,72.55168627741321,23,5.7223682946201215,2,1.2083779476226597,1,2,20,1,40.3,High
SEG103535,23.043742790439026,72.59249966076517,15,4.576902131100785,3,7.532671895481854,0,0,60,0,46.6,Medium
SEG103536,23.012556318965142,72.56298780001465,9,7.476762654622817,3,9.114910140530768,0,2,50,0,54.0,Medium
SEG103537,23.032569731968497,72.58347190269428,16,9.025304510891583,4,9.80684815382559,1,1,30,0,73.4,Low
SEG103538,23.008494455391695,72.5384022864832,9,2.6300963694954893,9,2.016575010877535,1,0,30,1,23.2,High
SEG103539,23.01669704583769,72.54742512085663,2,9.014756288113434,3,9.20055413014621,0,1,60,0,49.5,Medium
SEG103540,23.04888375217998,72.59152551889537,20,1.0869462604075364,3,3.70267954375328,1,0,30,1,58.0,Medium
SEG103541,23.029925395031526,72.5549308733007,8,9.77683047729878,1,6.191525133364397,0,1,30,0,72.6,Low
SEG103542,23.04872387823293,72.57214639834915,13,1.6485182509961016,2,2.236506362233338,1,0,60,0,33.6,High
SEG103543,23.01238862922987,72.59344824064557,17,2.6623636860229394,2,2.483897712580323,0,0,50,0,42.7,High
SEG103544,23.018151338878678,72.5658012041615,1,0.9659394009164124,4,6.189581582599799,1,1,40,1,44.2,High
SEG103545,23.025902367615124,72.54984748669987,17,8.036765068866004,1,4.848328803581615,1,0,40,1,78.0,Low
SEG103546,23.0264044041357,72.56457664963689,8,9.842320620416789,1,9.643983316889878,1,1,40,0,84.2,Low
SEG103547,23.054870638195105,72.5335514179565,13,2.9697650856976807,2,2.6446392080502843,1,2,30,0,42.7,High
SEG103548,23.00629449254341,72.53730404181603,10,3.2561196040179388,4,8.78036661806121,0,1,80,0,47.3,Medium
SEG103549,23.046858076958088,72.5304661218284,18,2.7897990338000254,1,4.604746711915244,0,1,40,1,53.7,Medium
SEG103550,23.0475025121682,72.58747365270172,4,1.548281002149251,0,1.3455406563037031,0,3,40,1,21.0,High
SEG103551,23.03042592473458,72.57363322787847,2,7.874442167386926,1,2.391267157442364,1,1,40,0,56.7,Medium
SEG103552,23.018922044254253,72.54939143473364,9,0.6071984000912245,0,7.556996176096513,0,0,40,1,66.9,Medium
SEG103553,23.028557435735856,72.54437549224848,2,9.677741304742828,2,8.266337487643689,0,2,30,0,61.7,Medium
SEG103554,23.016085723764363,72.57439997907525,5,9.273155245090482,3,0.39563339368005823,1,1,40,1,45.4,Medium
SEG103555,23.043950909664197,72.58976958421104,15,1.184390852842464,2,4.100296365602928,1,2,40,0,37.8,High
SEG103556,23.02740535372907,72.54944404091839,19,5.295238512104824,3,4.941726504642281,0,0,50,0,58.9,Medium
SEG103557,23.05092131983826,72.55090134211014,16,9.92851358644337,3,6.150333556572798,0,1,50,0,66.4,Medium
SEG103558,23.034248023939583,72.5855256471376,7,8.526192490484263,2,6.506171415001136,1,0,20,0,86.9,Low
SEG103559,23.028287563321307,72.58806942803244,19,7.151337259585594,1,8.305587358615922,1,1,40,1,82.5,Low
SEG103560,23.039108814468772,72.58941237684394,9,0.22460945440901936,0,2.7338956383386046,0,4,30,1,39.0,High
SEG103561,23.027716313043662,72.54905502352044,4,0.6837744536824142,2,1.1192813226438658,1,1,40,1,32.5,High
SEG103562,23.049747849273068,72.53782031689376,18,7.940170984426924,1,1.8648677364081567,0,0,60,1,63.8,Medium
SEG103563,23.010144527848777,72.5585998421799,12,3.7644485419096876,0,9.368462311659346,1,2,50,0,70.6,Low
SEG103564,23.053534177606025,72.54922471623418,8,6.684318774590476,2,5.466821284782544,0,1,30,0,57.2,Medium
SEG103565,23.044670480351815,72.58745133334277,15,7.391816270431581,3,2.190948923990544,0,0,50,0,61.2,Medium
SEG103566,23.047340334902568,72.53238127121723,17,4.2218417752508905,2,7.858647725986594,1,1,20,1,77.5,Low
SEG103567,23.026559930780408,72.57120223052635,5,1.4338175070077952,0,5.870074005125802,1,1,30,0,48.3,Medium
SEG103568,23.04604608521357,72.58890178877363,2,3.8669450307921185,0,3.673277989830701,1,1,30,1,56.3,Medium
SEG103569,23.016872574596746,72.59348357384239,12,8.710484423186045,7,0.18302530195462685,0,1,30,1,39.2,High
SEG103570,23.04190714982103,72.57225848895438,1,3.3108577903197878,1,7.827864603768787,0,0,40,1,56.8,Medium
SEG103571,23.007724758711397,72.59174499220646,15,0.6264944259457306,5,7.174415658633945,1,1,30,0,46.3,Medium
SEG103572,23.016887855377938,72.53491786507062,10,9.591314171847817,1,2.6210665167686,1,0,40,0,75.3,Low
SEG103573,23.024515296484786,72.55335309248976,5,6.806769089738685,3,2.6561997410332525,1,1,30,0,37.8,High
SEG103574,23.017727584497887,72.53056645532624,14,5.408567519375659,1,2.714880295057628,1,0,40,0,64.4,Medium
SEG103575,23.02128594135933,72.5937769451924,9,8.291073466812378,3,6.704197797542557,1,0,30,1,84.9,Low
SEG103576,23.045105760963104,72.58867722111984,9,4.111606780970959,0,2.9417728391330056,1,1,30,1,73.4,Low
SEG103577,23.01411717406782,72.53182341615613,5,9.851157940105953,3,3.103627550319803,1,2,40,1,53.5,Medium
SEG103578,23.0409904644685,72.53117862227988,16,8.575730693978237,1,3.7661899389099904,0,1,30,0,64.8,Medium
SEG103579,23.00405416380114,72.55385301711691,21,2.8054474165599075,0,9.802013262726758,1,1,30,0,62.3,Medium
SEG103580,23.042115650913328,72.54680496784141,14,3.710479871776399,2,4.600984069413755,0,1,50,0,43.5,High
SEG103581,23.043561278355636,72.58505059802076,5,2.757429641984457,2,3.7737535532165722,1,1,30,1,33.5,High
SEG103582,23.022093432652635,72.54043148621267,20,6.593408428482387,3,4.700229776443971,0,2,50,1,46.4,Medium
SEG103583,23.039736280274212,72.58139221507555,2,6.3933193106740465,1,7.19203504846846,0,1,30,1,64.6,Medium
SEG103584,23.05033261220598,72.56603988049939,6,5.2250587351271705,3,8.836907352995233,1,0,50,0,66.3,Medium
SEG103585,23.0440392135455,72.55453046514133,0,9.658403745728311,1,9.908018162483888,0,0,30,0,76.7,Low
SEG103586,23.021474558071834,72.53947178451267,20,4.722752881776897,2,4.860642286701143,1,2,80,1,55.4,Medium
SEG103587,23.026631743285403,72.59484993488738,1,7.837223941965653,3,4.601430339767251,1,1,30,1,52.8,Medium
SEG103588,23.04286466496322,72.5701690978599,13,6.5809511717666975,1,3.303115835933559,1,1,80,0,52.7,Medium
SEG103589,23.016092702441703,72.55855984511692,4,5.181849401446684,1,7.790926146281145,1,2,30,0,56.8,Medium
SEG103590,23.04421355071699,72.55412329117593,5,0.4209510721139831,1,6.555861679982766,0,2,50,0,24.6,High
SEG103591,23.018043912840852,72.58887233499101,14,6.574950238201316,2,3.633645135727975,1,0,30,0,65.1,Medium
SEG103592,23.044329482031205,72.5833774675324,19,6.425950842762253,1,5.1854168159630145,1,0,20,1,90.9,Low
SEG103593,23.00477402438429,72.58272707624393,0,1.248739945925481,2,2.05820773285164,1,0,20,0,33.9,High
SEG103594,23.002441851330083,72.57005290074255,3,7.959149753606658,2,6.9399364863097714,1,2,30,1,58.5,Medium
SEG103595,23.05487214960534,72.58771717787522,6,4.669940834450421,2,2.521235471135271,1,0,40,1,65.8,Medium
SEG103596,23.04782014177791,72.54945309418794,22,3.2414601440480872,3,3.495460690225596,0,2,40,0,22.7,High
SEG103597,23.048556612690643,72.57574089878561,1,8.239593858459658,1,0.6811858069172871,0,1,40,0,39.4,High
SEG103598,23.052320397118365,72.55628910325548,4,3.433709594978237,2,2.1987043794988157,1,2,40,0,40.1,High
SEG103599,23.024107397017797,72.56899992255639,9,6.218507912838263,2,1.9488255082488215,0,1,20,1,55.5,Medium
SEG103600,23.015775955507408,72.59487994503982,7,6.179148014564922,3,7.353066835078935,1,0,50,0,66.0,Medium
SEG103601,23.007151374725986,72.59399411074389,1,0.5280598257326696,1,6.944677884398144,1,0,50,0,48.5,Medium
SEG103602,23.027566502344616,72.56332023607038,12,4.228336305747159,5,5.381438088549197,1,0,30,1,67.8,Medium
SEG103603,23.01210265762621,72.56730112439071,14,2.2277874993195645,3,3.870565114697616,0,2,50,1,33.6,High
SEG103604,23.05145529712066,72.58832591499393,4,1.9957066190105588,6,8.894131195875818,0,0,30,0,26.0,High
SEG103605,23.000220173934352,72.5940663213134,16,6.549618886272098,6,8.840833477231488,0,0,40,1,61.6,Medium
SEG103606,23.007875820575872,72.58060950717069,1,0.11409995285753705,0,6.028351731989833,0,2,50,0,41.0,High
SEG103607,23.01355617191959,72.53423698976731,17,9.690789782144964,2,6.5794804502345,1,2,50,0,70.2,Low
SEG103608,23.010942619137627,72.55097158273234,6,3.9539100600482113,1,7.964507056902602,1,2,40,0,60.5,Medium
SEG103609,23.012417814011883,72.58827655209483,5,2.988035284449051,2,7.227749586212376,0,2,30,1,43.8,High
SEG103610,23.036082618278364,72.57994291288028,4,9.199743999374574,1,2.2490148218758077,1,3,40,0,37.2,High
SEG103611,23.018013164307224,72.57824514961659,20,4.8667214210684495,5,5.033607016961573,0,1,40,1,41.6,High
SEG103612,23.033826341004687,72.57341500998042,12,6.143252514852778,1,1.5188590370172406,1,3,80,1,36.6,High
SEG103613,23.048964186350545,72.55699215022611,16,6.958507486369615,3,8.09380853490498,1,2,50,1,63.4,Medium
SEG103614,23.033140622103915,72.5562106858224,4,8.714112734844635,3,6.535768638490941,0,2,20,0,47.5,Medium
SEG103615,23.038199303520752,72.5825806116934,1,1.297419898170561,2,9.790912174772503,0,1,40,1,32.7,High
SEG103616,23.020102681402175,72.54909571896474,0,0.8165317909202363,3,1.36509686436462,0,2,40,0,11.8,High
SEG103617,23.008785615719248,72.57451407172556,10,9.937107843347391,2,5.101476846734042,1,0,50,1,86.1,Low
SEG103618,23.017632123434744,72.57720355402256,7,0.08883801626070498,2,7.240103382613757,1,3,30,1,44.7,High
SEG103619,23.053035545678725,72.5848961393085,18,7.08194753615026,2,8.673423325358515,1,2,60,1,61.7,Medium
SEG103620,23.034199626144922,72.55079256339596,18,6.110653619586211,6,8.533977312387963,1,0,40,1,69.4,Medium
SEG103621,23.01526311156887,72.57822280234448,7,5.52551021709167,0,2.0199946042788697,1,2,20,1,76.5,Low
SEG103622,23.024800339693915,72.53692184334261,10,7.858279591800934,1,9.823209386598686,0,2,20,1,82.7,Low
SEG103623,23.045953217058706,72.53897401238187,9,9.924729476354587,4,9.813427876419995,1,0,50,1,82.6,Low
SEG103624,23.03676439638882,72.55712684261127,16,0.46885821493927393,2,9.690586478315735,1,1,50,1,57.5,Medium
SEG103625,23.030835906240103,72.53358967546309,15,6.145304926431803,0,6.136128096955982,0,0,30,0,78.1,Low
SEG103626,23.048683958214863,72.59160039089525,15,7.167776685390507,2,8.319352584738386,1,2,30,1,75.3,Low
SEG103627,23.036984176471922,72.5886232276831,1,3.0593930617301854,5,0.7603360770080447,0,0,30,1,27.5,High
SEG103628,23.03535013519351,72.53318069020918,8,8.928613849209311,3,2.5546041670811395,0,4,30,1,48.2,Medium
SEG103629,23.01043724754659,72.584490261923,23,4.569928414497118,4,0.9199590046689088,1,2,40,0,19.0,High
SEG103630,23.005851377565683,72.56307682131585,8,1.644784619519467,1,5.055607170423029,1,2,30,1,51.4,Medium
SEG103631,23.053082816438156,72.57562758774428,4,8.544078160203,2,9.647301595111575,1,2,50,0,59.5,Medium
SEG103632,23.03293721035552,72.58765052600438,4,9.429256204246439,1,6.491707502322051,1,0,30,0,78.4,Low
SEG103633,23.022862587503052,72.56750334166006,0,0.995149183687436,0,4.612521170229331,0,2,50,1,27.3,High
SEG103634,23.032396145150063,72.5375612615185,18,7.516808671545531,3,7.928357359327023,0,1,60,0,57.8,Medium
SEG103635,23.003399657858946,72.53016760968163,0,2.150142191652197,3,5.503362035325256,0,4,30,0,14.9,High
SEG103636,23.045217000064724,72.56229989959634,14,0.06722217669021702,2,4.576476669503954,0,2,60,0,25.8,High
SEG103637,23.011915504456038,72.59170008858808,9,2.6061382288538826,4,6.293281810183618,0,0,50,1,55.7,Medium
SEG103638,23.044250030347488,72.56722042165485,2,8.54909835220747,1,5.1180068686570115,0,2,60,1,58.6,Medium
SEG103639,23.0293908143795,72.55424104397574,21,1.4118387678373234,2,6.41545212392968,0,1,30,0,37.9,High
SEG103640,23.01521146075113,72.53200993111027,17,1.3066888299846058,3,8.026370207544916,1,1,60,0,55.4,Medium
SEG103641,23.001661547153315,72.58947366212308,19,7.390477062001563,0,4.624185115456131,0,3,40,1,67.2,Medium
SEG103642,23.044870834542962,72.55126518295577,22,4.063596385646381,3,4.150212487099649,0,3,30,0,24.0,High
SEG103643,23.009705307780813,72.57581053108548,21,1.48486072534602,1,5.586655372613355,1,3,80,0,21.4,High
SEG103644,23.00284928136019,72.57512541813725,16,2.3000037648217173,1,9.047536341108595,0,1,60,1,57.8,Medium
SEG103645,23.04157327519542,72.54650240548897,12,7.946019249856045,1,4.2298228375891,1,2,30,0,69.5,Medium
SEG103646,23.019252377230515,72.53414553791995,16,6.232687900580196,4,8.477497199876856,0,0,40,1,64.5,Medium
SEG103647,23.021413370307542,72.55502502461367,10,7.609287725664985,1,6.171628705814465,1,1,80,1,63.8,Medium
SEG103648,23.01358871730044,72.55061351589941,4,0.9777323898803769,2,0.12397146592553865,0,1,40,0,16.8,High
SEG103649,23.04725481632833,72.5755166659267,9,4.581042828497125,2,4.762025715474319,0,1,40,1,61.9,Medium
SEG103650,23.016353123935858,72.58328586221789,11,7.971062507813321,1,2.105354279555487,1,2,30,0,50.2,Medium
SEG103651,23.011560591336305,72.54445895213046,1,2.65792750868431,2,1.5036636007554371,0,4,40,1,22.3,High
SEG103652,23.01700873494849,72.56433501953546,20,1.691889683760286,1,2.344378863219896,1,3,40,0,40.1,High
SEG103653,23.011173226634206,72.53263954258023,21,3.8178389381719215,3,7.1241934715283985,0,0,50,1,45.5,Medium
SEG103654,23.017471037144286,72.54392662849068,10,3.333799738387807,4,6.273827248993503,0,3,40,0,32.7,High
SEG103655,23.00456149225775,72.57951450434594,11,1.854727788822036,0,5.368531283320514,1,1,40,1,69.7,Medium
SEG103656,23.00871915160157,72.58157089083178,20,9.539449253562585,3,4.952685404199474,0,1,20,1,71.7,Low
SEG103657,23.022937908586787,72.58046629012436,10,4.830984045554402,3,3.8917800582690445,1,0,50,0,60.3,Medium
SEG103658,23.04837067705744,72.53925521512424,16,6.080763561099246,0,8.86567895380967,0,1,20,1,87.5,Low
SEG103659,23.003150991069727,72.56581725728545,12,1.2110690874959507,4,9.324542380662963,0,1,40,0,43.5,High
SEG103660,23.0116971088718,72.55747604693882,6,6.100350881315128,5,7.644377975378303,0,2,50,1,41.1,High
SEG103661,23.049959012154787,72.59444660929168,19,5.5532269320846375,4,2.8822454649849263,1,0,50,0,50.5,Medium
SEG103662,23.048950807078796,72.57251454148879,4,9.319293277730326,5,9.1386408243174,1,1,30,1,52.9,Medium
SEG103663,23.037369795831278,72.59078813594073,5,4.123168010720438,3,8.191353767873586,1,1,60,0,45.6,Medium
SEG103664,23.01322604547524,72.53944776982554,16,7.82062100476217,1,1.2402644274421581,0,1,20,0,60.1,Medium
SEG103665,23.02308958085807,72.55930676275152,17,3.04180978462122,0,3.4167755077213826,0,2,20,1,53.6,Medium
SEG103666,23.01161715469409,72.58015449400688,22,5.789403563278805,3,3.2760593632909507,1,2,50,0,37.4,High
SEG103667,23.007072368001886,72.55391075232198,17,9.26970397244198,2,7.300467811702278,1,1,30,0,73.0,Low
SEG103668,23.020899911698265,72.57111305224998,0,6.250713107588963,3,5.238985605899639,0,0,40,1,52.3,Medium
SEG103669,23.03167018827887,72.5632606412043,20,7.111586837665084,2,2.6688458434741658,0,1,60,0,49.0,Medium
SEG103670,23.019796297150563,72.59447541159916,9,8.759845252025904,0,2.3079461692174763,0,1,30,1,74.0,Low
SEG103671,23.03359535027563,72.54130171510425,0,9.254243633087995,5,4.575050431004498,1,1,50,0,45.2,Medium
SEG103672,23.01629401044586,72.59079766519646,13,2.082748752030671,3,6.6595702976128095,0,2,40,0,47.5,Medium
SEG103673,23.019021779026843,72.55610211199722,4,1.9583803162918523,2,5.087259341077147,1,1,40,1,45.6,Medium
SEG103674,23.043487047540452,72.56041954281453,9,5.504761269087858,4,2.6103350931933655,0,0,40,0,53.0,Medium
SEG103675,23.048307310199164,72.56435912243985,11,9.955163763063611,1,6.199850709663753,0,0,40,1,93.0,Low
SEG103676,23.017711874484206,72.54724882571318,1,4.9015232331078,3,9.989123077162025,1,2,50,1,55.0,Medium
SEG103677,23.03143336907399,72.5926377337697,20,3.309049631034272,3,1.7666875125501091,0,2,50,1,25.1,High
SEG103678,23.015298925614076,72.58924666834027,12,5.3726127493308855,0,5.283995756843428,0,0,30,0,70.5,Low
SEG103679,23.00293340529391,72.59323883151374,23,0.6439577411570185,1,3.7565612997151163,1,1,50,0,28.7,High
SEG103680,23.040582144974824,72.59479977219362,11,1.7720677030991405,2,2.1841588249532498,0,2,40,0,46.4,Medium
SEG103681,23.009405191577986,72.57353700618677,14,1.4892041734650996,3,8.754922291417628,1,1,50,0,45.7,Medium
SEG103682,23.02341418880608,72.55935955722737,19,0.2791554507105187,4,9.577705025003713,1,1,20,0,42.9,High
SEG103683,23.026787502135853,72.58529770359726,5,7.222123030452839,2,3.5019578254451833,1,2,30,0,33.5,High
SEG103684,23.010145937129852,72.53154731705936,21,3.2547454586182356,2,3.4729058129689614,0,3,30,1,23.7,High
SEG103685,23.005200544286488,72.58423626290637,4,1.6853631124208979,1,0.9176208515615525,0,0,40,0,33.2,High
SEG103686,23.01914071580691,72.56232359157372,23,5.122437705256234,4,6.177532158219615,1,0,30,0,54.4,Medium
SEG103687,23.05237572491527,72.57375930176042,15,3.234444059720648,3,0.2654535690096427,1,1,40,1,38.9,High
SEG103688,23.033832457449364,72.55431299398727,12,3.930177707980791,1,4.962104186333233,1,0,80,1,69.1,Medium
SEG103689,23.02097756256216,72.55396050500134,5,3.155318170618111,7,1.528145326794621,0,1,20,1,14.5,High
SEG103690,23.002140095142583,72.53206161493272,13,0.03983514358832152,1,6.723182846529213,1,0,40,1,61.0,Medium
SEG103691,23.03301503047651,72.55754631297789,13,6.883288644189251,2,9.289100941300575,0,2,30,0,66.0,Medium
SEG103692,23.005074170251447,72.55654302270226,23,1.1069047873405968,3,0.8878268842299275,1,1,40,0,29.4,High
SEG103693,23.029839923907613,72.54461142162143,20,2.1914239706296943,1,7.777404808096422,0,2,30,0,52.4,Medium
SEG103694,23.041357277954944,72.54607601278009,11,1.903170435638315,3,8.305681027748816,0,1,60,0,37.4,High
SEG103695,23.023297194156214,72.56796907272876,9,3.3136729549870747,3,1.762063071890656,1,1,30,0,46.9,Medium
SEG103696,23.01646763221491,72.55065514376507,9,1.601976794963561,3,9.226423016320421,0,0,80,0,47.6,Medium
SEG103697,23.002606132859967,72.58396637408612,9,3.4695212418795407,4,6.209178393888325,1,0,20,1,62.1,Medium
SEG103698,23.00136278313389,72.53724003194571,0,2.4326434580773415,0,5.349369415029096,0,3,60,0,33.7,High
SEG103699,23.023651461330502,72.56754692152738,0,0.6121511317241102,1,6.714125047823867,0,2,30,1,26.7,High
SEG103700,23.048583989888662,72.54040290726404,18,8.705629771698293,0,2.8810913470158472,0,0,30,1,83.2,Low
SEG103701,23.013423452833624,72.56433564074985,6,3.0558110709871142,1,0.2541086673122006,1,2,60,0,42.1,High
SEG103702,23.031573052818,72.56591548265177,9,0.9528214637638055,1,4.420512236420855,1,0,30,0,50.8,Medium
SEG103703,23.037636820082387,72.57174934962417,16,5.215263789521229,3,7.433464037050186,1,1,40,0,53.6,Medium
SEG103704,23.003345642712574,72.55778262157274,14,1.2327551836880324,4,9.186503926223129,0,1,50,0,45.4,Medium
SEG103705,23.008420520669187,72.56311585453341,8,7.730932014568469,1,4.301038172980367,0,3,40,0,59.5,Medium
SEG103706,23.018220223638075,72.54176192004529,18,0.6157794323983956,2,2.636476916017445,1,1,20,0,51.9,Medium
SEG103707,23.03685512457817,72.56009599773286,3,4.646359499442313,1,1.3129550277993207,0,1,60,1,34.4,High
SEG103708,23.024146931172545,72.55424697529114,11,9.438263301157782,1,9.354943347735446,1,1,40,0,87.9,Low
SEG103709,23.040380728752,72.57329852180254,2,1.5896905365841352,3,2.309450758786201,0,3,60,0,7.5,High
SEG103710,23.047717882606527,72.55826341202727,12,2.0136867690549796,3,9.11071232353012,1,1,50,1,49.5,Medium
SEG103711,23.04171047521292,72.58065720731372,2,6.004649113952158,0,1.837562035616559,0,2,50,0,39.8,High
SEG103712,23.05457359640223,72.55768948640728,22,9.798540715953393,3,0.18132739165049316,0,1,40,1,46.5,Medium
SEG103713,23.041489858780242,72.54532512624331,15,3.8583574828559373,4,2.242203254248294,0,0,20,1,53.2,Medium
SEG103714,23.046869855725408,72.54778976673231,5,6.486450927772066,2,4.927895368802982,0,0,60,1,49.4,Medium
SEG103715,23.045780149715576,72.53294353963096,14,1.5231706278163393,1,3.4870499505975805,1,0,60,0,58.0,Medium
SEG103716,23.040164616925402,72.56509472268905,8,6.4139713326430225,0,9.077207365843712,0,1,50,1,79.1,Low
SEG103717,23.044099099916075,72.58400725745352,12,2.526620649548932,7,5.450845367281615,0,0,60,0,34.6,High
SEG103718,23.051407577532707,72.57999226094314,4,6.132876074913306,2,1.1776948602000026,0,0,30,1,52.7,Medium
SEG103719,23.026136405818946,72.558456315312,12,0.8866120808360944,3,6.25331986625738,1,4,30,0,32.3,High
SEG103720,23.03510578631519,72.5427478230844,2,5.249690217053291,4,3.889468513095383,1,0,30,1,43.4,High
SEG103721,23.028321684686503,72.58612648881433,3,2.374049946732404,0,6.7894134540244995,1,2,40,0,40.5,High
SEG103722,23.046807034295565,72.53369076721293,14,6.817087033294134,1,7.8617669656516025,0,1,40,1,82.8,Low
SEG103723,23.023724778157934,72.55594947713816,12,7.476697870683155,1,9.855514449666272,0,0,20,1,95.0,Low
SEG103724,23.045084972412962,72.58567998425495,7,8.481425305593973,2,5.766460587805704,0,2,40,0,58.7,Medium
SEG103725,23.043964501628142,72.55555648468128,1,9.923953689190819,2,3.667506703684432,0,3,30,0,42.3,High
SEG103726,23.05290373557527,72.53766190559921,10,4.59354779653232,2,4.336003514769676,0,3,40,0,40.9,High
SEG103727,23.013690638459156,72.54728671752248,22,6.7059441720732424,5,4.026217439661841,0,1,30,1,31.2,High
SEG103728,23.039029073043725,72.5690019137133,16,0.1842371625212169,2,4.505373320582681,1,2,30,1,43.1,High
SEG103729,23.04163057237061,72.53988233400015,1,9.050870333062111,1,0.30058668594975524,1,0,40,1,67.4,Medium
SEG103730,23.051495317104255,72.57257079624475,22,6.15743145528579,2,2.4732823872184584,1,1,30,1,56.1,Medium
SEG103731,23.049879632993054,72.55848052552795,10,4.213449792732371,1,9.87760804467835,0,2,40,0,59.0,Medium
SEG103732,23.031543922393965,72.55173531755334,13,4.343127427606507,2,9.280145271270035,0,1,30,0,70.9,Low
SEG103733,23.03185342522252,72.545660156234,0,7.579956463603956,1,0.4828896742056188,1,1,60,0,51.0,Medium
SEG103734,23.009201017562233,72.58351644908069,7,8.33470003535894,3,9.7958087766759,0,0,30,1,78.2,Low
SEG103735,23.053622948633308,72.55578380658513,18,8.079036763148519,1,7.9195416263630705,1,0,30,1,85.8,Low
SEG103736,23.014025960448688,72.5780011522644,7,5.105846530470237,1,0.027471261375608957,0,2,50,1,47.9,Medium
SEG103737,23.03986049201482,72.55862308752143,3,3.711466375680317,2,9.134635552138521,1,1,30,1,57.5,Medium
SEG103738,23.043768725264293,72.53597136714764,2,9.455393614155355,3,9.603692313138422,1,0,40,1,73.8,Low
SEG103739,23.024266852753627,72.55863288838587,22,6.3419952477020995,1,6.287580180678573,1,0,50,1,68.5,Medium
SEG103740,23.0116156546016,72.56299970568283,19,5.436534089942116,3,7.88329001777724,0,1,20,1,69.2,Medium
SEG103741,23.010392821132083,72.55975974257707,1,5.983189320282927,2,3.32531655406462,1,0,80,1,53.2,Medium
SEG103742,23.047107280049588,72.58305571126364,22,6.2986650818628265,1,5.7232126154891505,1,4,40,1,46.3,Medium
SEG103743,23.028091606771167,72.5892053376878,19,7.13072884106904,3,7.315499491381177,1,1,50,1,58.0,Medium
SEG103744,23.004957534012103,72.58114061388872,8,5.5318469504116585,2,5.6126089273264075,0,0,60,1,67.7,Medium
SEG103745,23.03943607100196,72.56788082364372,15,8.753553544574785,2,3.0460507362561886,1,1,60,1,63.4,Medium
SEG103746,23.013759407904278,72.56519424743607,6,8.597142142737162,2,6.492002713045584,0,3,30,1,65.1,Medium
SEG103747,23.0482017112913,72.57190004195803,5,4.422577446528374,3,8.38418925587998,0,1,40,1,47.1,Medium
SEG103748,23.017026448231647,72.54870896926856,17,1.6853611212553654,3,8.360082148526288,0,1,40,1,62.7,Medium
SEG103749,23.01101489565496,72.58277004499966,4,5.766557137711008,2,1.3217096693032726,1,0,40,1,62.5,Medium
SEG103750,23.00466721439552,72.58569513154424,8,6.207395221311821,2,4.454207961818366,1,0,50,0,63.1,Medium
SEG103751,23.02813421251507,72.54736911560681,8,5.233795739537353,2,0.38739223018102065,1,0,30,1,55.8,Medium
SEG103752,23.024790567330005,72.5886831835291,3,8.905778132739663,1,6.32766644436895,1,0,40,0,65.8,Medium
SEG103753,23.041322167953172,72.58516762705946,19,0.9302025702436589,2,2.4216221484129075,1,3,40,1,37.0,High
SEG103754,23.025553142295617,72.55759163988637,16,2.874185048352005,5,9.303548380411819,0,3,30,0,31.4,High
SEG103755,23.01890987829084,72.58908501313603,20,8.657898463226186,2,6.182559427444096,1,0,40,0,73.0,Low
SEG103756,23.014391020359813,72.53782853459775,12,9.394133130222055,0,4.0061761474237425,1,1,30,0,78.9,Low
SEG103757,23.01529807100085,72.53181912634858,4,4.2592507470256855,3,7.31463189276687,0,3,40,1,36.1,High
SEG103758,23.05103163460053,72.55261134366361,6,1.926439818409379,2,2.073916951501703,1,1,30,0,45.5,Medium
SEG103759,23.00907932311483,72.56675332042377,8,4.203294965099348,2,0.91431805858599,1,2,50,0,38.2,High
SEG103760,23.054349703350642,72.55284376994463,22,4.56166445424136,3,0.8738153077452415,1,1,30,0,32.8,High
SEG103761,23.017980570035572,72.59123440268864,5,5.195693781625502,2,5.828051598478533,1,3,40,1,43.1,High
SEG103762,23.00486146294796,72.54655616488859,16,2.743530801829511,4,8.88868545674155,0,2,40,1,46.9,Medium
SEG103763,23.013677970943334,72.54827887058353,2,3.1262740711682246,2,2.2275810478190317,1,1,40,0,37.2,High
SEG103764,23.003212790875505,72.57126379481541,22,6.55587631346092,2,7.600483857611376,1,1,40,1,54.6,Medium
SEG103765,23.043451637304017,72.5302511523522,15,6.217941509966394,1,0.3762352568368055,0,0,60,0,53.8,Medium
SEG103766,23.02819041018976,72.57729120840305,10,6.621025151153345,4,3.5334007319765726,1,2,30,0,46.8,Medium
SEG103767,23.018534264037672,72.55453551640106,8,3.772849831975811,1,6.537165095580695,0,3,50,0,39.6,High
SEG103768,23.036412728254735,72.59355361139681,8,3.364568384998922,2,8.262505625786927,0,1,40,0,53.9,Medium
SEG103769,23.03468555892727,72.57494214354693,5,3.5153867297293893,0,9.431917804288561,0,0,50,1,70.1,Low
SEG103770,23.051692964907517,72.53339397208035,14,9.511764854896684,1,6.325703649591,1,2,60,1,80.0,Low
SEG103771,23.05286932842116,72.53602080756824,20,3.9524510314432284,0,4.626742325621988,0,1,50,1,62.0,Medium
SEG103772,23.037437607661598,72.53573092695007,5,6.061323963379256,1,0.6063639201793691,0,0,30,1,47.5,Medium
SEG103773,23.04497987599843,72.59192044689297,17,5.228431871665386,0,2.7564764684121745,1,0,40,0,63.0,Medium
SEG103774,23.043583380518434,72.57446335017914,13,8.762218159944922,3,9.231118058218843,1,1,40,0,70.9,Low
SEG103775,23.027021694298494,72.55779439047379,18,3.691168007794791,3,5.828965430802117,0,1,30,0,49.0,Medium
SEG103776,23.03874520584184,72.5430313748422,18,4.341444443561705,2,3.426772883168314,0,3,40,1,42.2,High
SEG103777,23.004304245422595,72.58678658351833,0,8.427942887822104,1,2.488168733383115,1,2,50,1,51.0,Medium
SEG103778,23.041691159573265,72.54310113529864,0,1.6095761402990583,1,1.1365702768765606,0,0,50,1,40.2,High
SEG103779,23.05290081539558,72.57593414907093,21,5.942945478753,7,7.516049785125594,1,1,20,0,39.3,High
SEG103780,23.004673611421914,72.57961608350044,3,3.9990820764380395,4,4.123761365383087,0,1,50,0,12.3,High
SEG103781,23.04598636815255,72.5491526457756,13,9.857915589252276,4,9.365493653756094,1,0,30,1,87.7,Low
SEG103782,23.05131390146571,72.56281945791609,18,7.213841168006198,2,4.543917111956551,1,1,30,1,75.9,Low
SEG103783,23.012440388939112,72.5444943033507,12,0.10556262806128203,1,8.183765635964551,1,1,40,0,57.3,Medium
SEG103784,23.028864615318508,72.55463042773461,0,8.394739004466437,1,1.302376232438106,0,2,40,1,50.5,Medium
SEG103785,23.051032202400464,72.5927337358882,0,7.031796561813116,4,1.5090762727671447,1,1,40,1,40.6,High
SEG103786,23.052812430248764,72.57505397225253,16,5.6096091558264325,2,2.7321191474212823,0,0,60,1,56.5,Medium
SEG103787,23.007033531139378,72.58502992340239,21,2.361284758843171,3,1.9123465943193996,0,2,30,0,18.6,High
SEG103788,23.01919523240555,72.56513897214533,8,1.4931665040769027,2,9.767405872568807,0,0,40,1,64.9,Medium
SEG103789,23.038397955263296,72.54553758323983,13,6.28399562858418,1,8.081417506561264,0,5,30,1,50.7,Medium
SEG103790,23.012185717466227,72.57633719068336,22,4.399402728137639,1,3.484122433939153,1,2,20,1,55.8,Medium
SEG103791,23.017862384574897,72.56253691745138,19,8.616203122311298,4,5.198231571720876,1,1,30,1,75.9,Low
SEG103792,23.001281008300257,72.54149517642696,12,2.6237357027767128,3,5.33248116768228,1,0,50,0,49.4,Medium
SEG103793,23.008443692451216,72.55680794282519,15,6.375199808462489,5,6.072090549966979,0,2,40,1,40.1,High
SEG103794,23.030928122192975,72.57126461423606,23,2.488430366590176,1,1.0361674783288244,1,0,40,0,34.5,High
SEG103795,23.03591995364673,72.57779657068434,19,6.363170790932884,2,3.489801650180715,0,1,40,0,56.3,Medium
SEG103796,23.03569015071027,72.54580935173287,9,0.4834464221571333,1,0.8592979946337098,1,1,30,1,51.3,Medium
SEG103797,23.042809825892803,72.5869398270577,16,3.9170742681438453,2,9.190652186702755,1,2,30,1,69.0,Medium
SEG103798,23.022840477755633,72.55467082195986,7,1.7268561586575137,3,4.034538736100931,1,1,40,0,45.5,Medium
SEG103799,23.015041989393264,72.54762388666303,22,6.059339962234746,2,7.270170442447711,1,0,50,0,56.3,Medium
SEG103800,23.000856938502338,72.54268280360449,2,3.167280531777318,5,9.208264095042292,1,2,50,0,20.3,High
SEG103801,23.01136464043288,72.5822711367362,5,7.715326176767493,1,3.0943732607541294,0,0,30,1,60.0,Medium
SEG103802,23.01718132967111,72.5530206973728,8,1.1459436043001825,1,0.8784919541067826,1,3,40,1,45.6,Medium
SEG103803,23.009801377106424,72.56142093681271,4,5.562130669192423,1,3.3621624490630797,1,1,40,0,51.4,Medium
SEG103804,23.001107945932315,72.54448328853165,14,5.936778629416548,1,6.709875423025903,0,0,50,1,75.2,Low
SEG103805,23.008659618476585,72.57459591962598,17,0.22104099720065995,2,4.997974665026429,0,2,30,0,40.2,High
SEG103806,23.036635475446218,72.5807671714909,21,0.3598571085049862,1,0.749535678324138,1,1,30,1,31.5,High
SEG103807,23.034627197905994,72.55206264118196,12,3.0824017232801837,4,0.7019623675586573,0,3,60,1,20.4,High
SEG103808,23.051462600166893,72.59143016004914,14,6.090754394119121,4,6.995616051579987,1,3,30,0,51.7,Medium
SEG103809,23.04389925602685,72.53198968962141,14,9.626299951622064,2,7.365453390240076,0,3,80,0,48.9,Medium
SEG103810,23.031226586426264,72.53864130171281,0,0.9078350998866302,4,1.0950778094383895,1,3,40,1,13.5,High
SEG103811,23.007565599112127,72.56827115705143,17,7.031627732108056,3,7.9471789233314585,0,2,40,1,67.6,Medium
SEG103812,23.031023950040883,72.57559144603314,0,6.9271612212277685,1,3.4555912071574424,1,1,30,1,59.4,Medium
SEG103813,23.00338772835028,72.5462943943181,13,6.694742435034769,2,0.6820913813738372,0,0,60,1,47.0,Medium
SEG103814,23.023698669357596,72.56601462129794,23,5.161473415322018,1,3.338610391220641,0,1,30,1,50.7,Medium
SEG103815,23.021464224592094,72.55069510605779,18,9.668259506101437,2,7.304751087964345,1,0,40,1,85.8,Low
SEG103816,23.02352975951496,72.5660158009654,12,5.017751384886814,1,6.55778239082237,1,3,20,0,61.4,Medium
SEG103817,23.015390425511715,72.57285629905468,7,8.382970791992078,1,4.81470877398454,0,1,20,1,72.5,Low
SEG103818,23.03772067461931,72.59323252348199,20,2.6252060287466383,4,2.7965267997589374,1,0,50,1,47.3,Medium
SEG103819,23.04625194570143,72.55962029590138,20,8.063084993068552,0,4.179311826774307,0,0,30,0,83.5,Low
SEG103820,23.042268434592945,72.57213404261763,8,9.965457339389333,1,3.8161068052287836,0,1,40,0,70.2,Low
SEG103821,23.034526365268498,72.5675725511148,2,9.1008598777376,0,3.900227241533182,0,0,50,0,55.6,Medium
SEG103822,23.029608963963316,72.55064106810269,13,3.040717187519454,1,4.896929504139262,1,2,40,0,54.3,Medium
SEG103823,23.001709629900443,72.54644916856036,15,8.461574758483994,3,4.552838376813307,0,2,50,1,56.0,Medium
SEG103824,23.039761369928055,72.59421159691341,22,0.952571230287198,2,1.0246890571915235,0,2,30,1,23.2,High
SEG103825,23.029974061676818,72.5434454035106,21,6.777075596130526,1,2.901695661811572,1,1,50,0,55.6,Medium
SEG103826,23.014890757786514,72.58136789235982,5,3.4214623298668654,3,1.2910929588504871,0,0,30,1,34.0,High
SEG103827,23.01803131213694,72.53952818041635,6,6.58670089595598,0,6.020962145868376,0,1,40,1,73.1,Low
SEG103828,23.051458373255837,72.58228283250848,23,4.122490075794653,2,4.228150170999072,0,2,60,0,22.5,High
SEG103829,23.034339923481447,72.54207234879432,7,0.0903314982532244,1,6.719257079368965,1,1,50,0,52.0,Medium
SEG103830,23.026175183906165,72.59286518186104,11,2.3127655404795098,2,0.8760320183835335,1,1,20,0,47.2,Medium
SEG103831,23.034150695683962,72.57458919767734,7,0.42386232858316,5,3.449090727761731,0,0,30,0,29.1,High
SEG103832,23.02275582787421,72.53585768583893,9,4.272699227998514,4,1.8035173700024165,1,2,60,0,35.5,High
SEG103833,23.025860025026166,72.57505651276483,13,8.40071286728183,4,0.9208771451295794,0,0,60,0,42.0,High
SEG103834,23.01596700911892,72.5692353495808,7,7.379967589750783,4,7.7344677910544615,1,1,40,1,69.3,Medium
SEG103835,23.024191931532542,72.55194050603511,9,7.889121862440657,1,1.3093662133056683,1,1,20,1,76.6,Low
SEG103836,23.037707572784086,72.54694783985418,8,8.071996488047292,0,1.749149180732571,0,0,40,1,72.4,Low
SEG103837,23.002196805879755,72.57671945081363,2,3.719397880434755,1,3.66777698711691,1,0,80,1,40.9,High
SEG103838,23.04372650740129,72.57818848924174,18,5.060257294933985,3,2.9276279010840556,1,0,20,1,56.6,Medium
SEG103839,23.01556387474737,72.55126838018191,21,5.08451170085401,3,9.198186883778417,1,2,50,1,50.8,Medium
SEG103840,23.037540788638786,72.58695476220457,11,1.1320851693607237,2,9.88646434951084,0,0,40,1,71.6,Low
SEG103841,23.0353498923074,72.54747376922775,4,5.9814212212827425,2,4.224007013793546,0,0,50,1,48.2,Medium
SEG103842,23.03589454270277,72.53454118768836,15,7.201797790003354,1,2.0113483407963106,1,2,20,0,64.8,Medium
SEG103843,23.03344709039407,72.56899140991379,12,6.109678191132942,1,4.981116862928298,0,3,20,1,47.2,Medium
SEG103844,23.052750601093823,72.53695958723405,13,7.459659347095227,0,4.956686037358608,0,0,30,0,79.2,Low
SEG103845,23.027958928948248,72.54798316417732,14,1.1889126812485673,4,4.660386394484531,1,0,60,0,34.4,High
SEG103846,23.040277551353345,72.56296711554815,17,7.614089463341772,4,0.20336228853204963,1,1,50,0,43.8,High
SEG103847,23.0387997132179,72.54861337545323,0,2.0814010336847644,6,1.2837695446753306,1,1,40,0,13.0,High
SEG103848,23.01299471675031,72.5439747622573,2,8.768268228395328,8,1.410085887203717,1,1,80,0,7.6,High
SEG103849,23.015581821155276,72.57570705196886,2,2.449313123507956,5,3.5176110157050413,0,1,30,1,39.8,High
SEG103850,23.023320940398634,72.56555495719115,3,4.919923836904402,5,5.807878688978056,0,2,60,1,22.0,High
SEG103851,23.015273386175476,72.58458448113626,23,4.872662966566343,1,8.778435272720355,1,0,20,1,77.5,Low
SEG103852,23.02017087044115,72.56778057365261,17,2.688503203920135,5,2.2335618760704348,0,1,30,0,36.4,High
SEG103853,23.021502833766057,72.56142406876529,15,3.617095844195944,1,7.712000578102077,0,1,40,0,61.3,Medium
SEG103854,23.03321255085161,72.5469816628547,16,1.8559674907559198,1,2.262078593622927,0,2,80,1,27.9,High
SEG103855,23.01209395235043,72.58148428188093,0,5.7010069745854945,2,0.3261670129689753,1,1,50,1,42.8,High
SEG103856,23.04423605262322,72.54279661555668,5,9.130280253334801,3,6.498583319091581,1,1,20,0,53.5,Medium
SEG103857,23.024064499622433,72.54574484671326,19,3.166075723616504,4,2.1463293077792445,0,3,80,0,12.1,High
SEG103858,23.038843426142577,72.58470325878895,11,5.0806260977145765,2,9.19655008340584,1,0,50,0,80.9,Low
SEG103859,23.004479336468243,72.5781775141724,12,8.618806119086495,2,9.334194137990794,0,2,50,1,64.3,Medium
SEG103860,23.02584809667684,72.56983677678367,18,4.524990469454725,2,1.0503178801223467,1,2,40,0,39.8,High
SEG103861,23.001552074269753,72.53252983450113,1,8.312603284579195,0,1.9471868012562754,0,2,30,1,64.5,Medium
SEG103862,23.037175049549855,72.53827174518851,19,4.4639066516986965,1,2.1041360882134663,1,0,20,1,69.6,Medium
SEG103863,23.018904054234838,72.5624972349122,16,4.402424667108733,6,9.114385061704688,1,1,40,0,44.3,High
SEG103864,23.05220890477582,72.57851203002639,9,1.57239962179342,0,0.7802380552595789,1,2,30,1,52.4,Medium
SEG103865,23.017826831803077,72.56016655617246,11,1.24978824426614,1,7.511680373897952,1,1,40,1,60.9,Medium
SEG103866,23.031009324390975,72.53112404658697,1,6.114967442944877,3,2.877046269885599,0,3,40,1,16.1,High
SEG103867,23.014156316663204,72.54197754991334,4,8.273335246787205,2,5.824345614041,1,0,40,1,62.8,Medium
SEG103868,23.034106194592102,72.56826983547532,5,1.3540648685019363,5,1.772820579041705,0,1,50,0,18.2,High
SEG103869,23.025687329257327,72.57512410887972,21,9.100939461069878,1,8.065296576573331,1,1,40,0,72.7,Low
SEG103870,23.020384554382808,72.53217284032627,2,3.5887980186433643,2,6.707719409064725,1,1,40,1,59.3,Medium
SEG103871,23.01120291419941,72.53281656397493,6,4.252572065208218,4,0.21146737883997235,0,0,20,0,36.1,High
SEG103872,23.00613367391843,72.54698515750466,3,8.94453402018129,4,2.3713255426886404,1,2,30,1,45.8,Medium
SEG103873,23.006593352367616,72.53542761020013,6,8.962964503214064,1,4.663502630004729,0,2,20,1,71.8,Low
SEG103874,23.054947200962804,72.56522650509257,0,5.248588769115719,3,5.311754517496307,0,1,30,0,37.7,High
SEG103875,23.022677089977147,72.53804062882719,6,2.7676494445334088,0,8.272714796682578,1,0,40,0,75.6,Low
SEG103876,23.000106133933034,72.57213425676859,17,1.7193947233817586,1,3.869645730756247,1,0,40,1,56.6,Medium
SEG103877,23.05241108348443,72.58051964575499,18,2.7158004743054653,8,9.268444063068337,0,1,60,0,31.1,High
SEG103878,23.00109889583264,72.59308358314388,9,7.806273976251249,1,1.9388540129967269,1,0,20,0,77.5,Low
SEG103879,23.0230222369055,72.59164645250645,16,3.2459080221364953,4,8.577129827876892,0,0,30,0,53.7,Medium
SEG103880,23.039461267228386,72.5477687347653,14,6.945614610330086,3,9.042995300255143,1,1,50,0,68.4,Medium
SEG103881,23.050302958440447,72.5319116241705,21,1.9520082227959712,2,6.266869668693824,0,1,20,0,37.6,High
SEG103882,23.039208746028766,72.55141179404727,19,4.785036326888996,3,9.675238085125816,1,2,50,0,48.5,Medium
SEG103883,23.0254994165195,72.57605120771632,5,3.521062160588222,4,4.105872962828259,0,2,50,1,18.6,High
SEG103884,23.053594312144124,72.53388707860272,14,5.036123233202306,1,6.9928316343344,1,2,40,1,67.1,Medium
SEG103885,23.00216256606683,72.55338132274865,18,5.699452909201765,4,0.10097679588481512,0,2,30,1,35.6,High
SEG103886,23.05427907113959,72.54937224559055,7,9.909349646344452,2,2.7468045426109544,0,1,20,0,70.5,Low
SEG103887,23.046716535343965,72.54425746632823,13,8.998950471892023,0,5.663690063289538,1,1,80,1,81.8,Low
SEG103888,23.05109115094195,72.57589849905747,9,6.958664775241907,3,8.759337610379166,1,2,60,0,56.8,Medium
SEG103889,23.014012483325363,72.57284130532659,7,1.537434705304187,3,9.529256725411923,1,2,50,0,42.3,High
SEG103890,23.007835193975634,72.56480711611223,4,9.190285563392184,2,5.794333724588606,0,1,30,0,61.6,Medium
SEG103891,23.0364823403655,72.58920035157931,0,8.925860707079996,3,8.558705332582608,0,0,40,1,68.1,Medium
SEG103892,23.028372269089235,72.53670402542747,17,8.867034300742388,3,7.992324090795168,0,1,50,1,67.1,Medium
SEG103893,23.028774237840942,72.53972979959109,19,4.790168643530559,6,7.736739890950625,0,1,20,0,39.2,High
SEG103894,23.050854054816575,72.55492422914926,15,1.7070671106105684,1,1.1145869430160837,0,0,80,0,33.7,High
SEG103895,23.03410444986593,72.57263233337109,5,7.544032149689216,2,4.786389948397074,1,1,80,0,48.6,Medium
SEG103896,23.017108510930754,72.56796515399596,0,3.885150389904235,2,4.862594730010095,1,1,30,1,59.3,Medium
SEG103897,23.022003660602984,72.53481277468542,15,3.4456828969223494,1,7.874582336376977,1,2,30,1,66.1,Medium
SEG103898,23.007342270930053,72.59229761224351,4,3.9078201255927736,0,5.861075123888821,1,1,30,1,58.0,Medium
SEG103899,23.010577272215162,72.54982921307,13,5.590705574658124,1,8.19852699971226,1,3,40,0,72.6,Low
SEG103900,23.007884253861526,72.5533332198959,23,3.33518830744159,6,9.564505796207275,0,0,40,1,37.2,High
SEG103901,23.044566023766624,72.57053593693782,0,6.8992061099811846,0,5.5466385396390825,0,1,50,0,51.4,Medium
SEG103902,23.038768040738468,72.59143575863489,13,6.477237957436626,0,7.917110337948089,1,0,40,0,82.8,Low
SEG103903,23.029168975968595,72.57307473554171,23,5.088626138269003,2,5.6055998642163605,1,0,30,1,59.3,Medium
SEG103904,23.020590230849518,72.5920602664206,8,0.5397323168549528,1,6.257026805036173,1,0,30,1,72.2,Low
SEG103905,23.03676718596784,72.54219342272333,19,9.365426823711724,2,4.76006327210621,1,0,40,0,69.2,Medium
SEG103906,23.044709794123268,72.57022264538324,19,4.116962831203902,4,9.595953637686694,1,0,40,1,71.4,Low
SEG103907,23.048467826861945,72.58387712797196,11,4.494531942858872,6,8.175773082529524,0,2,60,1,36.4,High
SEG103908,23.030085892551348,72.56308659043657,7,4.5603251224316566,0,7.51941382025116,0,0,20,0,73.4,Low
SEG103909,23.045093681700084,72.55354128892891,16,3.650279582384691,3,3.295833252293262,1,0,50,1,54.0,Medium
SEG103910,23.028121827437698,72.59400930445207,14,6.745879106180097,1,4.854149907555918,0,2,30,0,58.2,Medium
SEG103911,23.026099154905335,72.53916417712578,11,0.13917695823849274,2,8.62908974726518,0,0,50,0,50.8,Medium
SEG103912,23.047598752059216,72.55671041928936,4,8.735083293106788,1,9.36383237105957,1,0,30,0,78.0,Low
SEG103913,23.021250566494558,72.58676929391645,17,1.0243902526956028,6,9.97550010454846,1,1,30,1,47.2,Medium
SEG103914,23.02177519734724,72.58853124852288,5,9.997136751048174,2,7.34429239965416,0,1,40,1,62.8,Medium
SEG103915,23.01677012399067,72.59372483660138,3,6.28082629176721,1,7.308385523689241,1,0,50,0,75.3,Low
SEG103916,23.028528595056205,72.58751509349719,1,0.6624647410468398,0,0.9387535058789742,1,2,30,0,36.1,High
SEG103917,23.02996675185292,72.53331220665018,10,5.6243705942684095,2,7.515408327341727,0,1,30,1,70.3,Low
SEG103918,23.036325362992073,72.59043482247579,2,3.313077924656147,3,3.467413145506387,1,0,40,1,42.8,High
SEG103919,23.023677627056028,72.55783086744144,8,9.530432231262337,6,8.646235357988866,0,0,50,0,64.7,Medium
SEG103920,23.0119810510536,72.57235524718467,5,7.554710047818848,3,0.11250779098934793,0,0,20,0,44.9,High
SEG103921,23.047676313432763,72.55562793149586,11,5.070146686484364,3,9.34385641909028,0,0,20,1,73.9,Low
SEG103922,23.01903004769809,72.58288842497988,18,4.297773995074746,2,4.838808404408427,0,2,50,0,40.9,High
SEG103923,23.05076188809121,72.56743475296098,10,9.958688657895364,7,1.2795575515371527,1,0,30,1,57.6,Medium
SEG103924,23.011404433316454,72.58496040176601,13,6.6738408496076085,2,6.009985838637975,0,1,30,0,71.2,Low
SEG103925,23.030803161192992,72.54259514564885,3,5.139297423912409,1,6.920358537778812,1,1,30,0,59.0,Medium
SEG103926,23.02951383014412,72.54202390115907,2,3.9794411742029534,1,7.797983167435651,1,1,40,0,53.8,Medium
SEG103927,23.045575631635984,72.55862449210301,23,3.245828574405618,2,7.018475227609069,0,1,80,0,33.2,High
SEG103928,23.007636826271295,72.53030885042256,14,7.054194238016294,4,5.533752941362293,0,0,50,1,60.6,Medium
SEG103929,23.05004654451046,72.57503544206826,0,5.878855149060272,2,0.8194402526686617,1,0,50,1,46.7,Medium
SEG103930,23.029228549469465,72.54924349230753,13,8.481848353039325,3,8.628983754342697,1,2,40,0,64.2,Medium
SEG103931,23.03223601611529,72.56622445750394,0,5.535607233033744,2,9.834044943568957,0,0,30,1,70.2,Low
SEG103932,23.028059146131376,72.53455023142996,1,5.823313901318105,3,7.780069860682399,1,0,80,1,60.1,Medium
SEG103933,23.001981369875995,72.54109188335988,8,4.773564948431805,3,0.3474217541977298,0,1,20,0,53.4,Medium
SEG103934,23.02733998639936,72.57048584605143,15,7.626209462910666,1,7.556978754244337,1,2,50,0,72.3,Low
SEG103935,23.014495231447235,72.54986807076222,14,4.149921760985182,3,2.6964103688609176,0,1,30,1,49.0,Medium
SEG103936,23.018847849920782,72.54395692626807,18,8.51939604729915,2,9.621001848262907,1,2,40,1,84.2,Low
SEG103937,23.035700587955294,72.5448750225525,4,3.2704476115479997,6,0.6350756001430813,1,1,80,0,2.2,High
SEG103938,23.027373342121077,72.54396325870715,4,6.926250463809654,4,0.9225839282971338,1,0,60,1,45.0,Medium
SEG103939,23.00512700169671,72.57048531171299,12,8.929708990996522,1,1.8137033737434483,1,0,60,1,80.5,Low
SEG103940,23.0040172701119,72.54089992894052,20,7.6907386369612105,3,7.531581109511633,1,1,50,1,76.8,Low
SEG103941,23.010211173258956,72.55357591334669,17,3.426081425159513,1,6.514049622081317,1,3,40,1,64.9,Medium
SEG103942,23.01049868306147,72.57471264626358,16,7.063390029507729,2,7.27236705498378,1,3,30,0,58.7,Medium
SEG103943,23.033456541633424,72.5633886187276,2,2.069848146099736,3,3.5388424414210373,1,2,40,1,28.0,High
SEG103944,23.009779795522505,72.56882325660041,21,0.5816507945180938,3,8.795757568449547,1,0,30,0,44.5,High
SEG103945,23.048494568280113,72.54630895366515,23,7.913817396448508,4,4.462560762160065,0,0,40,1,45.0,Medium
SEG103946,23.011536836333736,72.59062646675574,13,8.080091152316655,2,1.341144420508762,0,4,30,1,47.9,Medium
SEG103947,23.00501222949845,72.55690215114056,8,0.22930938915597499,2,7.674740373334277,0,1,60,0,44.4,High
SEG103948,23.04816603089978,72.5486526558798,15,9.477950138699736,2,5.295383772148875,1,1,50,0,74.4,Low
SEG103949,23.01624301668422,72.5887812019638,15,4.458998269051691,1,5.934110104971742,1,0,20,0,74.7,Low
SEG103950,23.023398244640855,72.57259382499218,22,9.052721474353891,3,3.851208122579346,0,3,50,0,38.7,High
SEG103951,23.052746451120683,72.569906481104,2,7.881745256449069,4,7.107195401195431,0,0,50,0,52.2,Medium
SEG103952,23.051940307053677,72.5876377523908,12,9.006535278087123,4,0.3556795421892667,1,2,60,0,39.8,High
SEG103953,23.03932042890957,72.53380511860765,17,8.333756331170687,3,4.911757657342978,1,0,30,1,62.6,Medium
SEG103954,23.00379164234529,72.58444916828049,8,9.739953695868241,3,4.271585769686582,0,1,40,0,60.0,Medium
SEG103955,23.032633706897627,72.57406118367983,20,6.2910100127578685,2,7.46478031646085,0,1,30,0,65.0,Medium
SEG103956,23.054399286427323,72.5533995316607,1,2.272588470525021,1,2.658692094884929,0,1,60,1,33.9,High
SEG103957,23.05208039256332,72.54666283726405,2,3.895631307329875,1,2.3371143188602184,0,0,60,0,37.4,High
SEG103958,23.005830137088598,72.5368123834923,18,7.5187924861908115,2,3.1983227059134256,1,2,20,0,58.9,Medium
SEG103959,23.02177820166997,72.59116982106603,3,1.5696927880306155,3,4.805435906096536,0,2,30,0,18.5,High
SEG103960,23.017354521024657,72.53922428671642,10,9.298423361790197,1,2.098773989437428,0,1,20,0,63.3,Medium
SEG103961,23.00713504587977,72.54686350482251,6,2.0527891362893147,4,6.842070135584446,0,1,30,0,43.9,High
SEG103962,23.03821390711868,72.57492196667201,16,8.759747381796103,2,3.3161126033072055,0,2,20,0,65.0,Medium
SEG103963,23.015061660039812,72.57615990846259,0,4.837239448385878,0,4.215272065498546,1,1,50,1,51.0,Medium
SEG103964,23.018967619171892,72.54044996579917,8,8.406201483713408,3,5.575934270864206,1,0,40,0,71.7,Low
SEG103965,23.004969738218577,72.58291852544977,23,9.58295697477779,0,3.768753343162067,0,4,40,1,54.0,Medium
SEG103966,23.027388215732827,72.56316867249646,8,4.221474520757248,2,7.0122706886479325,0,3,50,0,41.6,High
SEG103967,23.008699232500863,72.58514968407748,14,6.966045409179036,2,6.561951981172588,1,0,50,0,75.9,Low
SEG103968,23.02376497329687,72.53567355034009,23,2.2671760340935174,3,7.568348854931525,1,1,30,1,52.8,Medium
SEG103969,23.007883822215682,72.53278394994109,14,8.007857166785385,0,5.230045777824729,0,1,50,0,72.0,Low
SEG103970,23.05246174394726,72.57140437479713,18,8.199256492831074,2,3.674218545507728,0,1,40,1,62.7,Medium
SEG103971,23.00797403932584,72.53975154681214,23,2.9524570403279604,0,2.0112771105284377,1,4,30,0,35.9,High
SEG103972,23.028703793461784,72.56412168797266,14,0.24140762470689858,2,4.36886112565931,0,0,20,0,46.0,Medium
SEG103973,23.010833890392544,72.53091706935349,19,4.3120525177982465,4,8.730146783529793,1,1,50,1,58.3,Medium
SEG103974,23.004199899190994,72.58069540193563,12,1.70000534245212,2,1.2102609881243853,0,0,30,0,45.3,Medium
SEG103975,23.011126974036316,72.5884694610616,19,8.18551080268873,3,2.1540175606290934,0,1,20,1,59.8,Medium
SEG103976,23.003012575906475,72.58452737952767,15,2.6109727801715623,0,6.652458086548235,1,2,40,1,63.3,Medium
SEG103977,23.007666856071655,72.59229293285478,8,9.436927925465271,1,5.74951696501963,0,1,60,0,67.1,Medium
SEG103978,23.027141628676976,72.58870122405283,13,9.718089610768892,3,9.161855261615514,1,1,50,1,80.4,Low
SEG103979,23.035849853658167,72.55886117118888,8,9.088359240704614,2,0.2903327145540313,0,1,50,0,54.4,Medium
SEG103980,23.004803689828947,72.55589263354884,9,5.996144777061742,3,8.785162863972618,1,0,30,1,69.0,Medium
SEG103981,23.024256024314735,72.58825193841815,7,2.674280039859159,2,7.254899192277945,1,1,60,1,58.0,Medium
SEG103982,23.031968586256934,72.59025102169822,11,8.072584148330359,1,7.755166871290418,1,1,40,0,70.5,Low
SEG103983,23.01288241219161,72.59323433664068,8,7.015953812080143,2,3.786670792635153,0,0,80,1,57.3,Medium
SEG103984,23.020464312633383,72.57994062026478,15,9.771683470502623,1,3.073252235155529,0,2,40,0,64.3,Medium
SEG103985,23.003950917835347,72.54312927394619,8,3.7725200731623842,5,0.1437783398440884,0,1,40,1,29.0,High
SEG103986,23.01210720941282,72.5914220188472,11,0.5876799916772013,4,7.874051644805554,1,1,60,0,43.1,High
SEG103987,23.02567141092554,72.59156419534305,3,9.983863288389463,2,1.615532153864534,1,0,60,0,58.2,Medium
SEG103988,23.054474319840892,72.57329853865434,9,8.382636394388754,3,2.2612917493944718,0,1,20,0,46.3,Medium
SEG103989,23.054794578461653,72.58572321731272,8,2.214896882985491,3,2.7656144744680535,1,0,30,1,60.2,Medium
SEG103990,23.053879192461835,72.56647646737565,23,7.256278658996539,0,8.696743240191282,0,1,40,1,71.7,Low
SEG103991,23.023269751246517,72.59136825145175,10,0.006901750647781979,1,2.8790039715512217,0,4,20,1,28.0,High
SEG103992,23.004437420812806,72.53610586577848,0,5.578090578835805,4,4.256832333809079,1,1,30,0,38.3,High
SEG103993,23.017796539048714,72.58615764027151,7,3.6283824100162843,3,7.473445232523489,0,3,30,0,30.9,High
SEG103994,23.013074290645402,72.53360773588741,17,3.813330412376269,0,8.922710007733372,1,1,40,1,79.7,Low
SEG103995,23.00077696162004,72.55204195839417,3,2.445198061720758,3,7.911825270571454,1,1,40,0,45.0,Medium
SEG103996,23.005237848565862,72.53879616677,3,2.7484521563334408,1,5.354138668561839,0,1,30,1,43.6,High
SEG103997,23.0249255564277,72.56114378101009,8,4.5466866385615115,4,0.021791983273001803,0,4,40,0,11.2,High
SEG103998,23.018681435509237,72.54509600026951,8,2.4814503547777553,1,1.5784227968384978,0,2,30,1,45.1,Medium
SEG103999,23.009919454689896,72.5918847046567,11,4.664399468694379,2,2.536027692075433,1,0,80,1,61.5,Medium
